onset	duration	nwb_table	target_presentation_time	go_cue_time	reaction_time	move_begins_time	move_ends_time	discard_trial	task_success	trial_type	trial_version	proto_trial	maze_condition	correct_reach	maze_num_targets	maze_num_barriers	novel_maze	hit_target_position	target_size
5.416533333333334	3.909866666666666	trials	6.422533333333334	7.120533333333333	0.435	7.523533333333334	7.893533333333334	0	1	37	0	0	100	1	1	0	0	[119  80]	13
15.9419	4.520433333333333	trials	17.0949	17.7089	0.465	18.1289	18.7139	0	1	34	2	0	93	1	3	9	0	[122 -81]	13
22.651766666666667	4.524766666666668	trials	23.764766666666667	24.728766666666665	0.435	25.128766666666667	25.728766666666665	0	1	0	2	0	0	0	1	2	1	[-87 -71]	13
36.711866666666666	4.495400000000004	trials	37.504866666666665	38.452866666666665	0.425	38.84386666666666	39.57886666666666	0	1	25	2	0	57	1	3	8	0	[  8 102]	13
47.73173333333334	5.094633333333334	trials	48.70973333333334	49.65773333333334	0.35	50.99873333333334	51.43873333333334	0	1	1	0	0	0	0	1	7	0	[-144  -52]	13
53.5116	4.435700000000004	trials	54.6126	55.4266	0.465	55.8586	56.2836	0	1	39	2	0	108	1	3	9	0	[-90 -82]	13
63.386700000000005	3.6746333333333325	trials	64.21770000000001	64.9487	0.395	65.31370000000001	65.7037	0	1	18	0	0	43	1	1	0	0	[114 -86]	13
69.09686666666667	4.399766666666665	trials	70.18686666666667	70.88486666666667	0.58	71.42386666666667	71.92886666666666	0	1	16	2	0	39	1	3	9	0	[-108   82]	13
84.3267	3.2853999999999957	trials	85.4777	86.0087	0.49	86.4537		0	0	26	1	0	59	0	1	8	0	[-115   70]	13
88.7767	3.895466666666664	trials	89.6627	90.1277	0.425	90.5087	91.04870000000001	0	1	13	1	1	29	1	1	9	0	[-117   88]	13
93.38146666666667	4.389866666666663	trials	94.14846666666666	94.76246666666667	0.4	95.93346666666667	96.38846666666667	0	1	5	0	0	0	0	1	8	0	[-115 -100]	13
106.12166666666667	3.134666666666675	trials	107.12166666666667	107.78566666666667	0.45	108.19366666666667		0	0	27	0	0	61	0	1	0	0	[115 -80]	13
110.24680000000001	4.394800000000004	trials	111.22380000000001	112.0048	0.42	112.3888	113.0738	0	1	35	2	0	96	1	3	9	0	[123   9]	13
122.38180000000001	3.9647666666666623	trials	123.36280000000001	123.89380000000001	0.395	124.24380000000001	124.70380000000002	0	1	36	2	0	99	1	3	9	0	[-115   77]	13
127.37156666666667	4.110000000000014	trials	128.21456666666666	129.16256666666666	0.34	129.47356666666667	129.94356666666667	0	1	28	2	0	66	1	3	9	0	[110  79]	13
135.89666666666668	4.470466666666653	trials	136.93566666666666	137.63366666666667	0.575	138.1786666666667	138.74366666666668	0	1	34	1	0	92	1	1	9	0	[122 -81]	13
141.37643333333335	3.954999999999984	trials	142.40543333333335	142.95243333333335	0.45	143.35843333333335	143.83843333333334	0	1	7	1	0	14	1	1	8	0	[136  87]	13
151.9466666666667	3.129599999999982	trials	152.74366666666668	152.95766666666668	0.36	153.27366666666668	153.6986666666667	0	1	32	0	0	85	1	1	0	0	[-117  -86]	13
155.7614	4.019833333333338	trials	156.91240000000002	157.62640000000002	0.375	157.9634	158.3984	0	1	39	0	0	106	1	1	0	0	[-90 -82]	13
160.6364	3.949833333333345	trials	161.5474	162.4614	0.35	162.7834	163.2184	0	1	14	0	0	31	1	1	0	0	[141   6]	13
171.40663333333333	3.199633333333338	trials	172.51963333333333	173.33363333333332	0.435	173.72863333333333		0	0	28	0	0	64	0	1	0	0	[110  79]	13
176.21153333333334	3.800600000000003	trials	176.98853333333332	177.48553333333334	0.465	177.90853333333334	178.40353333333334	0	1	27	2	0	63	1	3	8	0	[115 -80]	13
183.41663333333335	3.8696333333333257	trials	184.29163333333335	185.07263333333336	0.385	185.41363333333337	185.85363333333336	0	1	26	0	0	58	1	1	0	0	[-115   70]	13
187.82653333333334	4.259999999999991	trials	188.72753333333335	189.65853333333334	0.375	189.98853333333335	190.49353333333335	0	1	14	2	0	33	1	3	9	0	[141   6]	13
192.83636666666666	3.934866666666693	trials	193.59636666666665	194.52736666666667	0.39	194.88336666666666	195.33836666666667	0	1	36	0	0	97	1	1	0	0	[-115   77]	13
197.56636666666668	4.625733333333329	trials	198.63236666666668	199.4963666666667	0.415	199.8783666666667	200.4783666666667	0	1	15	1	0	35	1	1	9	0	[-113  -78]	13
208.0216	4.054766666666666	trials	209.13760000000002	209.3346	0.51	209.80360000000002	210.52360000000002	0	1	14	1	0	32	1	1	9	0	[141   6]	13
216.9566	4.014833333333343	trials	218.0086	218.58960000000002	0.435	218.99360000000001	219.45860000000002	0	1	0	11	0	0	0	1	3	1	[-4 93]	13
221.91136666666668	4.029833333333329	trials	222.8603666666667	223.7413666666667	0.395	224.10836666666668	224.49836666666667	0	1	17	0	0	40	1	1	0	0	[117  86]	13
226.70136666666667	3.574833333333345	trials	227.46236666666667	228.06036666666668	0.415	228.43836666666667	228.85836666666668	0	1	38	0	0	103	1	1	0	0	[105 -83]	13
231.96656666666667	3.9446333333333428	trials	233.03256666666667	233.74656666666667	0.415	234.12356666666668	234.49356666666665	0	1	4	0	0	7	1	1	0	0	[125 -18]	13
237.82670000000002	4.8297000000000025	trials	238.91870000000003	239.49970000000002	0.88	240.33870000000002	241.04870000000003	0	1	22	2	0	75	1	3	7	0	[126  82]	13
246.2167	4.224766666666682	trials	247.1727	247.9697	0.38	248.3187	248.7887	0	1	31	2	0	84	1	3	9	0	[-121   68]	13
251.14143333333334	4.215000000000003	trials	252.07443333333333	252.78843333333333	0.395	253.14343333333335	253.69343333333333	0	1	3	2	0	6	1	3	7	0	[-144  -52]	13
257.6365666666667	4.8145999999999844	trials	258.4275666666667	259.3425666666667	0.43	260.6235666666667	261.0085666666667	0	1	1	1	0	0	0	1	7	0	[114  91]	13
264.1816666666667	4.62973333333332	trials	265.29766666666666	266.06266666666664	0.425	266.4436666666667	267.1636666666667	0	1	6	2	0	12	1	3	8	0	[-13 111]	13
273.71153333333336	4.609633333333306	trials	274.8695333333334	275.8335333333334	0.64	276.4435333333334	276.8885333333334	0	1	7	0	0	13	1	1	0	0	[136  87]	13
278.9863	4.115033333333315	trials	279.78830000000005	280.5523	0.4	280.91330000000005	281.48830000000004	0	1	39	1	0	107	1	1	9	0	[-90 -82]	13
290.7814	4.15003333333334	trials	291.66040000000004	292.2574	0.405	292.6284	293.27840000000003	0	1	29	2	0	69	1	3	9	0	[-114   11]	13
295.6513	4.365000000000009	trials	296.47929999999997	297.44329999999997	0.375	297.7783	298.2883	0	1	31	1	0	83	1	1	9	0	[-121   68]	13
300.8063333333333	3.929966666666701	trials	301.5983333333333	302.32933333333335	0.425	302.7133333333333	303.17333333333335	0	1	36	1	0	98	1	1	9	0	[-115   77]	13
305.42626666666666	4.470000000000027	trials	306.40026666666665	307.3652666666667	0.43	307.75826666666666	308.37326666666667	0	1	2	1	0	2	1	1	7	0	[114  91]	13
311.7165	3.899600000000021	trials	312.6535	313.4515	0.385	313.7985	314.1685	0	1	34	0	0	91	1	1	0	0	[122 -81]	13
316.42626666666666	3.5248666666666963	trials	317.20626666666664	317.75326666666666	0.39	318.1082666666667	318.51826666666665	0	1	21	0	0	52	1	1	0	0	[-134  -83]	13
320.6312666666667	3.8798666666666577	trials	321.7242666666667	322.2052666666667	0.545	322.7082666666667	323.0732666666667	0	1	29	0	0	67	1	1	0	0	[-114   11]	13
332.03163333333333	4.384733333333372	trials	333.1306333333333	333.67763333333335	0.49	334.13863333333336	334.77863333333335	0	1	23	2	0	78	1	3	7	0	[-4 93]	13
341.5912666666667	3.8847999999999843	trials	342.4352666666667	343.3152666666667	0.375	343.6532666666667	344.0432666666667	0	1	19	0	0	46	1	1	0	0	[139  -7]	13
346.0963666666667	4.490033333333315	trials	347.22036666666673	347.9683666666667	0.43	348.3583666666667	348.9983666666667	0	1	7	2	0	15	1	3	8	0	[136  87]	13
351.79623333333336	3.6398333333333426	trials	352.58923333333337	353.22023333333334	0.37	353.55323333333337	353.99323333333336	0	1	20	0	0	49	1	1	0	0	[-132   83]	13
357.0214666666667	3.219666666666626	trials	358.0924666666667	358.7564666666667	0.465	359.18846666666667		0	0	11	0	0	22	0	1	0	0	[121 -76]	13
361.3015666666667	4.795500000000004	trials	362.4115666666667	363.3425666666667	0.425	363.7285666666667	364.3185666666667	0	1	21	2	0	54	1	3	9	0	[-134  -83]	13
371.2815	4.124733333333381	trials	372.1825	372.8305	0.42	373.2135	373.8385	0	1	33	1	0	89	1	1	9	0	[134 -46]	13
376.08133333333336	4.570633333333319	trials	377.0183333333334	377.7993333333334	0.43	378.1933333333334	378.91833333333335	0	1	26	2	0	60	1	3	8	0	[-115   70]	13
381.36623333333335	4.189966666666692	trials	382.40423333333337	383.01823333333334	0.465	383.44823333333335	384.04823333333337	0	1	22	1	0	74	1	1	7	0	[126  82]	13
386.2812	3.9349000000000274	trials	387.0392	387.98720000000003	0.4	388.3482	388.7232	0	1	0	1	0	0	0	1	2	1	[126  68]	13
391.0063333333334	4.530033333333336	trials	392.0253333333334	392.7393333333334	0.45	393.14833333333337	393.84333333333336	0	1	13	2	0	30	1	3	9	0	[-117   88]	13
410.7914333333334	3.6896333333332905	trials	411.68443333333335	412.23243333333335	0.455	412.6584333333334	413.0384333333334	0	1	22	0	0	73	1	1	0	0	[126  82]	13
415.4361666666667	3.859866666666676	trials	416.23716666666667	417.20116666666667	0.36	417.53316666666666	417.83316666666667	0	1	25	0	0	55	1	1	0	0	[  8 102]	13
424.35653333333335	4.300400000000025	trials	425.1915333333333	425.9225333333333	0.45	426.3285333333333	426.93353333333334	0	1	8	2	0	18	1	3	8	0	[-115 -100]	13
429.5261666666667	4.984866666666619	trials	430.4271666666667	431.1581666666667	0.605	432.63316666666674	433.0681666666667	0	1	9	0	0	0	0	1	9	0	[-136  -23]	13
435.3113	5.154899999999998	trials	436.43030000000005	437.1113	0.425	438.48830000000004	438.9583	0	1	9	2	0	0	0	3	9	0	[-136  -23]	13
442.08653333333336	5.1096	trials	443.1505333333334	444.01453333333336	0.515	445.2685333333334	445.6985333333334	0	1	1	2	0	0	0	3	7	0	[-144  -52]	13
450.7414	4.2298000000000116	trials	451.5204	452.4854	0.38	452.8284	453.3434	0	1	16	1	0	38	1	1	9	0	[-108   82]	13
455.66130000000004	4.269966666666676	trials	456.77330000000006	457.42130000000003	0.44	457.8183	458.30330000000004	0	1	37	2	0	102	1	3	9	0	[119  80]	13
460.8061666666667	3.945033333333356	trials	461.8251666666667	462.3401666666667	0.47	462.7681666666667	463.1881666666667	0	1	37	1	0	101	1	1	9	0	[119  80]	13
465.71613333333335	3.820033333333356	trials	466.5441333333333	467.0751333333333	0.39	467.42813333333334	467.98813333333334	0	1	29	1	0	68	1	1	9	0	[-114   11]	13
471.6613666666667	3.9546333333333337	trials	472.6803666666667	473.5283666666667	0.375	473.8683666666667	474.1883666666667	0	1	6	0	0	10	1	1	0	0	[-13 111]	13
476.38613333333336	3.7649000000000115	trials	477.24913333333336	477.99713333333335	0.335	478.30313333333334	478.72313333333335	0	1	3	0	0	4	1	1	0	0	[-144  -52]	13
490.52613333333335	3.714866666666694	trials	491.3061333333333	491.95413333333335	0.425	492.33813333333336	492.80813333333333	0	1	13	0	0	28	1	1	0	0	[-117   88]	13
494.8011666666667	3.2799666666666667	trials	495.6581666666667	495.7221666666667	0.385	496.0781666666667	496.5331666666667	0	1	28	1	0	65	1	1	9	0	[110  79]	13
498.9412666666667	4.070733333333294	trials	499.7272666666667	500.2752666666667	0.41	500.6532666666667	501.2432666666667	0	1	33	2	0	90	1	3	9	0	[134 -46]	13
503.6562333333334	4.045699999999954	trials	504.4292333333334	504.8102333333334	0.51	505.2782333333334	505.9082333333334	0	1	12	2	0	27	1	3	9	0	[-136  -23]	13
509.72133333333335	4.344666666666683	trials	510.86633333333333	511.83033333333333	0.395	512.1933333333334	512.6333333333333	0	1	16	0	0	37	1	1	0	0	[-108   82]	13
517.3463333333334	2.6596333333333178	trials	518.1523333333334	518.9503333333334	0.22	519.1283333333334		0	0	31	0	0	82	0	1	0	0	[-121   68]	13
521.2363333333334	4.2847666666666555	trials	522.1713333333333	523.1363333333334	0.405	523.5083333333334	523.9583333333334	0	1	11	1	0	23	1	1	9	0	[121 -76]	13
526.4411	4.095000000000027	trials	527.1901	528.0711	0.38	528.4081	529.0081	0	1	28	1	0	65	1	1	9	0	[110  79]	13
536.3063333333333	3.8946333333333314	trials	537.4123333333333	538.1103333333333	0.41	538.4883333333333	538.7883333333333	0	1	23	0	0	76	1	1	0	0	[-4 93]	13
540.8960666666667	3.5598999999999705	trials	541.6800666666667	542.2780666666666	0.385	542.6330666666667	543.0230666666666	0	1	8	0	0	16	1	1	0	0	[-115 -100]	13
545.1662	3.609866666666676	trials	546.0492	546.5472	0.4	546.9132	547.3082	0	1	0	10	0	0	0	3	0	1	[122 -81]	13
550.1710666666667	3.3799333333333834	trials	551.1350666666667	552.0500666666667	0.425	552.4380666666667		0	0	8	0	0	16	0	1	0	0	[-115 -100]	13
554.7760666666667	3.5600333333333083	trials	555.5870666666667	555.9180666666667	0.47	556.3580666666667	556.7930666666667	0	1	28	1	0	65	1	1	9	0	[110  79]	13
559.1610666666667	3.39076666666665	trials	560.2390666666666	561.0540666666667	0.37	561.3930666666666		0	0	10	1	0	20	0	1	9	0	[ -9 110]	13
566.0663000000001	4.479733333333343	trials	567.1933	568.0413000000001	0.515	568.5183000000001	569.0183000000001	0	1	23	1	0	77	1	1	7	0	[-4 93]	13
571.2712	4.605033333333381	trials	572.3952	573.3772	0.405	573.7482	574.2682	0	1	18	2	0	45	1	3	9	0	[114 -86]	13
576.6810666666667	4.559900000000084	trials	577.7810666666667	578.2960666666667	0.38	579.3630666666667	579.7980666666666	0	1	5	1	0	0	0	1	8	0	[-115 -100]	13
587.1460666666667	2.914866666666626	trials	588.0360666666667	588.8340666666667	0.39	589.1830666666667		0	0	6	0	0	10	0	1	0	0	[-13 111]	13
593.7663	3.914766666666651	trials	594.5233	595.1203	0.46	595.5483	596.1183	0	1	14	1	0	32	1	1	9	0	[141   6]	13
598.2910333333334	3.439899999999966	trials	599.1080333333334	599.6730333333334	0.365	600.0030333333334	600.2930333333334	0	1	10	0	0	19	1	1	0	0	[ -9 110]	13
602.4310333333334	4.340633333333244	trials	603.3270333333334	603.9410333333334	0.5	604.4030333333334	605.1480333333334	0	1	8	1	0	17	1	1	8	0	[-115 -100]	13
607.5160333333333	4.230033333333381	trials	608.4790333333333	609.4440333333333	0.4	609.8030333333334	610.2530333333333	0	1	0	1	0	0	0	1	2	1	[-87 -78]	13
621.2314	4.489766666666696	trials	622.3694	623.1174	0.485	623.5584	624.1384	0	1	17	2	0	42	0	3	9	0	[117  86]	13
626.3610333333334	4.650700000000029	trials	627.4720333333333	628.3860333333333	0.38	628.7330333333333	629.2930333333334	0	1	21	1	0	53	1	1	9	0	[-134  -83]	13
631.7810333333333	4.839833333333331	trials	632.7410333333333	633.6060333333334	0.395	634.7730333333333	635.1930333333333	0	1	9	1	0	0	0	1	9	0	[-136  -23]	13
638.6662333333334	3.9297000000000253	trials	639.5612333333333	640.3262333333333	0.395	640.6882333333334	641.1232333333334	0	1	0	0	0	0	0	1	2	1	[63 85]	13
643.4360333333334	4.174966666666592	trials	644.5470333333334	645.1280333333334	0.45	645.5380333333334	646.0680333333333	0	1	27	1	0	62	1	1	8	0	[115 -80]	13
648.5260000000001	4.464999999999918	trials	649.6160000000001	650.364	0.37	650.6930000000001	651.4180000000001	0	1	3	1	0	5	1	1	7	0	[-144  -52]	13
653.791	4.395633333333308	trials	654.8180000000001	655.566	0.525	656.0580000000001	656.5580000000001	0	1	27	1	0	62	1	1	8	0	[115 -80]	13
660.0312333333334	4.455433333333303	trials	661.1052333333333	661.8362333333333	0.44	662.2432333333334	662.7882333333333	0	1	30	1	0	71	1	1	9	0	[-106  -80]	13
667.9412333333333	3.8945999999999685	trials	668.8252333333334	669.5902333333333	0.415	669.9632333333334	670.4082333333333	0	1	24	0	0	79	1	1	0	0	[ 95 -89]	13
672.486	4.125	trials	673.377	674.275	0.395	674.628	675.063	0	1	28	1	0	65	1	1	9	0	[110  79]	13
677.2710000000001	4.099799999999959	trials	678.196	679.094	0.425	679.4830000000001	679.9380000000001	0	1	32	0	0	85	1	1	0	0	[-117  -86]	13
682.101	4.060033333333422	trials	683.032	683.563	0.455	683.973	684.578	0	1	35	1	0	95	1	1	9	0	[123   9]	13
688.6963333333333	4.204766666666728	trials	689.7023333333333	690.2003333333333	0.57	690.7383333333333	691.2533333333333	0	1	38	2	0	105	1	3	9	0	[105 -83]	13
693.936	3.9698333333333267	trials	695.004	695.7520000000001	0.37	696.0880000000001	696.4680000000001	0	1	35	0	0	94	1	1	0	0	[123   9]	13
698.6861	4.445699999999988	trials	699.5901	700.2711	0.455	700.6881	701.3431	0	1	15	2	0	36	1	3	9	0	[-113  -78]	13
703.8559666666667	4.719866666666576	trials	704.6919666666668	705.4899666666668	0.375	706.6929666666667	707.1429666666668	0	1	5	1	0	0	0	1	8	0	[-115 -100]	13
709.2459333333334	4.034999999999968	trials	710.2119333333334	710.7429333333333	0.45	711.1479333333334	711.7379333333333	0	1	4	1	0	8	1	1	7	0	[125 -18]	13
714.2009666666667	3.660000000000082	trials	715.2639666666666	715.3949666666666	0.445	715.8029666666666	716.2779666666667	0	1	17	1	0	41	1	1	9	0	[117  86]	13
718.6460666666667	4.65003333333334	trials	719.7160666666667	720.4480666666667	0.595	720.9980666666667	721.7280666666667	0	1	11	2	0	24	1	3	9	0	[121 -76]	13
729.3812	4.114599999999996	trials	730.3552000000001	731.2362	0.42	731.6132	732.0532000000001	0	1	31	0	0	82	1	1	0	0	[-121   68]	13
734.3259666666667	4.36496666666676	trials	735.4239666666666	735.9049666666666	0.48	736.3429666666667	737.1279666666667	0	1	6	1	0	11	1	1	8	0	[-13 111]	13
739.4111	4.319933333333324	trials	740.2601000000001	741.0411	0.45	741.4481000000001	742.1431	0	1	4	2	0	9	1	3	7	0	[125 -18]	13
744.6609666666667	3.170600000000036	trials	745.6959666666667	746.2269666666667	0.485	746.6729666666666		0	0	25	1	0	56	0	1	8	0	[  8 102]	13
758.9511666666667	3.914633333333313	trials	759.8861666666667	760.7671666666668	0.36	761.0931666666668	761.4281666666667	0	1	25	0	0	55	1	1	0	0	[  8 102]	13
764.5961666666667	3.9995999999999867	trials	765.5721666666667	766.2861666666668	0.52	766.7631666666667	767.1581666666667	0	1	28	0	0	64	1	1	0	0	[110  79]	13
773.8911333333334	3.694666666666649	trials	774.6761333333334	775.2571333333334	0.44	775.6681333333335	776.0981333333334	0	1	0	1	0	0	0	1	2	1	[137 -51]	13
778.5159	3.8098666666667214	trials	779.4449	780.0758999999999	0.445	780.4879	780.8879	0	1	26	0	0	58	1	1	0	0	[-115   70]	13
792.5661666666667	3.5996000000000095	trials	793.3851666666667	793.8661666666667	0.415	794.2531666666667	794.7231666666668	0	1	15	0	0	34	1	1	0	0	[-113  -78]	13
797.0209	3.9448666666667123	trials	798.0379	798.7519	0.42	799.1279	799.5379	0	1	27	0	0	61	1	1	0	0	[115 -80]	13
804.2212666666667	4.4997333333333245	trials	805.3582666666666	806.1222666666666	0.445	806.5282666666667	807.1532666666667	0	1	2	2	0	3	0	3	7	0	[114  91]	13
824.8762333333334	4.614799999999946	trials	826.0012333333334	826.7492333333334	0.435	827.1382333333333	827.8482333333334	0	1	19	2	0	48	1	3	9	0	[139  -7]	13
830.4609333333334	3.699799999999982	trials	831.3869333333334	831.9009333333335	0.4	832.2679333333334	832.7229333333333	0	1	33	0	0	88	1	1	0	0	[134 -46]	13
841.0461333333334	3.254799999999932	trials	842.0591333333334	842.5401333333334	0.42	842.9181333333333		0	0	18	1	0	44	0	1	9	0	[114 -86]	13
845.3511000000001	3.709799999999973	trials	846.1771000000001	846.6421000000001	0.405	847.0031000000001	847.4681	0	1	38	1	0	104	1	1	9	0	[105 -83]	13
854.6611	4.009599999999978	trials	855.6151	856.4801	0.39	856.8281000000001	857.2281	0	1	2	0	0	1	1	1	0	0	[114  91]	13
859.4258333333333	4.264866666666649	trials	860.5508333333333	861.4988333333333	0.365	861.8278333333334	862.2528333333333	0	1	30	0	0	70	1	1	0	0	[-106  -80]	13
866.6761	4.66543333333334	trials	867.7211	868.4361	0.525	868.9231	869.6281	0	1	20	1	0	50	1	1	9	0	[-132   83]	13
882.5712000000001	4.2847666666666555	trials	883.4452000000001	884.0932000000001	0.505	884.5632	885.2232000000001	0	1	19	2	0	48	1	3	9	0	[139  -7]	13
887.8009666666667	3.2106999999999744	trials	888.8479666666667	889.3119666666666	0.58	889.8529666666667		0	0	11	2	0	24	0	3	9	0	[ -9 110]	13
892.2909333333333	3.9506333333333714	trials	893.1669333333333	893.3139333333334	0.455	893.7379333333333	894.5179333333333	0	1	6	2	0	12	1	3	8	0	[-13 111]	13
897.1709333333333	3.2957333333333736	trials	898.0859333333333	898.8999333333334	0.44	899.3079333333333		0	0	20	2	0	51	0	3	9	0	[139  -7]	13
901.7310666666667	3.5296333333333223	trials	902.4880666666667	903.0190666666667	0.42	903.4080666666667	903.8330666666667	0	1	18	0	0	43	1	1	0	0	[114 -86]	13
910.5961000000001	3.7397333333333336	trials	911.5091000000001	911.9901000000001	0.52	912.4781	912.8481	0	1	0	1	0	0	0	1	2	1	[-73 -60]	13
919.2710333333333	4.519633333333445	trials	920.1130333333333	920.7610333333333	0.415	921.9780333333333	922.3630333333333	0	1	5	0	0	0	0	1	8	0	[-13 111]	13
924.7209333333334	4.650700000000029	trials	925.6489333333334	926.3139333333334	0.56	926.8329333333334	927.6079333333333	0	1	12	2	0	27	0	3	9	0	[-136  -23]	13
930.4359333333334	3.7157333333333327	trials	931.5849333333334	932.4329333333334	0.595	932.9929333333334		0	0	32	2	0	87	0	3	9	0	[134 -46]	13
935.4310333333334	3.219633333333263	trials	936.2210333333334	936.4190333333335	0.395	936.7830333333334	937.2030333333335	0	1	35	0	0	94	1	1	0	0	[123   9]	13
945.4258000000001	4.264866666666649	trials	946.3088000000001	947.3068000000001	0.5	947.7678000000001	948.2378000000001	0	1	12	0	0	25	1	1	0	0	[-136  -23]	13
952.8511333333333	3.305500000000052	trials	953.9801333333334	954.5771333333333	0.46	954.9981333333334		0	0	18	2	0	45	0	3	9	0	[-108   82]	13
960.7910333333334	4.40476666666666	trials	961.6170333333334	962.5310333333334	0.455	962.9480333333335	963.6430333333334	0	1	19	1	0	47	1	1	9	0	[139  -7]	13
970.916	4.089633333333381	trials	971.922	972.753	0.4	973.123	973.5580000000001	0	1	20	0	0	49	1	1	0	0	[-132   83]	13
983.2107666666667	3.464866666666694	trials	984.3277666666667	984.4247666666668	0.43	984.8127666666667	985.2477666666667	0	1	17	0	0	40	1	1	0	0	[117  86]	13
987.5707666666667	3.894866666666644	trials	988.3287666666668	989.2107666666667	0.395	989.5727666666667	990.0277666666667	0	1	30	0	0	70	1	1	0	0	[-106  -80]	13
997.5759	4.704966666666678	trials	998.6339	999.5159000000001	0.47	999.9479	1000.6679	0	1	25	2	0	57	1	3	8	0	[  8 102]	13
1009.6610000000001	3.155499999999961	trials	1010.423	1011.0550000000001	0.425	1011.4480000000001		0	0	32	1	0	86	0	1	9	0	[-117  -86]	13
1013.8959666666667	2.9996999999999616	trials	1014.6759666666667	1015.4229666666668	0.43	1015.8179666666667		0	0	18	0	0	43	0	1	0	0	[114 -86]	13
1017.9309666666667	4.204600000000028	trials	1019.0609666666667	1019.9919666666667	0.4	1020.3629666666667	1020.6929666666666	0	1	17	0	0	40	1	1	0	0	[117  86]	13
1028.2559666666666	3.709600000000137	trials	1029.0989666666667	1029.8969666666667	0.37	1030.2329666666667	1030.5229666666667	0	1	25	0	1	55	1	1	0	0	[  8 102]	13
1032.7257666666667	4.480666666666593	trials	1033.8347666666666	1034.3327666666667	0.505	1034.8027666666667	1035.5027666666667	0	1	12	1	0	26	1	1	9	0	[-136  -23]	13
1038.3658666666668	4.8398333333332175	trials	1039.2038666666667	1040.1518666666668	0.47	1041.3728666666668	1041.7128666666667	0	1	5	2	0	0	0	3	8	0	[-13 111]	13
1044.1058333333333	3.3007333333334827	trials	1044.8898333333334	1045.8708333333334	0.425	1046.2478333333333		0	0	10	2	0	21	0	3	9	0	[ -9 110]	13
1048.7210666666667	4.289633333333313	trials	1049.8760666666667	1049.9070666666667	0.46	1051.1380666666666	1051.5230666666666	0	1	5	2	0	0	0	3	8	0	[-115 -100]	13
1053.7657333333334	2.8548666666665667	trials	1054.5947333333334	1055.2087333333334	0.37	1055.5427333333334		0	0	32	0	0	85	0	1	0	0	[-117  -86]	13
1059.3961000000002	4.04473333333317	trials	1060.3981	1060.7791000000002	0.495	1061.2381000000003	1061.8181000000002	0	1	7	2	0	15	1	3	8	0	[136  87]	13
1066.6510666666668	3.235500000000002	trials	1067.6340666666667	1068.166066666667	0.6	1068.7280666666668		0	0	30	2	0	72	0	3	9	0	[110  79]	13
1082.4657	3.0248666666666395	trials	1083.3087	1084.0397	0.405	1084.4077		0	0	24	0	0	79	0	1	0	0	[ 95 -89]	13
1086.5159333333334	3.064833333333354	trials	1087.5769333333333	1087.8419333333334	0.42	1088.2229333333335		0	0	18	1	0	44	0	1	9	0	[114 -86]	13
1090.7006666666666	3.7500333333334765	trials	1091.7626666666665	1091.9096666666667	0.385	1092.2576666666666	1092.8476666666666	0	1	35	1	0	95	0	1	9	0	[123   9]	13
1095.4106666666667	4.134999999999991	trials	1096.3476666666666	1097.1126666666667	0.445	1097.5126666666667	1097.9626666666666	0	1	11	1	0	23	1	1	9	0	[121 -76]	13
1100.4106666666667	4.3250000000000455	trials	1101.2666666666667	1102.1146666666666	0.445	1102.5176666666666	1103.1776666666667	0	1	25	1	0	56	1	1	8	0	[  8 102]	13
1107.3609000000001	3.2096333333331586	trials	1108.2869	1109.2849	0.45	1109.6929000000002		0	0	20	0	0	49	0	1	0	0	[-132   83]	13
1111.8009	4.445466666666789	trials	1112.9059	1113.4868999999999	0.42	1113.8628999999999	1114.5279	0	1	30	1	0	71	1	1	9	0	[-106  -80]	13
1117.0156333333334	2.955733333333228	trials	1117.9246333333335	1118.3726333333334	0.47	1118.8126333333335		0	0	10	1	0	20	0	1	9	0	[ -9 110]	13
1122.0606333333335	3.65079999999989	trials	1122.9446333333335	1123.8916333333334	0.515	1124.3626333333334		0	0	30	1	0	71	0	1	9	0	[-106  -80]	13
1126.7809	3.7445999999999913	trials	1127.8469	1128.3609	0.4	1128.7229	1129.0979	0	1	17	0	0	40	1	1	0	0	[117  86]	13
1133.3809	3.2696333333333314	trials	1134.3499000000002	1135.1979000000001	0.42	1135.5879000000002		0	0	11	0	0	22	0	1	0	0	[121 -76]	13
1137.7058666666667	3.664800000000014	trials	1138.4688666666666	1138.6658666666667	0.44	1139.0728666666666	1139.8028666666667	0	1	18	1	0	44	1	1	9	0	[114 -86]	13
1142.3306333333335	3.6248666666665486	trials	1143.2536333333335	1143.7686333333336	0.49	1144.2176333333334	1144.5326333333335	0	1	10	0	0	19	1	1	0	0	[ -9 110]	13
1146.8856333333333	4.334966666666787	trials	1147.9726333333333	1148.6206333333332	0.435	1149.0126333333333	1149.6876333333332	0	1	24	1	0	80	1	1	7	0	[ 95 -89]	13
1152.3056333333334	4.01003333333324	trials	1153.3256333333334	1153.8566333333333	0.43	1154.2476333333334	1154.7776333333334	0	1	17	1	0	41	1	1	9	0	[117  86]	13
1157.2707333333333	3.2107666666668138	trials	1158.2277333333334	1159.0587333333333	0.505	1159.5227333333332	1160.1927333333333	0	0	11	2	0	24	0	3	9	0	[ -9 110]	13
1162.0309666666667	4.680399999999963	trials	1163.1469666666667	1163.9619666666667	0.44	1164.3579666666667	1164.9279666666666	0	1	30	2	0	72	1	3	9	0	[-106  -80]	13
1169.711	4.644766666666783	trials	1170.768	1171.632	0.495	1172.083	1172.658	0	1	10	2	0	21	1	3	9	0	[ -9 110]	13
1175.0806	3.8148666666668305	trials	1175.9366	1176.6006	0.46	1177.0176	1177.4626	0	1	11	0	0	22	1	1	0	0	[121 -76]	13
1180.5508666666667	4.334800000000087	trials	1181.5228666666667	1182.3208666666667	0.415	1182.6978666666666	1183.3028666666667	0	1	10	1	0	20	1	1	9	0	[ -9 110]	13
1197.7908333333335	3.644599999999855	trials	1198.9308333333336	1199.1118333333334	0.435	1199.5128333333334	1199.9878333333334	0	1	14	0	0	31	1	1	0	0	[141   6]	13
1211.6858333333334	4.054766666666637	trials	1212.7878333333335	1213.3018333333334	0.43	1213.6878333333334	1214.2628333333334	0	1	17	1	0	41	1	1	9	0	[117  86]	13
1225.2858	4.299766666666528	trials	1226.3608000000002	1227.2258000000002	0.38	1227.5728000000001	1228.0728000000001	0	1	7	1	0	14	1	1	8	0	[136  87]	13
1232.2558000000001	3.8045999999999367	trials	1233.0808000000002	1233.8288000000002	0.41	1234.2028	1234.6478000000002	0	1	34	0	0	91	1	1	0	0	[122 -81]	13
1236.9405666666667	3.7648666666666486	trials	1237.7495666666666	1238.5135666666667	0.485	1238.9575666666667	1239.3425666666667	0	1	25	0	0	55	1	1	0	0	[  8 102]	13
1243.8158	3.5896333333332677	trials	1244.6368	1245.2508	0.42	1245.6428	1246.0328000000002	0	1	24	0	0	79	1	1	0	0	[ 95 -89]	13
1250.0155666666667	4.279999999999973	trials	1251.1055666666666	1251.9705666666666	0.455	1252.3875666666668	1252.8075666666666	0	1	37	1	0	101	1	1	9	0	[119  80]	13
1260.2055333333335	4.1498666666666395	trials	1261.1435333333336	1262.1085333333335	0.485	1262.5575333333336	1262.9725333333336	0	1	15	0	0	34	1	1	0	0	[-113  -78]	13
1265.1255333333334	4.169866666666621	trials	1266.2465333333334	1267.1275333333333	0.42	1267.5075333333334	1267.9225333333334	0	1	27	0	0	61	1	1	0	0	[115 -80]	13
1271.7157666666667	4.345199999999977	trials	1272.6327666666666	1273.4307666666666	0.53	1273.9177666666667	1274.4977666666666	0	1	8	1	0	17	1	1	8	0	[-115 -100]	13
1278.4059	4.854633333333368	trials	1279.4369	1280.1349	0.365	1281.4079	1281.8179	0	1	9	2	0	0	0	3	9	0	[ -9 110]	13
1283.8555333333334	4.064833333333354	trials	1284.9055333333333	1285.6705333333334	0.385	1286.0125333333333	1286.4625333333333	0	1	36	0	0	97	1	1	0	0	[-115   77]	13
1289.6759333333334	4.884700000000066	trials	1290.7419333333335	1291.3899333333334	1.005	1292.3579333333334	1292.9879333333333	0	1	24	2	0	81	1	3	7	0	[ 95 -89]	13
1297.0307666666668	3.6547666666665464	trials	1297.8287666666668	1298.1927666666668	0.41	1298.5677666666668	1299.0527666666667	0	1	16	1	0	38	1	1	9	0	[-108   82]	13
1303.0158666666666	4.619766666666692	trials	1303.9988666666666	1304.9968666666666	0.41	1305.3628666666666	1306.0378666666666	0	1	6	2	0	12	1	3	8	0	[-13 111]	13
1308.5155	3.7500333333334765	trials	1309.4334999999999	1309.9814999999999	0.395	1310.3325	1310.7325	0	1	0	2	0	0	0	1	2	1	[-79  -1]	13
1313.0055	3.4598666666668123	trials	1313.7865	1314.2835	0.41	1314.6575	1315.0125	0	1	10	0	0	19	1	1	0	0	[ -9 110]	13
1317.1105	3.744866666666667	trials	1318.1045	1318.6025	0.395	1318.9625	1319.4175	0	1	12	0	0	25	1	1	0	0	[-136  -23]	13
1321.5256333333334	3.53076666666675	trials	1322.6076333333335	1323.4386333333334	0.43	1323.8326333333334	1324.3326333333334	0	0	37	2	0	102	0	3	9	0	[119  80]	13
1326.5307333333335	4.375433333333149	trials	1327.5427333333334	1328.2407333333335	0.42	1328.6177333333335	1329.2427333333335	0	1	27	1	0	62	1	1	8	0	[115 -80]	13
1331.7705	3.7599666666667417	trials	1332.6455	1333.0425	0.46	1333.4625	1334.0025	0	1	0	11	0	0	0	1	6	1	[126  82]	13
1339.3107	3.9996333333333496	trials	1340.4327	1341.0307	0.495	1341.4877	1341.8777	0	1	11	0	0	22	1	1	0	0	[121 -76]	13
1348.7154666666668	4.204866666666703	trials	1349.7204666666669	1350.6684666666667	0.445	1351.0824666666667	1351.4874666666667	0	1	37	0	0	100	0	1	0	0	[119  80]	13
1353.7104666666667	3.2599333333334926	trials	1354.7894666666666	1355.5204666666666	0.425	1355.9074666666666		0	0	30	0	0	70	0	1	0	0	[-106  -80]	13
1360.3557	4.62463333333335	trials	1361.2427	1361.6907	0.46	1363.0577	1363.5277	0	1	1	0	0	0	0	1	7	0	[125 -18]	13
1372.1856	4.095000000000027	trials	1373.0646	1373.6456	0.44	1374.0526	1374.6426000000001	0	1	19	2	0	48	1	3	9	0	[139  -7]	13
1377.3204666666668	4.209833333333336	trials	1378.3174666666669	1379.2814666666668	0.45	1379.7024666666669	1380.0824666666667	0	1	37	0	0	100	0	1	0	0	[119  80]	13
1382.4354666666668	3.8298333333332266	trials	1383.3694666666668	1384.0504666666668	0.39	1384.4074666666668	1384.8324666666667	0	1	14	0	0	31	1	1	0	0	[141   6]	13
1387.0654333333334	4.4307333333333645	trials	1387.9554333333335	1388.8534333333334	0.415	1389.2324333333333	1389.7874333333334	0	1	19	1	0	47	1	1	9	0	[139  -7]	13
1393.4654666666668	3.5498666666667305	trials	1394.2744666666667	1394.7394666666667	0.395	1395.1024666666667	1395.5574666666669	0	1	13	0	0	28	1	1	0	0	[-117   88]	13
1397.8154333333334	3.6348666666665395	trials	1398.7934333333335	1399.2084333333335	0.445	1399.6124333333335	1400.0324333333335	0	1	28	0	0	64	0	1	0	0	[110  79]	13
1402.2954333333334	4.169866666666621	trials	1403.4124333333334	1404.2274333333335	0.38	1404.5774333333334	1405.0024333333336	0	1	6	0	0	10	0	1	0	0	[-13 111]	13
1408.4254333333333	4.1350333333334675	trials	1409.2324333333333	1409.8804333333333	0.445	1410.2874333333334	1410.9074333333333	0	1	21	1	0	53	1	1	9	0	[-134  -83]	13
1429.8254333333334	3.439833333333354	trials	1430.6754333333333	1431.0404333333333	0.41	1431.4074333333335	1431.8024333333335	0	1	32	0	0	85	1	1	0	0	[-117  -86]	13
1434.0255666666667	4.144966666666733	trials	1434.9445666666668	1435.6425666666667	0.45	1436.0575666666666	1436.5125666666668	0	1	28	2	0	66	1	3	9	0	[110  79]	13
1438.9055333333333	4.279999999999973	trials	1439.6805333333334	1440.3945333333334	0.43	1440.7925333333333	1441.4825333333333	0	1	25	2	0	57	1	3	8	0	[  8 102]	13
1445.9556666666667	3.7296000000001186	trials	1447.0336666666667	1447.5316666666668	0.385	1447.8826666666666	1448.2476666666666	0	1	17	0	0	40	1	1	0	0	[117  86]	13
1451.5457666666666	3.859766666666701	trials	1452.3027666666667	1452.8507666666667	0.445	1453.2577666666666	1453.8127666666667	0	1	17	2	0	42	1	3	9	0	[117  86]	13
1456.3854000000001	3.5349999999998545	trials	1457.5054	1457.5364000000002	0.455	1457.9474	1458.3474	0	1	37	1	0	101	1	1	9	0	[119  80]	13
1471.0757333333333	4.299800000000005	trials	1472.0957333333333	1472.6607333333334	0.46	1473.0777333333333	1473.5827333333334	0	1	21	2	0	54	1	3	9	0	[-134  -83]	13
1475.9555333333335	4.044966666666596	trials	1476.8645333333336	1477.4795333333334	0.435	1477.8725333333334	1478.4075333333335	0	1	7	2	0	15	1	3	8	0	[136  87]	13
1480.6205	2.9507333333333463	trials	1481.4335	1482.0815	0.37	1482.4125		0	0	36	2	0	99	0	3	9	0	[122 -81]	13
1484.8457666666668	4.139733333333197	trials	1485.9357666666667	1486.4007666666669	0.465	1486.8277666666668	1487.3477666666668	0	1	11	2	0	24	1	3	9	0	[121 -76]	13
1489.7855000000002	4.040033333333213	trials	1490.6045000000001	1491.1355	0.41	1491.5075000000002	1492.1725000000001	0	1	13	2	0	30	1	3	9	0	[-117   88]	13
1494.7205000000001	4.605599999999868	trials	1495.5735000000002	1496.4385000000002	0.465	1496.8575	1497.5975	0	1	26	2	0	60	1	3	8	0	[-115   70]	13
1500.2154666666668	4.550733333333255	trials	1501.1594666666667	1502.0574666666669	0.465	1502.4824666666668	1502.9774666666667	0	1	34	2	0	93	1	3	9	0	[122 -81]	13
1507.8707333333334	4.560466666666571	trials	1508.7967333333333	1509.5947333333334	0.49	1510.0477333333333	1510.6677333333334	0	1	30	2	0	72	1	3	9	0	[-106  -80]	13
1516.3455666666666	3.980466666666871	trials	1517.2175666666667	1517.4315666666666	0.505	1517.9025666666666	1518.5825666666667	0	1	30	1	0	71	1	1	9	0	[-106  -80]	13
1521.4803666666667	4.299833333333481	trials	1522.5863666666667	1523.5683666666666	0.435	1523.9673666666667	1524.3573666666666	0	1	4	0	0	7	1	1	0	0	[125 -18]	13
1526.8553333333334	4.220700000000079	trials	1527.7893333333334	1528.4873333333335	0.575	1529.0223333333333	1529.4573333333335	0	1	38	1	0	104	1	1	9	0	[105 -83]	13
1534.2155666666667	4.309633333333295	trials	1535.1425666666667	1536.0245666666667	0.495	1537.4125666666666		0	0	5	1	0	0	0	1	8	0	[-115 -100]	13
1539.6403333333335	4.279999999999973	trials	1540.7793333333334	1541.4603333333334	0.45	1541.8673333333336	1542.3573333333336	0	1	36	1	0	98	1	1	9	0	[-115   77]	13
1544.6703333333335	3.954866666666703	trials	1545.6643333333334	1546.5123333333336	0.415	1546.8973333333336	1547.2623333333336	0	1	23	0	0	76	1	1	0	0	[-4 93]	13
1549.3303333333333	3.2798333333334995	trials	1550.3173333333334	1550.4313333333334	0.42	1550.8223333333333	1551.2323333333334	0	1	18	0	0	43	1	1	0	0	[114 -86]	13
1553.5353333333335	4.0898333333332175	trials	1554.4853333333335	1555.4503333333334	0.43	1555.8373333333334	1556.2523333333336	0	1	28	0	0	64	1	1	0	0	[110  79]	13
1558.5853	4.055700000000115	trials	1559.4213	1559.9352999999999	0.475	1560.3673	1561.0222999999999	0	1	12	1	0	26	1	1	9	0	[-136  -23]	13
1563.4253333333334	3.8548333333333176	trials	1564.5573333333334	1565.1213333333333	0.39	1565.4673333333333	1565.8373333333334	0	1	7	0	0	13	1	1	0	0	[136  87]	13
1570.1055666666668	3.7847666666666555	trials	1570.9935666666668	1571.3585666666668	0.415	1571.7325666666668	1572.312566666667	0	1	33	1	0	89	1	1	9	0	[134 -46]	13
1574.6753	4.384966666666742	trials	1575.7793000000001	1576.5773000000002	0.35	1576.8973	1577.5073000000002	0	1	3	1	0	5	1	1	7	0	[-144  -52]	13
1580.9005333333334	3.284599999999955	trials	1581.6985333333334	1581.9635333333335	0.4	1582.3325333333335	1582.7375333333334	0	1	21	0	0	52	1	1	0	0	[-134  -83]	13
1584.9004333333335	3.894999999999982	trials	1585.6674333333335	1586.2484333333334	0.445	1586.6524333333334	1587.2024333333334	0	1	27	2	0	63	1	3	8	0	[115 -80]	13
1589.6454333333334	4.369966666666642	trials	1590.7864333333334	1591.3674333333333	0.455	1591.7924333333333	1592.4474333333333	0	1	4	2	0	9	1	3	7	0	[125 -18]	13
1600.1304333333335	4.0898333333332175	trials	1600.8914333333335	1600.9224333333334	0.375	1602.3324333333335	1602.7274333333335	0	1	5	2	0	0	0	3	8	0	[-13 111]	13
1610.6753333333334	4.164800000000014	trials	1611.6963333333333	1612.5443333333333	0.455	1612.9623333333334	1613.3973333333333	0	1	19	0	0	46	1	1	0	0	[139  -7]	13
1616.8556333333333	4.629766666666683	trials	1617.9326333333333	1618.6306333333334	0.475	1619.0726333333334	1619.8876333333333	0	1	18	2	0	45	1	3	9	0	[114 -86]	13
1622.3652666666667	3.8549000000000433	trials	1623.3352666666667	1624.0332666666666	0.38	1624.3722666666667	1624.7522666666666	0	1	21	0	0	52	1	1	0	0	[-134  -83]	13
1627.9456333333335	4.31976666666651	trials	1628.8386333333335	1629.7866333333334	0.395	1630.1376333333335	1630.6476333333335	0	1	35	2	0	96	1	3	9	0	[123   9]	13
1633.0553	3.87996666666686	trials	1633.9573	1634.4213	0.51	1634.8973	1635.3673	0	1	11	1	0	23	1	1	9	0	[121 -76]	13
1637.6603666666667	4.065000000000055	trials	1638.4593666666667	1639.0573666666667	0.48	1639.4923666666668	1640.1123666666667	0	1	25	2	0	57	1	3	8	0	[  8 102]	13
1642.4502333333335	3.770033333333231	trials	1643.3952333333334	1643.8262333333334	0.41	1644.2022333333334	1644.6272333333334	0	1	11	1	0	23	1	1	9	0	[121 -76]	13
1647.1052333333334	3.8448333333333267	trials	1648.0142333333336	1648.7282333333335	0.46	1649.1472333333334	1649.5222333333334	0	1	31	0	0	82	1	1	0	0	[-121   68]	13
1659.5854666666667	4.195500000000038	trials	1660.3534666666667	1661.1684666666667	0.42	1661.5574666666666	1662.0874666666666	0	1	34	1	0	92	1	1	9	0	[122 -81]	13
1665.9106000000002	5.3846333333333405	trials	1667.0236000000002	1667.9716	0.43	1669.3526000000002	1669.7726000000002	0	1	1	2	0	0	0	3	7	0	[-144  -52]	13
1672.0502333333334	4.400000000000091	trials	1672.9092333333333	1673.9072333333334	0.405	1674.2672333333335	1674.8172333333334	0	1	39	1	0	107	1	1	9	0	[-90 -82]	13
1677.2652	3.7948666666666213	trials	1678.2952	1678.8262	0.465	1679.2472	1679.6072000000001	0	1	16	0	0	37	1	1	0	0	[-108   82]	13
1681.7303333333334	4.035033333333331	trials	1682.6473333333333	1683.2283333333335	0.375	1683.5723333333335	1684.0973333333334	0	1	31	2	0	84	1	3	9	0	[-121   68]	13
1688.8254666666667	3.7997666666667556	trials	1689.6674666666668	1690.2154666666668	0.445	1690.6174666666666	1691.0374666666667	0	1	36	1	0	98	1	1	9	0	[-115   77]	13
1693.4202	3.9700000000000273	trials	1694.3192	1694.8672	0.37	1695.1972	1695.8222	0	1	35	1	0	95	1	1	9	0	[123   9]	13
1708.5705666666668	4.054766666666637	trials	1709.3275666666668	1709.8745666666669	0.6	1710.4375666666667	1710.9575666666667	0	1	10	2	0	21	1	3	9	0	[ -9 110]	13
1718.2454333333335	3.9546000000000276	trials	1719.3814333333335	1719.9794333333334	0.465	1720.4024333333334	1720.7574333333334	0	1	25	0	0	55	1	1	0	0	[  8 102]	13
1722.7652	4.875700000000052	trials	1723.8842	1724.8652	0.4	1725.2222000000002	1725.8722	0	1	32	1	0	86	1	1	9	0	[-117  -86]	13
1730.0704333333333	3.959600000000137	trials	1731.0544333333332	1731.8684333333333	0.41	1732.2424333333333	1732.6074333333333	0	1	22	0	0	73	1	1	0	0	[126  82]	13
1734.7153	4.454999999999927	trials	1735.8393	1736.6873	0.38	1737.0323	1737.5723	0	1	4	2	0	9	1	3	7	0	[125 -18]	13
1740.0451666666668	3.954966666666678	trials	1740.9751666666668	1741.5231666666668	0.4	1741.8821666666668	1742.4371666666668	0	1	23	1	0	77	1	1	7	0	[-4 93]	13
1746.4054333333333	4.169566666666697	trials	1747.5454333333334	1748.3604333333333	0.42	1748.7474333333334	1749.1424333333334	0	1	18	0	0	43	1	1	0	0	[114 -86]	13
1751.4501666666667	4.129966666666633	trials	1752.3971666666666	1752.9791666666667	0.45	1753.3921666666668	1754.0221666666666	0	1	24	1	0	80	1	1	7	0	[ 95 -89]	13
1756.4953	3.245800000000145	trials	1757.5833	1758.0813	0.405	1758.4473	1758.9023	0	0	37	2	0	102	0	3	9	0	[119  80]	13
1761.2353666666668	3.7998000000000047	trials	1762.1693666666667	1762.5333666666668	0.435	1762.9273666666668	1763.4623666666669	0	1	37	1	0	101	0	1	9	0	[119  80]	13
1765.8402666666668	4.414999999999964	trials	1766.8882666666668	1767.586266666667	0.48	1768.0222666666668	1768.6322666666667	0	1	38	2	0	105	1	3	9	0	[105 -83]	13
1775.9853666666668	4.264799999999923	trials	1776.9093666666668	1777.8573666666668	0.35	1778.1723666666667	1778.6973666666668	0	1	37	1	0	101	0	1	9	0	[119  80]	13
1781.2651333333333	4.1550000000002	trials	1782.4121333333333	1782.9761333333333	0.385	1783.3321333333333	1783.8021333333334	0	1	10	1	0	20	1	1	9	0	[ -9 110]	13
1786.3602333333333	4.544866666666849	trials	1787.1312333333333	1787.8292333333334	0.355	1789.1222333333333	1789.4072333333334	0	1	5	2	0	0	0	3	8	0	[-13 111]	13
1791.5951333333335	3.839999999999918	trials	1792.4671333333335	1792.9811333333334	0.415	1793.3521333333335	1793.8921333333335	0	1	33	1	0	89	1	1	9	0	[134 -46]	13
1796.2051333333334	3.6549666666667235	trials	1797.0191333333335	1797.3331333333333	0.455	1797.7521333333334	1798.3121333333333	0	1	2	1	0	2	0	1	7	0	[114  91]	13
1801.3905	3.535466666666707	trials	1802.4725	1803.2195	0.485	1803.6675		0	0	12	2	0	27	0	3	9	0	[ -9 110]	13
1806.2204666666667	3.8898000000001502	trials	1807.2574666666667	1807.7224666666666	0.395	1808.0774666666666	1808.4874666666667	0	1	37	2	0	102	1	3	9	0	[119  80]	13
1811.0001333333335	3.8898333333333994	trials	1812.0931333333335	1812.6911333333335	0.37	1813.0171333333335	1813.4271333333334	0	1	29	0	0	67	1	1	0	0	[-114   11]	13
1816.7603666666666	5.054600000000164	trials	1817.8793666666666	1818.5273666666667	0.505	1820.0273666666667	1820.3723666666667	0	1	5	0	0	0	0	1	8	0	[-115 -100]	13
1825.0703333333333	5.2246000000000095	trials	1826.1503333333333	1827.1483333333333	0.46	1828.4123333333334	1828.8373333333334	0	1	1	1	0	0	0	1	7	0	[125 -18]	13
1831.1651000000002	4.49073333333331	trials	1832.2531000000001	1832.7171	0.555	1833.2271	1833.9271	0	1	12	1	0	26	1	1	9	0	[-136  -23]	13
1836.5802	4.325033333333295	trials	1837.6392	1838.4532000000002	0.42	1838.8372000000002	1839.2572	0	1	36	2	0	99	1	3	9	0	[-115   77]	13
1841.5850666666668	4.834866666666585	trials	1842.3910666666668	1843.1550666666667	0.38	1844.5870666666667	1844.9720666666667	0	1	9	1	0	0	0	1	9	0	[121 -76]	13
1847.4052000000001	3.410033333333331	trials	1848.2102000000002	1848.2752	0.415	1848.6522000000002	1849.1822000000002	0	1	29	2	0	69	1	3	9	0	[-114   11]	13
1851.6850666666667	3.909866666666858	trials	1852.4460666666666	1853.3940666666667	0.4	1853.7620666666667	1854.1270666666667	0	1	35	0	0	94	1	1	0	0	[123   9]	13
1858.6704333333334	4.609766666666701	trials	1859.8164333333334	1860.6814333333334	0.44	1861.0774333333334	1861.6724333333334	0	1	33	2	0	90	1	3	9	0	[134 -46]	13
1864.2301666666667	4.38073333333341	trials	1865.3851666666667	1865.7831666666668	0.455	1866.2071666666668	1866.8321666666668	0	1	34	2	0	93	1	3	9	0	[122 -81]	13
1874.1350666666667	4.13036666666676	trials	1875.2570666666668	1875.8050666666668	0.48	1876.2420666666667	1876.6670666666666	0	1	0	11	0	0	0	1	6	1	[-115 -100]	13
1883.3603	3.2998333333334813	trials	1884.2783	1884.8423	0.39	1885.2023000000002		0	0	18	1	0	44	0	1	9	0	[114 -86]	13
1887.9350333333334	4.270033333333231	trials	1889.0130333333334	1889.7780333333335	0.415	1890.1620333333335	1890.6320333333333	0	1	14	1	0	32	1	1	9	0	[141   6]	13
1893.0300333333334	3.814866666666603	trials	1893.8490333333334	1894.6640333333335	0.38	1895.0070333333335	1895.4070333333334	0	1	2	0	0	1	1	1	0	0	[114  91]	13
1899.1052666666667	3.6596333333334314	trials	1899.9022666666667	1900.6002666666666	0.36	1900.9272666666666	1901.3222666666668	0	1	39	0	0	106	1	1	0	0	[-90 -82]	13
1903.7600333333335	4.460000000000036	trials	1904.6880333333336	1905.5190333333335	0.44	1905.9170333333334	1906.6770333333334	0	1	25	1	0	56	1	1	8	0	[  8 102]	13
1909.2500333333335	4.6549666666667235	trials	1910.4070333333334	1911.2550333333336	0.5	1911.7170333333336	1912.3820333333335	0	1	4	1	0	8	1	1	7	0	[125 -18]	13
1914.8551666666667	4.585700000000088	trials	1915.8931666666667	1916.4411666666667	0.445	1916.8421666666668	1917.6571666666666	0	1	12	2	0	27	1	3	9	0	[-136  -23]	13
1920.355	4.085000000000036	trials	1921.329	1921.877	0.425	1922.257	1922.877	0	1	6	1	0	11	1	1	8	0	[-13 111]	13
1925.2800000000002	4.065033333333304	trials	1926.3150000000003	1926.8460000000002	0.42	1927.2220000000002	1927.717	0	1	31	1	0	83	1	1	9	0	[-121   68]	13
1929.9600333333335	3.6798333333331357	trials	1930.9170333333336	1931.3980333333336	0.415	1931.7820333333334	1932.1770333333336	0	1	3	0	0	4	1	1	0	0	[-144  -52]	13
1934.4051333333334	4.014866666666649	trials	1935.2191333333335	1935.4331333333334	0.375	1936.4821333333334	1936.9321333333335	0	1	5	2	0	0	0	3	8	0	[-13 111]	13
1944.1152666666667	3.839633333333495	trials	1945.1742666666667	1945.6552666666666	0.43	1946.0522666666666	1946.4572666666668	0	1	0	0	0	0	0	1	2	1	[-102   -8]	13
1948.815	3.7799999999999727	trials	1949.759	1950.207	0.39	1950.5620000000001	1950.982	0	1	16	1	0	38	1	1	9	0	[-108   82]	13
1953.335	4.88483333333329	trials	1954.462	1955.093	0.48	1956.382	1956.757	0	1	5	0	0	0	0	1	8	0	[136  87]	13
1958.9799666666668	2.544900000000098	trials	1959.8809666666668	1960.0789666666667	0.42	1960.4569666666669		0	0	38	0	0	103	0	1	0	0	[105 -83]	13
1962.5803333333333	4.094766666666828	trials	1963.3663333333334	1964.1313333333333	0.41	1964.5023333333334	1965.0473333333334	0	1	23	2	0	78	1	3	7	0	[-4 93]	13
1967.3751000000002	3.9555333333332783	trials	1968.3521000000003	1968.6491	0.45	1969.0621	1969.6021000000003	0	1	4	2	0	9	1	3	7	0	[125 -18]	13
1973.7152	4.020400000000109	trials	1974.7882000000002	1975.0522	0.43	1975.4472	1976.0122000000001	0	1	30	1	0	71	1	1	9	0	[-106  -80]	13
1978.6799666666668	4.664833333333263	trials	1979.4899666666668	1980.1719666666668	0.575	1981.5069666666668	1981.906966666667	0	1	9	1	0	0	0	1	9	0	[121 -76]	13
1991.7203333333334	3.984766666666701	trials	1992.7133333333334	1993.1953333333333	0.44	1993.5923333333335	1994.0423333333333	0	1	16	2	0	39	1	3	9	0	[-108   82]	13
1996.3849666666667	3.914833333333263	trials	1997.4659666666666	1997.9969666666668	0.45	1998.4119666666668	1998.8319666666666	0	1	3	0	0	4	1	1	0	0	[-144  -52]	13
2001.0049333333334	3.979866666666794	trials	2002.0009333333335	2002.7659333333334	0.375	2003.1069333333335	2003.5469333333333	0	1	33	0	0	88	1	1	0	0	[134 -46]	13
2005.5501000000002	3.7799999999999727	trials	2006.4031000000002	2006.9011000000003	0.41	2007.2671000000003	2007.7271	0	1	14	2	0	33	1	3	9	0	[141   6]	13
2010.0949333333335	4.585699999999861	trials	2011.0719333333336	2011.8369333333335	0.47	2012.2619333333334	2012.9419333333335	0	1	30	1	0	71	1	1	9	0	[-106  -80]	13
2016.6201666666668	4.269733333333306	trials	2017.5921666666668	2018.5571666666667	0.375	2018.8971666666669	2019.462166666667	0	1	2	1	0	2	1	1	7	0	[114  91]	13
2023.8602666666668	4.080433333333303	trials	2024.7292666666667	2025.2272666666668	0.46	2025.6472666666668	2026.2722666666668	0	1	32	2	0	87	1	3	9	0	[-117  -86]	13
2028.8450333333335	4.1099999999999	trials	2029.7980333333335	2030.5790333333334	0.445	2030.9870333333336	2031.4570333333336	0	1	2	2	0	3	1	3	7	0	[114  91]	13
2033.8299333333334	3.905033333333222	trials	2034.6169333333335	2035.3479333333335	0.4	2035.7169333333334	2036.2319333333335	0	1	18	1	0	44	1	1	9	0	[114 -86]	13
2038.7650333333333	4.300100000000157	trials	2039.7530333333334	2040.7340333333334	0.445	2041.1370333333334	2041.5570333333333	0	1	0	12	0	0	0	3	3	1	[-117  -86]	13
2044.1349333333335	4.100000000000136	trials	2045.0549333333336	2045.9529333333335	0.385	2046.3069333333335	2046.7419333333335	0	1	28	1	0	65	1	1	9	0	[110  79]	13
2049.1050333333333	4.080699999999979	trials	2050.0410333333334	2050.522033333333	0.5	2050.982033333333	2051.5270333333333	0	1	15	2	0	36	1	3	9	0	[-113  -78]	13
2059.135133333333	4.459633333333386	trials	2059.9461333333334	2060.577133333333	0.365	2061.717133333333	2062.1421333333333	0	1	5	1	0	0	0	1	8	0	[-115 -100]	13
2069.1251333333335	4.079633333333277	trials	2070.2011333333335	2071.0151333333333	0.38	2071.3521333333333	2071.7521333333334	0	1	26	0	0	58	1	1	0	0	[-115   70]	13
2073.7949000000003	3.9549666666662233	trials	2074.9029000000005	2075.3509000000004	0.405	2075.7219000000005	2076.2269	0	1	22	1	0	74	1	1	7	0	[126  82]	13
2080.6551333333337	3.9245999999998276	trials	2081.4561333333336	2082.4041333333334	0.355	2082.7271333333338	2083.1321333333335	0	1	38	0	0	103	1	1	0	0	[105 -83]	13
2089.8602333333333	4.5003999999999	trials	2090.9942333333333	2091.6422333333335	0.43	2092.0322333333334	2092.607233333333	0	1	8	2	0	18	1	3	8	0	[-115 -100]	13
2095.3148666666666	3.719866666666803	trials	2096.3468666666668	2096.8608666666664	0.36	2097.1868666666664	2097.5918666666666	0	1	39	0	0	106	1	1	0	0	[-90 -82]	13
2099.9750333333336	5.109799999999723	trials	2100.9660333333336	2101.8140333333336	0.335	2103.1620333333335	2103.5770333333335	0	1	9	2	0	0	0	3	9	0	[ -9 110]	13
2107.1902333333333	3.529733333333297	trials	2108.0192333333334	2108.100233333333	0.42	2108.482233333333	2109.1122333333333	0	1	25	2	0	57	1	3	8	0	[  8 102]	13
2115.9252	4.079766666666728	trials	2116.8402	2117.4212	0.475	2117.8572	2118.4322	0	1	22	2	0	75	1	3	7	0	[126  82]	13
2121.4651	4.084600000000137	trials	2122.3091	2123.3071	0.385	2123.6521	2124.0921	0	1	32	0	0	85	1	1	0	0	[-117  -86]	13
2127.9752333333336	4.960399999999936	trials	2129.0962333333337	2129.9112333333337	0.49	2130.3572333333336	2131.1272333333336	0	1	30	2	0	72	1	3	9	0	[-106  -80]	13
2135.1802000000002	4.214766666666492	trials	2135.9992	2136.7642	0.455	2137.1872000000003	2137.6972	0	1	39	2	0	108	1	3	9	0	[-90 -82]	13
2140.4048333333335	3.329866666666476	trials	2141.3348333333333	2141.6498333333334	0.39	2142.0018333333337	2142.2818333333335	0	1	25	0	0	55	1	1	0	0	[  8 102]	13
2145.835066666667	4.41973333333317	trials	2146.771066666667	2147.686066666667	0.395	2148.042066666667	2148.692066666667	0	1	3	1	0	5	1	1	7	0	[-144  -52]	13
2150.9698333333336	3.564866666666603	trials	2151.7738333333336	2152.2878333333338	0.38	2152.6268333333337	2153.0818333333336	0	1	8	0	0	16	1	1	0	0	[-115 -100]	13
2161.725066666667	3.6995999999999185	trials	2162.679066666667	2163.160066666667	0.415	2163.542066666667	2163.977066666667	0	1	20	0	0	49	1	1	0	0	[-132   83]	13
2166.1499333333336	4.320033333332958	trials	2167.1979333333334	2167.9119333333338	0.425	2168.2969333333335	2168.8469333333337	0	1	29	2	0	69	1	3	9	0	[-114   11]	13
2175.9098333333336	4.0949999999998	trials	2176.8858333333337	2177.5338333333334	0.405	2177.9068333333335	2178.4168333333337	0	1	29	1	0	68	1	1	9	0	[-114   11]	13
2180.8749333333335	3.954866666666476	trials	2181.9379333333336	2182.5359333333336	0.39	2182.8819333333336	2183.3269333333337	0	1	0	10	0	0	0	3	0	1	[-90 -82]	13
2185.5298000000003	4.315000000000055	trials	2186.5738	2187.2878	0.4	2187.6568	2188.2618	0	1	3	1	0	5	1	1	7	0	[-144  -52]	13
2195.9098	3.8899333333333743	trials	2196.7448	2197.3098	0.455	2197.7268	2198.2617999999998	0	1	0	11	0	0	0	1	5	1	[-132   83]	13
2206.1200333333336	4.569599999999809	trials	2207.150033333334	2207.6650333333337	0.415	2208.7720333333336	2209.2420333333334	0	1	9	0	0	0	0	1	9	0	[121 -76]	13
2211.7399	3.950000000000273	trials	2212.6029	2213.1839	0.395	2213.5369	2214.0769	0	1	3	2	0	6	1	3	7	0	[-144  -52]	13
2227.4998	4.13570000000027	trials	2228.3438	2229.0248	0.405	2229.3868	2229.9018	0	1	30	1	0	71	1	1	9	0	[-106  -80]	13
2232.6248	3.8298333333332266	trials	2233.4458	2234.2938	0.37	2234.6218	2234.9968	0	1	30	0	0	70	1	1	0	0	[-106  -80]	13
2238.975	3.589633333333495	trials	2239.749	2240.431	0.345	2240.7419999999997	2241.1569999999997	0	1	3	0	0	4	1	1	0	0	[-144  -52]	13
2243.399766666667	3.819999999999709	trials	2244.267766666667	2244.765766666667	0.43	2245.151766666667	2245.716766666667	0	1	3	1	0	5	1	1	7	0	[-144  -52]	13
2248.0648666666666	4.225000000000364	trials	2249.0708666666665	2249.9188666666664	0.395	2250.2718666666665	2250.7618666666667	0	1	4	2	0	9	1	3	7	0	[125 -18]	13
2253.149766666667	4.119999999999891	trials	2253.989766666667	2254.8877666666667	0.4	2255.2517666666668	2255.776766666667	0	1	14	1	0	32	1	1	9	0	[141   6]	13
2261.4900000000002	3.2445999999999913	trials	2262.277	2262.6250000000005	0.385	2262.9770000000003	2263.382	0	1	24	0	0	79	1	1	0	0	[ 95 -89]	13
2265.4897333333333	3.5298666666667486	trials	2266.4117333333334	2266.892733333333	0.39	2267.2517333333335	2267.6467333333335	0	1	4	0	0	7	1	1	0	0	[125 -18]	13
2269.8697666666667	3.9498333333335722	trials	2270.8137666666667	2271.745766666667	0.385	2272.091766666667	2272.4367666666667	0	1	15	0	0	34	1	1	0	0	[-113  -78]	13
2274.5647333333336	3.7198333333330993	trials	2275.5667333333336	2276.0307333333335	0.48	2276.4717333333338	2276.8967333333335	0	1	35	0	0	94	1	1	0	0	[123   9]	13
2279.034866666667	4.140033333333122	trials	2279.985866666667	2280.699866666667	0.45	2281.111866666667	2281.631866666667	0	1	14	2	0	33	1	3	9	0	[141   6]	13
2287.984966666667	4.1597666666666555	trials	2288.755966666667	2289.5709666666667	0.465	2289.991966666667	2290.536966666667	0	1	35	1	0	95	1	1	9	0	[123   9]	13
2293.9349666666667	4.114766666666583	trials	2294.8429666666666	2295.6069666666667	0.39	2295.966966666667	2296.4719666666665	0	1	19	1	0	47	1	1	9	0	[139  -7]	13
2301.129966666667	4.464733333333243	trials	2302.145966666667	2302.860966666667	0.45	2303.276966666667	2303.906966666667	0	1	20	1	0	50	1	1	9	0	[-132   83]	13
2313.0801	4.679766666666637	trials	2313.9351	2314.8671	0.44	2315.2671	2316.0121	0	1	20	2	0	51	0	3	9	0	[-132   83]	13
2318.574866666667	4.850566666666509	trials	2319.6548666666667	2320.552866666667	0.445	2320.961866666667	2321.681866666667	0	1	26	2	0	60	1	3	8	0	[-115   70]	13
2324.0997	3.654966666666496	trials	2324.9407	2325.3217000000004	0.41	2325.6867	2326.2217	0	1	2	1	0	2	1	1	7	0	[114  91]	13
2333.1449333333335	4.374733333333097	trials	2334.1119333333336	2335.0259333333333	0.52	2335.5119333333337	2335.9869333333336	0	1	24	1	0	80	1	1	7	0	[ 95 -89]	13
2342.830066666667	4.329733333333024	trials	2343.766066666667	2344.448066666667	0.53	2344.937066666667	2345.5370666666668	0	1	19	2	0	48	1	3	9	0	[139  -7]	13
2356.4699333333333	3.594566666666651	trials	2357.339933333333	2357.9039333333335	0.37	2358.236933333333	2358.6169333333332	0	1	2	0	0	1	1	1	0	0	[114  91]	13
2360.8097000000002	4.194999999999709	trials	2361.9077	2362.5727	0.425	2362.9617000000003	2363.4367	0	1	31	1	0	83	1	1	9	0	[-121   68]	13
2373.9399000000003	4.129766666666455	trials	2374.8979000000004	2375.6959	0.415	2376.0669000000003	2376.5419	0	1	2	1	0	2	1	1	7	0	[114  91]	13
2378.8596666666667	3.8598333333334267	trials	2379.8166666666666	2380.5316666666668	0.38	2380.8816666666667	2381.2716666666665	0	1	14	0	0	31	1	1	0	0	[141   6]	13
2388.1599	3.7647333333334245	trials	2388.9709000000003	2389.4859	0.415	2389.8669	2390.3719	0	1	24	1	0	80	1	1	7	0	[ 95 -89]	13
2392.7597666666666	4.260000000000218	trials	2393.7907666666665	2394.3547666666664	0.445	2394.7667666666666	2395.4217666666664	0	1	24	2	0	81	0	3	7	0	[ 95 -89]	13
2397.944766666667	4.480000000000018	trials	2398.975766666667	2399.957766666667	0.4	2400.326766666667	2400.881766666667	0	1	2	2	0	3	0	3	7	0	[114  91]	13
2407.02	3.794766666666874	trials	2407.897	2408.412	0.4	2408.777	2409.252	0	1	7	2	1	15	1	3	8	0	[136  87]	13
2413.8598666666667	3.409633333333659	trials	2414.7338666666665	2415.1318666666666	0.37	2415.4668666666666	2415.8768666666665	0	1	36	0	0	97	1	1	0	0	[-115   77]	13
2418.0696666666668	3.7598333333335177	trials	2419.1356666666666	2419.599666666667	0.415	2419.971666666667	2420.396666666667	0	1	16	0	0	37	1	1	0	0	[-108   82]	13
2422.669766666667	4.490600000000086	trials	2423.787766666667	2424.3027666666667	0.43	2424.696766666667	2425.441766666667	0	1	26	2	0	60	1	3	8	0	[-115   70]	13
2427.9646666666667	3.679966666666587	trials	2429.0406666666668	2429.1876666666667	0.38	2429.5316666666668	2430.1116666666667	0	1	35	1	0	95	1	1	9	0	[123   9]	13
2432.6247333333336	4.534966666666605	trials	2433.6427333333336	2434.5577333333335	0.435	2434.9617333333335	2435.5667333333336	0	1	24	2	1	81	1	3	7	0	[ 95 -89]	13
2438.2047666666667	4.129933333333611	trials	2439.1457666666665	2439.709766666667	0.46	2440.1267666666668	2440.7067666666667	0	1	24	2	0	81	1	3	7	0	[ 95 -89]	13
2448.5846333333334	4.545599999999922	trials	2449.6666333333333	2450.4646333333335	0.365	2450.8016333333335	2451.4616333333333	0	1	26	1	0	59	1	1	8	0	[-115   70]	13
2453.8596000000002	4.490600000000086	trials	2454.8866000000003	2455.7176000000004	0.37	2456.0466	2456.7166	0	1	26	1	0	59	1	1	8	0	[-115   70]	13
2459.0946	3.4548666666669305	trials	2459.8556	2460.3696	0.375	2460.7165999999997	2461.1416	0	1	12	0	0	25	1	1	0	0	[-136  -23]	13
2463.6345666666666	3.1798666666668396	trials	2464.7905666666666	2464.7885666666666	0.385	2465.1315666666665	2465.4365666666667	0	1	10	0	0	19	1	1	0	0	[ -9 110]	13
2468.6748333333335	4.514666666666471	trials	2469.5268333333333	2469.9908333333333	0.455	2471.4068333333335	2471.7618333333335	0	1	1	1	0	0	0	1	7	0	[114  91]	13
2475.3148	3.46979999999985	trials	2476.1138	2476.3608	0.385	2476.7068	2477.3068000000003	0	1	6	1	0	11	1	1	8	0	[-13 111]	13
2484.9349666666667	4.444733333333261	trials	2486.084966666667	2486.6829666666667	0.555	2487.1919666666668	2487.7219666666665	0	1	29	2	0	69	1	3	9	0	[-114   11]	13
2492.5098333333335	4.539766666666765	trials	2493.5718333333334	2494.5368333333336	0.42	2494.9118333333336	2495.4068333333335	0	1	39	1	0	107	1	1	9	0	[-90 -82]	13
2497.9296	3.999966666666751	trials	2499.0406	2499.5056	0.405	2499.8666	2500.3866	0	1	2	1	0	2	1	1	7	0	[114  91]	13
2502.649566666667	3.1248666666665486	trials	2503.542566666667	2503.6575666666668	0.35	2503.976566666667	2504.346566666667	0	1	22	0	0	73	1	1	0	0	[126  82]	13
2506.504566666667	4.324866666666367	trials	2507.394566666667	2507.959566666667	0.405	2509.031566666667	2509.386566666667	0	1	1	1	0	0	0	1	7	0	[114  91]	13
2511.774566666667	4.73070000000007	trials	2512.914566666667	2513.8785666666668	0.265	2514.106566666667	2514.751566666667	0	1	12	1	0	26	1	1	9	0	[-136  -23]	13
2519.9198333333334	4.349700000000212	trials	2520.7518333333333	2521.6828333333333	0.46	2522.1068333333333	2522.7018333333335	0	1	23	1	0	77	1	1	7	0	[-4 93]	13
2526.2397666666666	3.7946333333334223	trials	2527.1547666666665	2527.9357666666665	0.37	2528.2717666666667	2528.5767666666666	0	1	6	0	0	10	1	1	0	0	[-13 111]	13
2534.7298	3.539600000000064	trials	2535.5258	2536.1568	0.415	2536.5318	2536.8468000000003	0	1	23	0	0	76	1	1	0	0	[-4 93]	13
2539.8248000000003	4.049666666666326	trials	2540.6948	2541.3758000000003	0.375	2542.6018000000004	2543.0118	0	0	5	0	0	0	0	1	8	0	[136  87]	13
2554.5395333333336	4.089866666666694	trials	2555.5185333333334	2556.4325333333336	0.375	2556.7665333333334	2557.1965333333337	0	1	11	0	0	22	1	1	0	0	[121 -76]	13
2559.3595333333333	4.099833333333663	trials	2560.1365333333333	2561.135533333333	0.52	2561.611533333333	2562.026533333333	0	1	35	0	0	94	1	1	0	0	[123   9]	13
2566.584766666667	4.419766666666419	trials	2567.640766666667	2568.471766666667	0.43	2568.861766666667	2569.3717666666666	0	1	38	1	0	104	1	1	9	0	[105 -83]	13
2571.8446333333336	4.489933333333283	trials	2572.9096333333337	2573.691633333334	0.385	2574.0316333333335	2574.7416333333335	0	1	0	12	0	0	0	3	5	1	[-13 111]	13
2577.2296333333334	4.150000000000091	trials	2578.2126333333335	2578.9606333333336	0.4	2579.3166333333334	2579.8016333333335	0	1	14	2	0	33	1	3	9	0	[141   6]	13
2582.2345	4.004866666666658	trials	2583.0645	2584.0465	0.4	2584.4065	2584.8065	0	1	27	0	0	61	1	1	0	0	[115 -80]	13
2587.1145	4.1550000000002	trials	2588.1675	2588.6815	0.4	2589.0415000000003	2589.7065000000002	0	1	7	1	0	14	1	1	8	0	[136  87]	13
2591.9445	4.169833333333372	trials	2593.0195	2593.8845	0.39	2594.2415	2594.6665000000003	0	1	38	0	0	103	1	1	0	0	[105 -83]	13
2596.8795	4.095033333333504	trials	2597.8715	2598.5535	0.38	2598.8915	2599.4065	0	1	31	1	0	83	1	1	9	0	[-121   68]	13
2601.6846333333333	4.179933333333338	trials	2602.5246333333334	2603.121633333333	0.46	2603.536633333333	2604.2966333333334	0	1	22	2	0	75	1	3	7	0	[126  82]	13
2611.0047333333337	3.829599999999573	trials	2612.112733333334	2612.6267333333335	0.375	2612.9617333333335	2613.3817333333336	0	1	20	0	0	49	1	1	0	0	[-132   83]	13
2620.7195	3.4548333333332266	trials	2621.4995000000004	2621.9475	0.42	2622.3315000000002	2622.7215	0	1	37	0	0	100	1	1	0	0	[119  80]	13
2624.9345000000003	3.8849666666665144	trials	2625.9185	2626.3665	0.38	2626.7065000000002	2627.2815000000005	0	1	23	1	0	77	1	1	7	0	[-4 93]	13
2629.5146	4.445000000000164	trials	2630.6546	2631.6196	0.31	2631.8866	2632.3266	0	1	11	2	0	24	1	3	9	0	[121 -76]	13
2640.3947000000003	3.779633333333095	trials	2641.2597	2642.0077	0.33	2642.3017000000004	2642.7167000000004	0	1	30	0	0	70	1	1	0	0	[-106  -80]	13
2644.7296333333334	4.775666666666893	trials	2645.8616333333334	2646.8436333333334	0.41	2647.2116333333333	2647.7116333333333	0	1	21	2	0	54	1	3	9	0	[-134  -83]	13
2650.319466666667	4.199866666666821	trials	2651.3474666666666	2652.3124666666668	0.34	2652.616466666667	2653.0464666666667	0	1	39	0	0	106	1	1	0	0	[-90 -82]	13
2656.0997	3.889599999999973	trials	2656.8677000000002	2657.8487	0.3	2658.1067000000003	2658.5267000000003	0	1	26	0	0	58	1	1	0	0	[-115   70]	13
2660.5644666666667	4.064833333333354	trials	2661.4194666666667	2662.4004666666665	0.33	2662.6964666666668	2663.1714666666667	0	1	39	0	0	106	1	1	0	0	[-90 -82]	13
2665.2445666666667	4.400066666666589	trials	2666.405566666667	2667.1525666666666	0.405	2667.5165666666667	2668.006566666667	0	1	31	2	0	84	1	3	9	0	[-121   68]	13
2676.5194333333334	4.45490000000018	trials	2677.6104333333333	2678.1084333333333	0.34	2679.1564333333336	2679.5214333333333	0	1	9	1	0	0	0	1	9	0	[ -9 110]	13
2686.7044333333333	3.659866666666858	trials	2687.4654333333333	2688.1794333333332	0.38	2688.5314333333336	2688.9214333333334	0	1	14	0	0	31	1	1	0	0	[141   6]	13
2691.1194333333333	4.540700000000015	trials	2692.0344333333333	2692.8984333333333	0.495	2693.3564333333334	2693.9364333333333	0	1	33	1	0	89	1	1	9	0	[134 -46]	13
2696.484566666667	4.3349666666663325	trials	2697.520566666667	2698.284566666667	0.44	2698.681566666667	2699.221566666667	0	1	35	2	0	96	1	3	9	0	[123   9]	13
2701.5994	4.20490000000018	trials	2702.6394	2703.5374	0.415	2703.9164	2704.3414000000002	0	1	0	2	0	0	0	1	2	1	[111  93]	13
2711.409666666667	3.909599999999955	trials	2712.4936666666667	2713.141666666667	0.415	2713.516666666667	2713.891666666667	0	1	17	0	0	40	1	1	0	0	[117  86]	13
2716.1894	3.6757333333334827	trials	2716.9464000000003	2717.3104000000003	0.415	2717.6864	2718.1464	0	1	34	1	0	92	1	1	9	0	[122 -81]	13
2720.5895333333333	3.90003333333334	trials	2721.5985333333333	2722.079533333333	0.395	2722.4315333333334	2722.896533333333	0	1	37	2	0	102	1	3	9	0	[119  80]	13
2725.2044	3.7998666666667305	trials	2726.0674	2726.9654	0.38	2727.3014000000003	2727.5564	0	1	10	0	0	19	1	1	0	0	[ -9 110]	13
2729.5795333333335	4.005666666666457	trials	2730.6195333333335	2730.8665333333333	0.445	2731.2715333333335	2731.7965333333336	0	1	34	2	0	93	1	3	9	0	[122 -81]	13
2734.3495333333335	3.9699999999998	trials	2735.3215333333337	2735.7865333333334	0.405	2736.1515333333336	2736.6815333333334	0	1	10	2	0	21	1	3	9	0	[ -9 110]	13
2741.5046333333335	4.4097666666666555	trials	2742.3586333333333	2743.3066333333336	0.445	2743.7066333333337	2744.3966333333333	0	1	17	1	0	41	1	1	9	0	[117  86]	13
2748.1644	4.235700000000179	trials	2749.1944000000003	2749.7424	0.49	2750.1914	2750.6814	0	1	21	1	0	53	1	1	9	0	[-134  -83]	13
2753.1045	4.2900333333336675	trials	2754.2305	2754.8615	0.5	2755.3315	2755.7765	0	1	38	2	0	105	1	3	9	0	[105 -83]	13
2760.5996	3.609633333333477	trials	2761.3676	2761.9986	0.41	2762.3716	2762.7566	0	1	36	0	0	97	1	1	0	0	[-115   77]	13
2764.8245	3.9949666666666417	trials	2765.7865	2766.2845	0.46	2766.7065000000002	2767.2465	0	1	4	2	0	9	1	3	7	0	[125 -18]	13
2769.849366666667	4.4850333333333765	trials	2770.8553666666667	2771.720366666667	0.405	2772.081366666667	2772.671366666667	0	1	13	1	0	29	1	1	9	0	[-117   88]	13
2774.9893666666667	4.265000000000327	trials	2776.041366666667	2776.8223666666668	0.405	2777.186366666667	2777.6613666666667	0	1	14	1	0	32	1	1	9	0	[141   6]	13
2780.7046	4.5897666666669465	trials	2781.7106	2782.6756	0.405	2783.0416	2783.7166	0	1	6	1	0	11	1	1	8	0	[-13 111]	13
2794.0693333333334	4.044866666666621	trials	2795.133333333333	2795.9153333333334	0.405	2796.2913333333336	2796.6863333333336	0	1	4	0	0	7	1	1	0	0	[125 -18]	13
2798.8544666666667	3.840666666666948	trials	2799.6694666666667	2800.1334666666667	0.46	2800.551466666667	2801.0414666666666	0	1	32	2	0	87	1	3	9	0	[-117  -86]	13
2803.2893333333336	3.779866666666294	trials	2804.1883333333335	2804.9523333333336	0.39	2805.3113333333336	2805.7013333333334	0	1	2	0	0	1	1	1	0	0	[114  91]	13
2807.7593333333334	3.684866666666494	trials	2808.5733333333333	2809.354333333333	0.355	2809.6763333333333	2810.0013333333336	0	1	23	0	0	76	1	1	0	0	[-4 93]	13
2829.1593000000003	3.8798666666666577	trials	2830.0003	2830.9483000000005	0.29	2831.2063000000003	2831.6013000000003	0	1	3	0	0	4	1	1	0	0	[-144  -52]	13
2833.7894333333334	4.570700000000215	trials	2834.8194333333336	2835.6674333333335	0.395	2836.0314333333336	2836.5714333333335	0	1	39	2	0	108	1	3	9	0	[-90 -82]	13
2839.1943333333334	3.8598333333334267	trials	2839.9883333333332	2840.9203333333335	0.345	2841.2363333333333	2841.5963333333334	0	1	37	0	0	100	1	1	0	0	[119  80]	13
2843.7444333333333	4.025000000000091	trials	2844.607433333333	2845.2224333333334	0.435	2845.6114333333335	2846.1664333333333	0	1	17	2	0	42	1	3	9	0	[117  86]	13
2850.539566666667	4.514766666666674	trials	2851.6615666666667	2852.609566666667	0.385	2852.961566666667	2853.4365666666667	0	1	10	1	0	20	1	1	9	0	[ -9 110]	13
2855.7444333333333	4.949866666666821	trials	2856.6304333333333	2857.6114333333335	0.325	2858.8164333333334	2859.1914333333334	0	1	5	2	0	0	0	3	8	0	[-13 111]	13
2863.7645666666667	3.699700000000121	trials	2864.7505666666666	2864.8985666666667	0.415	2865.276566666667	2865.876566666667	0	1	23	1	0	77	1	1	7	0	[-4 93]	13
2870.5646666666667	4.019733333333534	trials	2871.4036666666666	2871.951666666667	0.46	2872.3766666666666	2872.9266666666667	0	1	19	2	0	48	1	3	9	0	[139  -7]	13
2875.6793000000002	3.859866666666676	trials	2876.6393000000003	2877.3873000000003	0.35	2877.6963	2878.0913	0	1	31	0	0	82	1	1	0	0	[-121   68]	13
2883.3495333333335	4.189733333333152	trials	2884.2765333333336	2885.0415333333335	0.465	2885.4615333333336	2886.0015333333336	0	1	24	1	0	80	1	1	7	0	[ 95 -89]	13
2888.4142666666667	3.4998666666670033	trials	2889.2292666666667	2889.6932666666667	0.375	2890.031266666667	2890.4562666666666	0	1	15	0	0	34	1	1	0	0	[-113  -78]	13
2894.0445	4.370400000000245	trials	2894.9655	2895.7965	0.47	2896.2365	2896.7465	0	1	27	1	0	62	1	1	8	0	[115 -80]	13
2899.2393666666667	3.9850000000001273	trials	2900.2173666666667	2900.6983666666665	0.4	2901.066366666667	2901.6563666666666	0	1	2	2	0	3	1	3	7	0	[114  91]	13
2906.4896333333336	4.079766666666728	trials	2907.2546333333335	2907.9356333333335	0.415	2908.3116333333337	2908.9566333333337	0	1	6	2	0	12	1	3	8	0	[-13 111]	13
2911.339266666667	4.009833333333518	trials	2912.357266666667	2913.0882666666666	0.405	2913.451266666667	2913.8962666666666	0	1	33	0	0	88	1	1	0	0	[134 -46]	13
2916.1842666666666	3.7754333333336945	trials	2916.975266666667	2917.473266666667	0.41	2917.8462666666665	2918.3562666666667	0	1	4	1	0	8	1	1	7	0	[125 -18]	13
2920.774366666667	3.8149999999996	trials	2921.661366666667	2922.092366666667	0.38	2922.441366666667	2922.991366666667	0	1	3	2	0	6	1	3	7	0	[-144  -52]	13
2925.5493666666666	4.225000000000364	trials	2926.4973666666665	2926.9613666666664	0.475	2927.4013666666665	2928.166366666667	0	1	7	2	0	15	1	3	8	0	[136  87]	13
2930.5442666666668	3.6950000000001637	trials	2931.3162666666667	2931.9142666666667	0.405	2932.286266666667	2932.7062666666666	0	1	37	1	0	101	1	1	9	0	[119  80]	13
2935.1042666666667	3.8848333333335177	trials	2935.9852666666666	2936.7662666666665	0.4	2937.136266666667	2937.551266666667	0	1	11	0	0	22	1	1	0	0	[121 -76]	13
2939.8292333333334	4.019866666666985	trials	2940.6702333333333	2940.7512333333334	0.32	2942.0912333333335	2942.4012333333335	0	1	5	1	0	0	0	1	8	0	[-13 111]	13
2946.594466666667	3.59976666666671	trials	2947.674466666667	2947.688466666667	0.45	2948.101466666667	2948.621466666667	0	1	35	1	0	95	1	1	9	0	[123   9]	13
2951.0392333333334	3.7950000000000728	trials	2951.9922333333334	2952.3732333333332	0.43	2952.7712333333334	2953.2512333333334	0	1	35	1	0	95	1	1	9	0	[123   9]	13
2955.689366666667	4.724833333333208	trials	2956.511366666667	2957.309366666667	0.35	2958.4963666666667	2958.911366666667	0	1	1	2	0	0	0	3	7	0	[-144  -52]	13
2965.7995	3.169600000000173	trials	2966.7835	2966.8305	0.38	2967.1715	2967.5215000000003	0	1	25	0	0	55	1	1	0	0	[  8 102]	13
2971.299466666667	3.9097666666666555	trials	2972.252466666667	2972.717466666667	0.38	2973.061466666667	2973.6114666666667	0	1	29	1	0	68	1	1	9	0	[-114   11]	13
2976.0243333333333	3.9200000000000728	trials	2976.9383333333335	2977.4023333333334	0.435	2977.8013333333333	2978.2763333333332	0	1	7	2	0	15	1	3	8	0	[136  87]	13
2980.6593333333335	4.580699999999979	trials	2981.6073333333334	2982.5713333333333	0.415	2982.9413333333337	2983.4613333333336	0	1	34	2	0	93	1	3	9	0	[122 -81]	13
2985.9092	4.174966666666933	trials	2986.7932	2987.6742	0.38	2988.0112	2988.5562	0	1	23	1	0	77	1	1	7	0	[-4 93]	13
3000.0144333333333	3.9147666666667646	trials	3001.016433333333	3001.5144333333333	0.39	3001.8714333333332	3002.3314333333333	0	1	16	1	0	38	1	1	9	0	[-108   82]	13
3004.6592	4.4756666666667115	trials	3005.5682	3006.5332	0.37	3006.8712	3007.4062	0	1	34	1	0	92	1	1	9	0	[122 -81]	13
3009.9643	4.35570000000007	trials	3011.0713	3011.5693	0.44	3011.9713	3012.5263	0	1	33	2	0	90	1	3	9	0	[134 -46]	13
3021.7944333333335	4.884599999999864	trials	3022.6434333333336	3023.5244333333335	0.45	3024.7764333333334	3025.2014333333336	0	1	1	0	0	0	0	1	7	0	[125 -18]	13
3029.9844333333335	3.8045999999999367	trials	3030.8804333333337	3031.6454333333336	0.4	3032.0014333333334	3032.3164333333334	0	1	25	0	0	55	1	1	0	0	[  8 102]	13
3034.459166666667	3.639833333333172	trials	3035.233166666667	3035.880166666667	0.395	3036.231166666667	3036.636166666667	0	1	32	0	0	85	1	1	0	0	[-117  -86]	13
3040.624566666667	3.899699999999939	trials	3041.5365666666667	3042.100566666667	0.375	3042.441566666667	3042.926566666667	0	1	28	2	0	66	0	3	9	0	[110  79]	13
3047.3795	4.220400000000154	trials	3048.2225	3048.9205	0.46	3049.3365	3049.8665	0	1	27	2	0	63	1	3	8	0	[115 -80]	13
3052.3991666666666	4.124833333333754	trials	3053.4411666666665	3054.3391666666666	0.39	3054.6861666666664	3055.0911666666666	0	1	21	0	0	52	1	1	0	0	[-134  -83]	13
3057.244166666667	4.089833333333445	trials	3058.1941666666667	3059.1251666666667	0.425	3059.506166666667	3059.8861666666667	0	1	7	0	0	13	1	1	0	0	[136  87]	13
3061.9441333333334	3.2948666666666213	trials	3062.9791333333333	3063.0601333333334	0.38	3063.3961333333336	3063.7961333333333	0	1	16	0	0	37	1	1	0	0	[-108   82]	13
3065.829166666667	3.7156666666664933	trials	3066.8151666666668	3066.929166666667	0.41	3067.296166666667	3067.796166666667	0	1	15	1	0	35	1	1	9	0	[-113  -78]	13
3070.3241666666668	4.274800000000141	trials	3071.3501666666666	3072.331166666667	0.47	3072.771166666667	3073.141166666667	0	1	34	0	0	91	1	1	0	0	[122 -81]	13
3075.3091333333336	3.994799999999941	trials	3076.4361333333336	3077.0171333333337	0.41	3077.386133333334	3077.861133333334	0	1	12	0	0	25	1	1	0	0	[-136  -23]	13
3079.8142333333335	4.629866666666658	trials	3080.5712333333336	3081.3192333333336	0.585	3082.5662333333335	3082.9412333333335	0	1	9	2	0	0	0	3	9	0	[ -9 110]	13
3090.6491333333333	3.7798333333334995	trials	3091.4261333333334	3092.291133333333	0.415	3092.6711333333333	3093.0061333333333	0	1	28	0	0	64	1	1	0	0	[110  79]	13
3095.2041333333336	4.054999999999836	trials	3096.2291333333337	3096.9771333333338	0.39	3097.3311333333336	3097.7661333333335	0	1	0	0	0	0	0	1	2	1	[30 95]	13
3100.2141	3.934866666666494	trials	3101.1641	3101.9461	0.38	3102.2911000000004	3102.6761	0	1	22	0	0	73	1	1	0	0	[126  82]	13
3107.4493666666667	4.510433333333367	trials	3108.5183666666667	3109.3663666666666	0.4	3109.7363666666665	3110.2263666666668	0	1	15	1	0	35	1	1	9	0	[-113  -78]	13
3112.9541	3.0249000000003434	trials	3113.7541	3114.5020999999997	0.405	3114.8660999999997		0	0	8	0	0	16	0	1	0	0	[-115 -100]	13
3117.0243333333333	5.27963333333355	trials	3118.1563333333334	3119.137333333333	0.36	3120.541333333333	3120.856333333333	0	1	5	0	0	0	0	1	8	0	[-13 111]	13
3122.8442333333337	3.990666666666584	trials	3123.7092333333335	3124.173233333334	0.435	3124.5762333333337	3125.0512333333336	0	1	30	2	0	72	1	3	9	0	[-106  -80]	13
3129.4393333333337	4.08963333333304	trials	3130.5623333333338	3131.377333333334	0.395	3131.7363333333337	3132.056333333334	0	1	3	0	0	4	1	1	0	0	[-144  -52]	13
3140.9043333333334	3.464600000000246	trials	3141.8673333333336	3142.1653333333334	0.385	3142.5213333333336	3142.9163333333336	0	1	18	0	0	43	1	1	0	0	[114 -86]	13
3145.0792333333334	4.194933333333665	trials	3145.886233333333	3146.8512333333333	0.37	3147.1812333333332	3147.6662333333334	0	1	24	2	0	81	1	3	7	0	[ 95 -89]	13
3161.0543000000002	3.9847666666664736	trials	3161.8603000000003	3162.5753000000004	0.435	3162.9713	3163.4313	0	1	36	1	0	98	1	1	9	0	[-115   77]	13
3165.6442	4.674833333333481	trials	3166.6632	3167.3272	0.47	3168.4612	3168.7962	0	1	9	2	0	0	0	3	9	0	[ -9 110]	13
3173.1293	4.019633333333331	trials	3174.2663000000002	3174.9143	0.42	3175.2963	3175.6813	0	1	16	0	0	37	1	1	0	0	[-108   82]	13
3177.7943	3.6847333333334973	trials	3178.5523	3179.0503	0.43	3179.4413	3179.9713	0	1	22	1	0	74	1	1	7	0	[126  82]	13
3183.1892666666668	3.894800000000032	trials	3184.1552666666666	3184.6692666666668	0.37	3185.0062666666668	3185.5012666666667	0	1	35	1	0	95	1	1	9	0	[123   9]	13
3188.0540333333333	4.1748666666667305	trials	3189.207033333333	3190.022033333333	0.375	3190.361033333333	3190.7860333333333	0	1	24	0	0	79	1	1	0	0	[ 95 -89]	13
3193.0891666666666	4.0300000000002	trials	3194.1761666666666	3194.4901666666665	0.485	3194.9411666666665	3195.5061666666666	0	1	24	2	0	81	1	3	7	0	[ 95 -89]	13
3202.789166666667	4.704966666666678	trials	3203.8641666666667	3204.745166666667	0.45	3205.151166666667	3205.841166666667	0	1	3	2	0	6	1	3	7	0	[-144  -52]	13
3208.2040666666667	3.680000000000291	trials	3208.966066666667	3209.531066666667	0.435	3209.921066666667	3210.3260666666665	0	1	11	1	0	23	1	1	9	0	[121 -76]	13
3212.7541666666666	4.59996666666666	trials	3213.7521666666667	3214.717166666667	0.45	3215.1261666666664	3215.7411666666667	0	1	25	2	0	57	1	3	8	0	[  8 102]	13
3219.344266666667	4.024599999999737	trials	3220.255266666667	3221.170266666667	0.355	3221.496266666667	3221.931266666667	0	1	29	0	0	67	1	1	0	0	[-114   11]	13
3224.0790333333334	4.039999999999964	trials	3224.8740333333335	3225.8390333333336	0.375	3226.1760333333336	3226.5960333333333	0	1	28	1	0	65	1	1	9	0	[110  79]	13
3228.8090333333334	4.574833333333572	trials	3229.7430333333336	3230.3080333333332	0.295	3231.5610333333334	3231.9760333333334	0	1	9	0	0	0	0	1	9	0	[-136  -23]	13
3240.199266666667	4.454733333333024	trials	3241.315266666667	3242.047266666667	0.495	3242.511266666667	3243.096266666667	0	1	3	1	0	5	1	1	7	0	[-144  -52]	13
3245.5240000000003	3.7198666666663485	trials	3246.418	3246.9990000000003	0.41	3247.3660000000004	3247.7810000000004	0	1	18	0	0	43	1	1	0	0	[114 -86]	13
3250.9093666666668	4.5996000000000095	trials	3251.887366666667	3252.468366666667	0.355	3253.6413666666667	3254.001366666667	0	1	5	2	0	0	0	3	8	0	[-13 111]	13
3256.134	3.734866666666676	trials	3256.9900000000002	3257.638	0.415	3258.016	3258.426	0	1	12	0	0	25	1	1	0	0	[-136  -23]	13
3260.6290000000004	4.125699999999597	trials	3261.559	3262.0400000000004	0.415	3262.416	3263.0310000000004	0	1	32	1	0	86	1	1	9	0	[-117  -86]	13
3268.2792333333337	3.6995999999999185	trials	3269.3792333333336	3269.7272333333335	0.39	3270.0862333333334	3270.521233333334	0	1	13	0	0	28	1	1	0	0	[-117   88]	13
3272.663966666667	4.114999999999782	trials	3273.497966666667	3274.3459666666668	0.395	3274.705966666667	3275.245966666667	0	1	23	1	0	77	1	1	7	0	[-4 93]	13
3283.3842	4.500400000000354	trials	3284.3362	3285.2682	0.405	3285.6412	3286.1862	0	1	8	1	1	17	1	1	8	0	[-115 -100]	13
3288.708966666667	4.2849999999998545	trials	3289.471966666667	3290.469966666667	0.405	3290.830966666667	3291.4309666666672	0	1	25	1	0	56	1	1	8	0	[  8 102]	13
3294.8643333333334	4.37976666666691	trials	3295.9593333333332	3296.7233333333334	0.44	3297.1213333333335	3297.6413333333335	0	1	18	2	0	45	1	3	9	0	[114 -86]	13
3300.238966666667	4.004866666666658	trials	3301.093966666667	3302.058966666667	0.4	3302.415966666667	3302.8009666666667	0	1	19	0	0	46	1	1	0	0	[139  -7]	13
3305.1941	4.43003333333354	trials	3306.1631	3307.1611000000003	0.42	3307.5411000000004	3307.9861	0	1	16	2	0	39	1	3	9	0	[-108   82]	13
3311.8892333333333	4.22973333333357	trials	3312.6502333333333	3313.6482333333333	0.4	3314.0062333333335	3314.4962333333333	0	1	18	1	0	44	1	1	9	0	[114 -86]	13
3323.7842	3.5545999999999367	trials	3324.5892	3325.0702	0.455	3325.4862000000003	3325.8762	0	1	13	0	0	28	1	1	0	0	[-117   88]	13
3328.098966666667	4.065700000000106	trials	3329.207966666667	3329.671966666667	0.39	3330.0309666666667	3330.455966666667	0	1	36	1	0	98	1	1	9	0	[-115   77]	13
3334.239266666667	4.390433333333021	trials	3335.111266666667	3336.025266666667	0.375	3336.366266666667	3336.871266666667	0	1	8	2	1	18	1	3	8	0	[-115 -100]	13
3339.1890000000003	4.694799999999759	trials	3339.996	3340.7110000000002	0.39	3342.0560000000005	3342.456	0	1	5	1	0	0	0	1	8	0	[136  87]	13
3344.4639333333334	3.7498333333332994	trials	3345.2159333333334	3346.0969333333333	0.415	3346.4759333333336	3346.7609333333335	0	1	23	0	0	76	1	1	0	0	[-4 93]	13
3348.7790333333337	3.449999999999818	trials	3349.6180333333336	3349.7490333333335	0.4	3350.106033333334	3350.5960333333337	0	1	10	2	0	21	1	3	9	0	[ -9 110]	13
3352.8090333333334	4.185033333333195	trials	3353.6360333333337	3354.3680333333336	0.375	3354.7060333333334	3355.3160333333335	0	1	20	2	0	51	1	3	9	0	[-132   83]	13
3359.879266666667	4.47476666666671	trials	3360.9072666666666	3361.821266666667	0.41	3362.1862666666666	3362.766266666667	0	1	23	2	0	78	1	3	7	0	[-4 93]	13
3366.6441333333337	2.6446666666665806	trials	3367.4431333333337	3368.0081333333337	0.445	3368.4111333333335		0	0	20	0	0	49	0	1	0	0	[-132   83]	13
3370.524166666667	3.6547666666665464	trials	3371.462166666667	3371.7261666666673	0.375	3372.066166666667	3372.606166666667	0	1	14	1	0	32	1	1	9	0	[141   6]	13
3377.4341333333336	4.529766666666546	trials	3378.515133333334	3379.4801333333335	0.435	3379.8711333333335	3380.3911333333335	0	1	19	1	0	47	1	1	9	0	[139  -7]	13
3382.8489	4.280700000000252	trials	3383.7009	3384.3489	0.49	3384.7959	3385.3909	0	1	12	1	1	26	1	1	9	0	[-136  -23]	13
3393.4739	3.974833333333663	trials	3394.4559	3395.2039	0.45	3395.6159	3396.0209	0	1	36	0	0	97	1	1	0	0	[-115   77]	13
3397.9542666666666	4.304766666667092	trials	3399.0082666666667	3399.7732666666666	0.415	3400.156266666667	3400.6362666666664	0	1	36	2	0	99	1	3	9	0	[-115   77]	13
3409.3342333333335	4.020433333333131	trials	3410.2642333333333	3410.5952333333335	0.43	3410.9862333333335	3411.5712333333336	0	1	33	2	0	90	1	3	9	0	[134 -46]	13
3416.6991000000003	3.8253666666664685	trials	3417.4671000000003	3418.0151	0.36	3418.3461	3418.8561000000004	0	1	8	1	0	17	1	1	8	0	[-115 -100]	13
3422.7891	3.859633333333477	trials	3423.8041	3424.4681	0.405	3424.8311	3425.2010999999998	0	1	8	0	0	16	1	1	0	0	[-115 -100]	13
3431.2091	3.955500000000029	trials	3432.0911	3432.6051	0.43	3433.0061	3433.5411	0	1	12	1	0	26	1	1	9	0	[-136  -23]	13
3435.9138666666668	3.664866666666512	trials	3436.7258666666667	3437.373866666667	0.38	3437.7258666666667	3438.2008666666666	0	1	33	0	0	88	1	1	0	0	[134 -46]	13
3446.5638333333336	4.070033333333413	trials	3447.3648333333335	3448.1958333333337	0.38	3448.535833333334	3449.1308333333336	0	1	18	1	0	44	1	1	9	0	[114 -86]	13
3451.5538333333334	4.065033333333304	trials	3452.4508333333333	3453.014833333333	0.39	3453.3758333333335	3453.9608333333335	0	1	13	1	0	29	1	1	9	0	[-117   88]	13
3456.3888666666667	3.1998333333335722	trials	3457.152866666667	3457.4168666666665	0.39	3457.7658666666666	3458.1408666666666	0	1	22	0	0	73	1	1	0	0	[126  82]	13
3473.3888333333334	4.494999999999891	trials	3474.2778333333335	3475.2428333333332	0.46	3475.6608333333334	3476.2508333333335	0	1	20	1	0	50	1	1	9	0	[-132   83]	13
3478.6238333333336	3.979966666666769	trials	3479.5138333333334	3480.1118333333334	0.44	3480.5208333333335	3481.0958333333338	0	1	22	1	0	74	1	1	7	0	[126  82]	13
3486.3892	4.134733333333315	trials	3487.2512	3487.7992	0.45	3488.2162000000003	3488.9612	0	1	22	2	0	75	1	3	7	0	[126  82]	13
3491.453966666667	4.265666666666675	trials	3492.369966666667	3492.984966666667	0.43	3493.370966666667	3493.945966666667	0	1	32	2	0	87	1	3	9	0	[-117  -86]	13
3496.4138333333335	4.360700000000179	trials	3497.3558333333335	3498.0368333333336	0.435	3498.4408333333336	3499.0308333333337	0	1	12	1	0	26	1	1	9	0	[-136  -23]	13
3503.1341666666667	3.5648000000001048	trials	3504.2091666666665	3504.2571666666668	0.385	3504.606166666667	3505.0661666666665	0	1	31	2	0	84	1	3	9	0	[-121   68]	13
3508.4490333333333	3.734666666666726	trials	3509.312033333333	3509.9590333333335	0.415	3510.3310333333334	3510.696033333333	0	1	0	0	0	0	0	1	2	1	[ -9 -98]	13
3513.0388000000003	4.660699999999906	trials	3514.0638000000004	3515.0288	0.42	3515.4158	3515.9758	0	1	12	1	0	26	1	1	9	0	[-136  -23]	13
3518.6438000000003	4.505699999999706	trials	3519.7828000000004	3520.3808000000004	0.445	3520.7908	3521.4308	0	1	12	1	0	26	1	1	9	0	[-136  -23]	13
3523.8038	3.704866666666476	trials	3524.8688	3525.3338000000003	0.4	3525.6958	3526.0808	0	1	26	0	0	58	1	1	0	0	[-115   70]	13
3528.4288	4.195033333333413	trials	3529.4708	3530.4528	0.325	3530.7408	3531.1258000000003	0	1	0	0	0	0	0	1	2	1	[-118   68]	13
3570.9190000000003	3.4154666666663616	trials	3571.7580000000003	3572.6730000000002	0.445	3573.0760000000005		0	0	20	1	0	50	0	1	9	0	[-132   83]	13
3577.0239666666666	4.469833333333554	trials	3577.9949666666666	3578.9259666666667	0.355	3579.2509666666665	3579.8809666666666	0	1	20	1	1	50	1	1	9	0	[-132   83]	13
3582.3137333333334	3.279933333333247	trials	3583.0967333333333	3584.0787333333333	0.495	3584.5307333333335		0	0	30	0	0	70	0	1	0	0	[-106  -80]	13
3610.938966666667	3.7895999999996093	trials	3611.793966666667	3612.5759666666672	0.37	3612.905966666667	3613.270966666667	0	1	10	0	0	19	1	1	0	0	[ -9 110]	13
3615.4037333333335	3.714866666666694	trials	3616.3627333333334	3617.0277333333333	0.27	3617.2657333333336	3617.6557333333335	0	1	39	0	0	106	1	1	0	0	[-90 -82]	13
3627.1987333333336	4.019999999999982	trials	3627.951733333334	3628.7997333333337	0.4	3629.1557333333335	3629.7157333333334	0	1	0	1	0	0	0	1	2	1	[-41  73]	13
3631.9537333333337	4.154866666666294	trials	3633.0377333333336	3633.8527333333336	0.41	3634.230733333334	3634.6357333333335	0	1	18	0	0	43	1	1	0	0	[114 -86]	13
3639.324066666667	4.595466666666653	trials	3640.375066666667	3641.173066666667	0.455	3641.596066666667	3642.186066666667	0	1	20	2	0	51	1	3	9	0	[-132   83]	13
3644.5637333333334	4.400666666666893	trials	3645.6107333333334	3646.2247333333335	0.44	3646.6307333333334	3647.225733333333	0	1	12	1	0	26	1	1	9	0	[-136  -23]	13
3653.7290666666668	4.390466666666725	trials	3654.7980666666667	3655.296066666667	0.51	3655.776066666667	3656.3360666666667	0	1	12	2	0	27	1	3	9	0	[-136  -23]	13
3658.7838333333334	3.8199666666669145	trials	3659.6508333333336	3660.148833333333	0.415	3660.5258333333336	3661.0008333333335	0	1	38	2	0	105	1	3	9	0	[105 -83]	13
3663.8387000000002	3.9998999999997977	trials	3664.6527	3665.6177000000002	0.465	3666.0407000000005	3666.4057000000003	0	1	2	0	0	1	1	1	0	0	[114  91]	13
3670.174066666667	4.009700000000066	trials	3671.1060666666667	3671.688066666667	0.43	3672.081066666667	3672.686066666667	0	1	24	2	0	81	1	3	7	0	[ 95 -89]	13
3684.6989000000003	4.234766666666474	trials	3685.6969000000004	3686.5949000000005	0.345	3686.9009000000005	3687.5009000000005	0	1	2	1	0	2	1	1	7	0	[114  91]	13
3689.818666666667	3.4748333333332084	trials	3690.748666666667	3691.096666666667	0.41	3691.465666666667	3691.885666666667	0	1	29	0	0	67	1	1	0	0	[-114   11]	13
3698.6039	3.8896333333332223	trials	3699.3869	3700.3679	0.31	3700.6409	3701.0309	0	1	19	0	0	46	1	1	0	0	[139  -7]	13
3703.213666666667	3.695033333332958	trials	3704.071666666667	3704.469666666667	0.375	3704.815666666667	3705.330666666667	0	1	10	1	0	20	1	1	9	0	[ -9 110]	13
3707.518666666667	4.040633333333517	trials	3708.4576666666667	3709.038666666667	0.405	3709.405666666667	3709.9106666666667	0	1	27	1	0	62	1	1	8	0	[115 -80]	13
3712.3688	4.014999999999873	trials	3713.3098	3713.9748000000004	0.42	3714.3558000000003	3714.7808	0	1	37	2	0	102	1	3	9	0	[119  80]	13
3717.2186666666666	3.8848333333335177	trials	3718.3456666666666	3718.8766666666666	0.37	3719.2056666666667	3719.645666666667	0	1	13	0	0	28	1	1	0	0	[-117   88]	13
3721.6586333333335	3.959866666666585	trials	3722.7476333333334	3723.4286333333334	0.405	3723.8056333333334	3724.1556333333333	0	1	7	0	0	13	1	1	0	0	[136  87]	13
3726.2636333333335	3.6698666666666213	trials	3727.0326333333333	3727.6976333333337	0.43	3728.0856333333336	3728.4906333333333	0	1	39	0	0	106	1	1	0	0	[-90 -82]	13
3730.8636666666666	2.814866666667058	trials	3731.8686666666667	3732.4666666666667	0.37	3732.8006666666665		0	0	23	0	0	76	0	1	0	0	[-4 93]	13
3735.2836333333335	3.6798666666668396	trials	3736.3706333333334	3736.8686333333335	0.365	3737.1906333333336	3737.5456333333336	0	1	34	0	0	91	1	1	0	0	[122 -81]	13
3742.0640333333336	4.179766666666637	trials	3743.1080333333334	3743.6560333333337	0.42	3744.0360333333338	3744.5860333333335	0	1	29	2	1	69	1	3	9	0	[-114   11]	13
3746.748866666667	3.5295999999998457	trials	3747.6098666666667	3748.2078666666666	0.355	3748.525866666667	3748.820866666667	0	1	25	0	0	55	1	1	0	0	[  8 102]	13
3750.9436333333333	3.8350000000000364	trials	3751.8946333333333	3752.409633333333	0.445	3752.8206333333333	3753.235633333333	0	1	37	1	0	101	1	1	9	0	[119  80]	13
3755.5986333333335	4.0048333333334085	trials	3756.7476333333334	3757.3956333333335	0.395	3757.7556333333337	3758.1506333333336	0	1	8	0	0	16	1	1	0	0	[-115 -100]	13
3761.848966666667	4.159733333333406	trials	3762.766966666667	3763.364966666667	0.43	3763.750966666667	3764.360966666667	0	1	23	2	0	78	1	3	7	0	[-4 93]	13
3771.033766666667	4.725599999999758	trials	3772.104766666667	3772.935766666667	0.43	3773.3207666666667	3773.985766666667	0	1	32	2	0	87	1	3	9	0	[-117  -86]	13
3776.4836	3.5599666666666963	trials	3777.3406	3777.6216	0.405	3777.9906	3778.5006	0	1	23	1	0	77	1	1	7	0	[-4 93]	13
3782.3189666666667	4.364733333333334	trials	3783.2609666666667	3784.1419666666666	0.405	3784.5109666666667	3785.1109666666666	0	1	22	2	0	75	1	3	7	0	[126  82]	13
3787.5035666666668	3.914866666666967	trials	3788.562566666667	3789.260566666667	0.4	3789.6255666666666	3789.9655666666667	0	1	27	0	0	61	1	1	0	0	[115 -80]	13
3792.2086000000004	4.129866666666658	trials	3793.2986000000005	3794.1126000000004	0.38	3794.4506000000006	3794.8956000000003	0	1	3	0	0	4	1	1	0	0	[-144  -52]	13
3796.9786000000004	4.079866666666476	trials	3797.9176	3798.6986	0.39	3799.0506000000005	3799.5656000000004	0	1	0	0	0	0	0	1	2	1	[  6 103]	13
3801.8136000000004	4.555633333332935	trials	3802.8696000000004	3803.6676	0.36	3803.9856000000004	3804.6856000000002	0	1	26	1	0	59	1	1	8	0	[-115   70]	13
3807.173566666667	3.77503333333334	trials	3808.0385666666666	3808.519566666667	0.355	3808.8355666666666	3809.395566666667	0	1	35	1	0	95	1	1	9	0	[123   9]	13
3811.7336	3.244833333333645	trials	3812.5576	3812.8216	0.405	3813.1856000000002	3813.5306	0	1	33	0	0	88	1	1	0	0	[134 -46]	13
3819.8238333333334	3.9996000000001004	trials	3820.7788333333333	3821.6428333333333	0.375	3821.985833333333	3822.3758333333335	0	1	22	0	0	73	1	1	0	0	[126  82]	13
3824.5936	3.650000000000091	trials	3825.3976000000002	3825.8616	0.395	3826.2156	3826.6556	0	1	16	1	0	38	1	1	9	0	[-108   82]	13
3828.9086666666667	4.05503333333354	trials	3829.8996666666667	3830.5306666666665	0.365	3830.855666666667	3831.3456666666666	0	1	14	2	0	33	1	3	9	0	[141   6]	13
3833.663666666667	4.1350333333334675	trials	3834.434666666667	3835.349666666667	0.43	3835.735666666667	3836.1806666666666	0	1	16	2	0	39	1	3	9	0	[-108   82]	13
3844.7688000000003	4.179599999999937	trials	3845.8238	3846.6718	0.395	3847.0308000000005	3847.4608000000003	0	1	16	0	0	37	1	1	0	0	[-108   82]	13
3849.5385333333334	4.225033333333613	trials	3850.459533333333	3851.2405333333336	0.355	3851.5605333333333	3852.1355333333336	0	1	39	1	0	107	1	1	9	0	[-90 -82]	13
3854.403666666667	4.625699999999597	trials	3855.311666666667	3856.292666666667	0.405	3856.655666666667	3857.240666666667	0	1	12	2	0	27	1	3	9	0	[-136  -23]	13
3860.9139	4.41036666666696	trials	3861.7479	3862.6799	0.425	3863.0609	3863.5909	0	1	27	2	0	63	1	3	8	0	[115 -80]	13
3865.9835333333335	3.8248666666668214	trials	3867.1005333333337	3867.5485333333336	0.445	3867.9605333333334	3868.3605333333335	0	1	14	0	0	31	1	1	0	0	[141   6]	13
3870.5235666666667	3.239833333333536	trials	3871.5525666666667	3871.633566666667	0.38	3871.9805666666666	3872.325566666667	0	1	37	0	0	100	1	1	0	0	[119  80]	13
3874.2785333333336	4.390666666666675	trials	3875.1215333333334	3876.0855333333334	0.365	3876.4205333333334	3876.9505333333336	0	1	34	1	0	92	1	1	9	0	[122 -81]	13
3879.3485333333333	3.5248333333333903	trials	3880.2905333333333	3880.7215333333334	0.385	3881.075533333333	3881.4255333333335	0	1	17	0	0	40	1	1	0	0	[117  86]	13
3883.5836333333336	4.60073333333321	trials	3884.5586333333335	3885.3736333333336	0.515	3885.8556333333336	3886.3956333333335	0	1	19	2	0	48	1	3	9	0	[139  -7]	13
3889.0485000000003	3.4800333333332674	trials	3889.9445000000005	3890.0255	0.435	3890.4255000000003	3890.9455000000003	0	1	19	1	1	47	1	1	9	0	[139  -7]	13
3893.4485	4.7048666666669305	trials	3894.2305	3895.2115	0.355	3896.3755	3896.7205	0	1	5	1	0	0	0	1	8	0	[-13 111]	13
3898.7285	3.9400333333333037	trials	3899.5165	3899.8805	0.57	3900.4055000000003	3901.0905000000002	0	1	18	1	0	44	1	1	9	0	[114 -86]	13
3903.4936333333335	4.159966666666605	trials	3904.3516333333337	3905.0496333333335	0.455	3905.4756333333335	3905.9806333333336	0	1	21	2	0	54	1	3	9	0	[-134  -83]	13
3913.4837333333335	4.464800000000196	trials	3914.6067333333335	3915.5887333333335	0.42	3915.9757333333337	3916.4207333333334	0	1	0	1	0	0	0	1	2	1	[-141    1]	13
3921.093766666667	3.5295666666665966	trials	3921.910766666667	3922.424766666667	0.365	3922.7557666666667	3923.185766666667	0	1	37	0	0	100	1	1	0	0	[119  80]	13
3925.6085000000003	4.12003333333314	trials	3926.6455	3927.2605000000003	0.38	3927.6105000000002	3928.1455	0	1	29	1	0	68	1	1	9	0	[-114   11]	13
3930.8036333333334	4.1756333333332805	trials	3931.7156333333332	3932.3296333333333	0.45	3932.7406333333333	3933.2006333333334	0	1	30	2	0	72	1	3	9	0	[-106  -80]	13
3941.9687000000004	3.2446333333332404	trials	3943.0377000000003	3943.0687000000003	0.385	3943.4157000000005	3943.7857000000004	0	1	35	0	0	94	1	1	0	0	[123   9]	13
3946.1586333333335	4.99483333333319	trials	3947.2056333333335	3947.9206333333336	0.635	3949.2356333333337	3949.6306333333337	0	1	1	2	0	0	0	3	7	0	[-144  -52]	13
3951.9436	4.475699999999961	trials	3952.7086	3953.7066	0.45	3954.1156	3954.6356	0	1	34	2	1	93	1	3	9	0	[122 -81]	13
3992.5834333333337	3.7748999999998887	trials	3993.3614333333335	3994.1094333333335	0.415	3994.4804333333336	3994.910433333334	0	1	29	0	0	67	1	1	0	0	[-114   11]	13
4001.7488000000003	3.9347666666667465	trials	4002.5158	4003.2978000000003	0.38	4003.6358000000005	4004.0958000000005	0	1	28	2	0	66	1	3	9	0	[110  79]	13
4006.5335333333337	4.17566666666653	trials	4007.5015333333336	4007.949533333334	0.44	4008.360533333334	4008.9505333333336	0	1	8	2	0	18	1	3	8	0	[-115 -100]	13
4011.5634333333337	3.71503333333294	trials	4012.3704333333335	4013.0854333333336	0.39	4013.4354333333335	4013.7754333333337	0	1	0	2	0	0	0	1	2	1	[97  2]	13
4016.1884333333337	4.0248666666666395	trials	4017.289433333334	4018.0044333333335	0.395	4018.3554333333336	4018.7504333333336	0	1	32	0	0	85	1	1	0	0	[-117  -86]	13
4025.1088	3.7647666666666737	trials	4025.8608	4026.3918	0.41	4026.7608	4027.2458	0	1	35	2	0	96	1	3	9	0	[123   9]	13
4029.7235333333333	4.120000000000346	trials	4030.5125333333335	4031.2105333333334	0.395	4031.575533333333	4032.2055333333333	0	1	6	2	0	12	1	3	8	0	[-13 111]	13
4034.6234000000004	4.235033333332922	trials	4035.5984000000003	4036.5464	0.365	4036.8704000000002	4037.2954000000004	0	1	28	1	0	65	1	1	9	0	[110  79]	13
4040.4086333333335	3.8548000000000684	trials	4041.4686333333334	4042.0326333333333	0.375	4042.3706333333334	4042.7406333333333	0	1	0	1	0	0	0	1	2	1	[136  56]	13
4045.138466666667	4.15480000000025	trials	4046.0534666666667	4047.0014666666666	0.44	4047.4104666666667	4047.835466666667	0	1	4	0	0	7	1	1	0	0	[125 -18]	13
4050.4485333333337	4.124966666666296	trials	4051.5895333333337	4052.0705333333335	0.465	4052.4905333333336	4052.9455333333335	0	1	7	2	0	15	1	3	8	0	[136  87]	13
4055.3784	4.194866666666712	trials	4056.3754	4057.3564	0.36	4057.6854	4058.1204000000002	0	1	21	0	0	52	1	1	0	0	[-134  -83]	13
4060.3285	4.2600333333334675	trials	4061.2945	4062.1085000000003	0.42	4062.4955	4062.9805	0	1	11	2	0	24	1	3	9	0	[121 -76]	13
4065.4885333333336	4.069999999999709	trials	4066.3635333333336	4067.094533333334	0.395	4067.4455333333335	4067.960533333334	0	1	17	2	0	42	1	3	9	0	[117  86]	13
4070.3434	3.4498333333331175	trials	4071.0994	4071.5964000000004	0.38	4071.9454	4072.3404	0	1	24	0	0	79	1	1	0	0	[ 95 -89]	13
4076.458666666667	4.3897333333334245	trials	4077.6026666666667	4078.266666666667	0.425	4078.650666666667	4079.320666666667	0	1	25	1	1	56	1	1	8	0	[  8 102]	13
4081.5934	3.949966666666569	trials	4082.4714000000004	4083.1354	0.39	4083.4904	4083.9804000000004	0	1	7	1	0	14	1	1	8	0	[136  87]	13
4086.3735	4.699866666666821	trials	4087.1735000000003	4088.0885000000003	0.41	4089.2505	4089.5905000000002	0	1	5	2	0	0	0	3	8	0	[-13 111]	13
4091.8435000000004	4.029999999999745	trials	4092.7095000000004	4093.3405000000002	0.4	4093.6955000000003	4094.2655000000004	0	1	33	2	0	90	1	3	9	0	[134 -46]	13
4096.7434	4.094833333333554	trials	4097.678400000001	4098.6264	0.415	4099.0004	4099.4004	0	1	3	0	0	4	1	1	0	0	[-144  -52]	13
4101.668366666667	3.734866666666676	trials	4102.664366666667	4103.228366666667	0.385	4103.570366666667	4103.950366666667	0	1	2	0	1	1	1	1	0	0	[114  91]	13
4111.4836000000005	4.094766666666146	trials	4112.5196000000005	4113.400600000001	0.4	4113.770600000001	4114.060600000001	0	1	0	0	0	0	0	1	2	1	[ -6 -96]	13
4121.368366666667	3.9899666666669873	trials	4122.273366666666	4122.838366666667	0.385	4123.185366666667	4123.775366666667	0	1	6	1	0	11	1	1	8	0	[-13 111]	13
4126.213333333333	3.4700333333339586	trials	4126.976333333333	4127.423333333333	0.41	4127.800333333334	4128.190333333333	0	1	0	1	0	0	0	1	2	1	[128  55]	13
4134.638466666667	4.439966666665896	trials	4135.563466666667	4136.511466666667	0.405	4136.880466666667	4137.460466666667	0	1	4	2	0	9	1	3	7	0	[125 -18]	13
4139.903333333334	4.029999999999745	trials	4141.032333333334	4141.497333333334	0.395	4141.850333333334	4142.375333333333	0	1	24	1	0	80	1	1	7	0	[ 95 -89]	13
4150.683566666667	4.485200000000077	trials	4151.7545666666665	4152.619566666666	0.4	4152.985566666666	4153.525566666666	0	1	8	1	0	17	1	1	8	0	[-115 -100]	13
4156.143366666667	3.6348333333335177	trials	4157.040366666667	4157.738366666667	0.37	4158.065366666667	4158.335366666667	0	1	10	0	0	19	1	1	0	0	[ -9 110]	13
4161.8686	3.769566666666833	trials	4162.8606	4163.4416	0.39	4163.8006	4164.2006	0	1	18	0	0	43	1	1	0	0	[114 -86]	13
4166.408333333334	3.75	trials	4167.2283333333335	4167.759333333333	0.4	4168.1303333333335	4168.590333333334	0	1	11	1	0	23	1	1	9	0	[121 -76]	13
4172.913566666667	3.6296000000002095	trials	4173.932566666667	4174.363566666667	0.41	4174.730566666667	4175.095566666667	0	1	30	0	0	70	1	1	0	0	[-106  -80]	13
4178.798533333334	4.634633333333113	trials	4179.7845333333335	4180.432533333334	0.34	4181.605533333333	4181.9855333333335	0	1	1	0	0	0	0	1	7	0	[114  91]	13
4184.143300000001	3.9800333333332674	trials	4185.037300000001	4185.6013	0.42	4185.9853	4186.550300000001	0	1	10	1	0	20	1	1	9	0	[ -9 110]	13
4189.633533333334	4.284733333332952	trials	4190.740533333334	4191.4545333333335	0.36	4191.785533333334	4192.355533333333	0	1	23	1	0	77	1	1	7	0	[-4 93]	13
4194.5684	4.350033333333158	trials	4195.4254	4196.3074	0.445	4196.7154	4197.3204000000005	0	1	25	2	0	57	1	3	8	0	[  8 102]	13
4199.6883	3.794866666667076	trials	4200.6943	4201.4592999999995	0.325	4201.7453	4202.0503	0	1	23	0	0	76	1	1	0	0	[-4 93]	13
4206.853533333334	4.489766666666583	trials	4207.998533333334	4208.929533333334	0.405	4209.290533333334	4209.815533333334	0	1	22	1	0	74	1	1	7	0	[126  82]	13
4214.748533333333	3.719600000000355	trials	4215.585533333334	4216.333533333333	0.35	4216.645533333333	4217.020533333333	0	1	38	0	0	103	1	1	0	0	[105 -83]	13
4219.4434	4.0699666666669145	trials	4220.3044	4221.0184	0.37	4221.3554	4221.9504	0	1	2	2	0	3	1	3	7	0	[114  91]	13
4229.123500000001	3.52963333333264	trials	4229.9925	4230.540500000001	0.415	4230.910500000001	4231.2955	0	1	33	0	0	88	1	1	0	0	[134 -46]	13
4233.678266666667	4.6498666666666395	trials	4234.678266666667	4235.409266666667	0.405	4236.500266666667	4236.920266666667	0	1	9	1	0	0	0	1	9	0	[121 -76]	13
4240.9435	3.259633333333113	trials	4241.8315	4242.079500000001	0.36	4242.4105	4242.8055	0	1	15	0	0	34	1	1	0	0	[-113  -78]	13
4249.5335000000005	3.9347333333334973	trials	4250.418500000001	4251.150500000001	0.41	4251.5205000000005	4252.030500000001	0	1	4	1	0	8	1	1	7	0	[125 -18]	13
4254.358266666667	4.265699999999924	trials	4255.438266666667	4256.169266666667	0.39	4256.525266666667	4257.000266666667	0	1	21	1	0	53	1	1	9	0	[-134  -83]	13
4259.223266666667	3.2899999999999636	trials	4260.040266666667	4260.037266666667	0.41	4260.415266666667	4261.055266666667	0	1	25	1	0	56	1	1	8	0	[  8 102]	13
4263.338266666667	3.799866666667185	trials	4264.492266666667	4265.023266666667	0.375	4265.370266666667	4265.765266666666	0	1	28	0	0	64	1	1	0	0	[110  79]	13
4267.938266666667	3.889833333333627	trials	4268.827266666667	4269.775266666667	0.38	4270.115266666667	4270.465266666667	0	1	17	0	0	40	1	1	0	0	[117  86]	13
4273.428466666667	3.6696666666666715	trials	4274.213466666667	4274.911466666667	0.445	4275.315466666667	4275.710466666667	0	1	35	0	0	94	1	1	0	0	[123   9]	13
4281.968466666667	3.559633333333295	trials	4282.734466666667	4283.482466666667	0.42	4283.870466666667	4284.155466666667	0	1	6	0	0	10	1	1	0	0	[-13 111]	13
4287.133466666667	4.819633333333513	trials	4287.903466666668	4288.8854666666675	0.34	4290.205466666667	4290.580466666667	0	1	1	1	0	0	0	1	7	0	[114  91]	13
4292.588233333334	4.424999999999272	trials	4293.706233333334	4294.621233333334	0.365	4294.945233333334	4295.510233333333	0	1	19	1	0	47	1	1	9	0	[139  -7]	13
4303.828466666667	3.6696333333329676	trials	4304.811466666667	4305.409466666667	0.35	4305.720466666667	4306.110466666667	0	1	30	0	0	70	1	1	0	0	[-106  -80]	13
4308.468233333334	3.6250333333327944	trials	4309.280233333334	4309.928233333334	0.365	4310.2652333333335	4310.655233333334	0	1	0	0	0	0	0	1	2	1	[ 73 -88]	13
4320.2634333333335	3.8849666666665144	trials	4321.203433333333	4321.784433333333	0.435	4322.180433333334	4322.590433333334	0	1	0	11	0	0	0	1	4	1	[122 -81]	13
4324.918233333334	3.7606666666661113	trials	4325.822233333334	4326.136233333334	0.415	4326.5152333333335	4326.950233333334	0	1	34	1	0	92	1	1	9	0	[122 -81]	13
4329.378266666667	3.9506666666666206	trials	4330.224266666666	4330.688266666667	0.415	4331.070266666667	4331.610266666667	0	1	33	1	0	89	1	1	9	0	[134 -46]	13
4333.988333333334	5.024833333332936	trials	4334.859333333334	4335.640333333334	0.395	4337.050333333334	4337.5053333333335	0	1	5	2	0	0	0	3	8	0	[-115 -100]	13
4339.713333333333	4.020000000000437	trials	4340.5453333333335	4341.160333333333	0.47	4341.585333333333	4342.1303333333335	0	1	18	2	0	45	0	3	9	0	[114 -86]	13
4344.5732	3.829833333334136	trials	4345.6312	4346.1622	0.41	4346.5352	4346.955199999999	0	1	12	0	0	25	1	1	0	0	[-136  -23]	13
4348.953333333334	4.090633333333244	trials	4350.067333333333	4350.364333333334	0.45	4350.775333333334	4351.290333333334	0	1	8	2	0	18	1	3	8	0	[-115 -100]	13
4359.253433333333	3.7596000000003187	trials	4360.121433333334	4360.836433333333	0.435	4361.230433333333	4361.560433333333	0	1	15	0	0	34	1	1	0	0	[-113  -78]	13
4363.7082	3.619866666666894	trials	4364.5072	4365.1552	0.34	4365.4652	4365.8652	0	1	20	0	0	49	1	1	0	0	[-132   83]	13
4367.833533333333	4.384799999999814	trials	4368.926533333333	4369.657533333333	0.385	4370.005533333333	4370.625533333334	0	1	10	2	0	21	1	3	9	0	[ -9 110]	13
4372.8232333333335	4.049966666666478	trials	4373.711233333333	4374.309233333333	0.415	4374.690233333334	4375.325233333334	0	1	17	1	0	41	1	1	9	0	[117  86]	13
4382.768166666667	4.295000000000073	trials	4383.916166666667	4384.597166666666	0.365	4384.925166666667	4385.430166666667	0	1	39	1	0	107	1	1	9	0	[-90 -82]	13
4388.913533333333	3.94476666666651	trials	4389.9365333333335	4390.400533333333	0.38	4390.750533333334	4391.225533333333	0	1	36	2	0	99	1	3	9	0	[-115   77]	13
4393.743166666667	3.8198666666667123	trials	4394.738166666667	4395.319166666667	0.375	4395.6601666666675	4396.115166666667	0	1	39	0	0	106	1	1	0	0	[-90 -82]	13
4398.253266666667	4.080066666667335	trials	4399.157266666667	4399.805266666666	0.365	4400.125266666667	4400.715266666667	0	1	31	2	0	84	1	3	9	0	[-121   68]	13
4403.013166666667	3.8798666666671124	trials	4403.876166666667	4404.6241666666665	0.44	4405.035166666667	4405.455166666667	0	1	36	0	0	97	1	1	0	0	[-115   77]	13
4407.398566666667	3.834700000000339	trials	4408.545566666667	4408.709566666666	0.395	4409.070566666666	4409.610566666667	0	1	3	2	0	6	1	3	7	0	[-144  -52]	13
4412.003166666667	3.8250333333326125	trials	4412.864166666667	4413.3611666666675	0.395	4413.720166666667	4414.235166666667	0	1	18	1	0	44	1	1	9	0	[114 -86]	13
4416.593266666667	4.9548666666669305	trials	4417.616266666667	4418.597266666667	0.34	4419.735266666667	4420.045266666667	0	1	9	2	0	0	0	3	9	0	[ -9 110]	13
4422.053533333334	4.25976666666611	trials	4423.169533333334	4423.816533333334	0.4	4424.175533333334	4424.675533333334	0	1	39	2	0	108	1	3	9	0	[-90 -82]	13
4427.173133333334	4.140033333333122	trials	4428.054133333334	4428.869133333334	0.43	4429.260133333334	4429.795133333334	0	1	0	2	0	0	0	1	2	1	[-130  -20]	13
4433.348366666667	2.759666666666817	trials	4434.124366666667	4434.888366666667	0.375	4435.230366666667		0	0	31	0	0	82	0	1	0	0	[-121   68]	13
4446.713133333334	3.9100333333335584	trials	4447.7971333333335	4448.412133333333	0.34	4448.715133333334	4449.115133333334	0	1	0	1	0	0	0	1	2	1	[-64 -50]	13
4457.808366666667	4.00976666666611	trials	4458.602366666667	4459.400366666667	0.37	4459.730366666667	4460.215366666667	0	1	36	1	0	98	1	1	9	0	[-115   77]	13
4462.473133333334	3.6849666666666963	trials	4463.271133333334	4463.569133333333	0.44	4463.9801333333335	4464.590133333334	0	1	6	1	0	11	1	1	8	0	[-13 111]	13
4467.0181	4.200033333333522	trials	4467.9401	4468.855100000001	0.365	4469.185100000001	4469.6751	0	1	31	1	0	83	1	1	9	0	[-121   68]	13
4472.0531	3.494866666666894	trials	4472.8431	4473.4241	0.37	4473.7551	4474.1501	0	1	11	0	0	22	1	1	0	0	[121 -76]	13
4476.1431	4.0748333333331175	trials	4477.2781	4478.109100000001	0.375	4478.4451	4478.8401	0	1	26	0	0	58	1	1	0	0	[-115   70]	13
4481.1682	4.565633333333608	trials	4482.2302	4482.8622000000005	0.445	4483.2752	4483.9702	0	1	26	2	0	60	1	3	8	0	[-115   70]	13
4486.428133333334	4.289833333333263	trials	4487.283133333333	4487.7971333333335	0.37	4488.850133333333	4489.270133333333	0	1	9	0	0	0	0	1	9	0	[-136  -23]	13
4491.4031	3.5799999999999272	trials	4492.252100000001	4492.6661	0.415	4493.0451	4493.440100000001	0	1	28	1	0	65	1	1	9	0	[110  79]	13
4497.803466666667	3.94476666666651	trials	4498.622466666668	4499.320466666667	0.39	4499.665466666667	4500.120466666667	0	1	14	2	0	33	1	3	9	0	[141   6]	13
4502.453066666667	3.5948666666663485	trials	4503.224066666667	4503.822066666667	0.425	4504.205066666667	4504.590066666667	0	1	14	0	0	31	1	1	0	0	[141   6]	13
4506.6481	4.239999999999782	trials	4507.659100000001	4508.4911	0.375	4508.8301	4509.3051000000005	0	1	14	1	0	32	1	1	9	0	[141   6]	13
4511.6732	4.375699999999597	trials	4512.6122000000005	4513.376200000001	0.415	4513.7502	4514.260200000001	0	1	12	2	0	27	1	3	9	0	[-136  -23]	13
4516.818066666667	4.5248666666666395	trials	4517.614066666667	4518.362066666667	0.35	4519.480066666667	4519.890066666667	0	1	5	0	0	0	0	1	8	0	[136  87]	13
4521.958066666667	3.4798666666665667	trials	4522.767066666667	4523.214066666667	0.405	4523.590066666667	4523.985066666667	0	1	15	0	0	34	1	1	0	0	[-113  -78]	13
4526.1232	4.079999999999927	trials	4526.9522	4527.6502	0.4	4528.0052	4528.6002	0	1	31	2	0	84	1	3	9	0	[-121   68]	13
4530.913100000001	3.8349666666663325	trials	4531.788100000001	4532.436100000001	0.365	4532.770100000001	4533.235100000001	0	1	0	2	0	0	0	1	2	1	[-96 -88]	13
4535.573066666667	3.680699999999888	trials	4536.423066666667	4536.571066666666	0.39	4536.925066666667	4537.520066666667	0	1	32	1	0	86	1	1	9	0	[-117  -86]	13
4546.018300000001	3.9945999999999913	trials	4546.9953000000005	4547.810300000001	0.365	4548.135300000001	4548.550300000001	0	1	31	0	0	82	1	1	0	0	[-121   68]	13
4553.028266666667	4.414799999999559	trials	4554.115266666668	4554.996266666667	0.415	4555.380266666667	4555.935266666667	0	1	0	0	0	0	0	1	2	1	[142 -34]	13
4558.358033333334	4.1956666666665114	trials	4559.201033333334	4559.8650333333335	0.475	4560.310033333334	4560.8250333333335	0	1	12	1	0	26	1	1	9	0	[-136  -23]	13
4563.2981666666665	4.2557000000006155	trials	4564.220166666666	4564.701166666667	0.525	4565.195166666666	4565.755166666667	0	1	15	2	0	36	1	3	9	0	[-113  -78]	13
4568.203033333333	3.905000000000655	trials	4569.239033333333	4569.770033333333	0.355	4570.090033333333	4570.540033333334	0	1	38	1	0	104	1	1	9	0	[105 -83]	13
4572.878133333334	4.230033333333267	trials	4574.0251333333335	4574.656133333334	0.41	4575.035133333334	4575.475133333333	0	1	38	2	0	105	1	3	9	0	[105 -83]	13
4582.888	4.5799000000006345	trials	4583.746	4584.344	0.405	4585.615	4586.01	0	1	9	1	0	0	0	1	9	0	[121 -76]	13
4608.283366666667	3.949766666666619	trials	4609.142366666667	4609.840366666666	0.395	4610.195366666667	4610.675366666666	0	1	11	2	0	24	1	3	9	0	[121 -76]	13
4617.513233333333	3.359633333333477	trials	4618.4302333333335	4618.744233333333	0.355	4619.065233333333	4619.510233333333	0	1	29	0	0	67	1	1	0	0	[-114   11]	13
4621.723	3.8702000000002954	trials	4622.648	4623.296	0.49	4623.755	4624.125	0	1	0	11	0	0	0	1	4	1	[136  87]	13
4626.438	3.8299999999999272	trials	4627.417	4627.9980000000005	0.355	4628.3150000000005	4628.775000000001	0	1	37	1	0	101	1	1	9	0	[119  80]	13
4631.0679666666665	3.9800333333332674	trials	4632.102966666666	4632.6839666666665	0.43	4633.084966666666	4633.574966666666	0	1	7	1	0	14	1	1	8	0	[136  87]	13
4636.048	3.699833333334027	trials	4636.972	4637.652999999999	0.37	4637.98	4638.365	0	1	19	0	0	46	1	1	0	0	[139  -7]	13
4640.497966666667	3.8299999999999272	trials	4641.340966666667	4641.854966666667	0.39	4642.214966666666	4642.789966666667	0	1	6	1	0	11	1	1	8	0	[-13 111]	13
4645.032966666667	3.7648666666673307	trials	4645.975966666667	4646.573966666667	0.37	4646.909966666667	4647.319966666667	0	1	18	0	0	43	1	1	0	0	[114 -86]	13
4662.328100000001	4.590699999999742	trials	4663.3351	4664.2991	0.395	4664.655100000001	4665.1251	0	1	32	2	0	87	1	3	9	0	[-117  -86]	13
4674.6382	4.0904333333328395	trials	4675.5742	4676.0722000000005	0.415	4676.4452	4677.0002	0	1	12	1	0	26	1	1	9	0	[-136  -23]	13
4683.3433	4.249766666666801	trials	4684.3953	4684.9593	0.45	4685.3703000000005	4685.9453	0	1	13	2	0	30	1	3	9	0	[-117   88]	13
4688.3080666666665	4.055033333333995	trials	4689.130066666667	4689.795066666667	0.39	4690.140066666667	4690.695066666666	0	1	13	2	0	30	1	3	9	0	[-117   88]	13
4697.0431	3.5199666666667326	trials	4698.1011	4698.1491	0.4	4698.5051	4698.965099999999	0	1	11	2	1	24	1	3	9	0	[121 -76]	13
4711.363166666667	4.260400000000118	trials	4712.175166666667	4712.923166666667	0.465	4713.345166666667	4713.880166666667	0	1	15	1	0	35	1	1	9	0	[-113  -78]	13
4716.468033333334	4.455733333333228	trials	4717.444033333333	4718.192033333334	0.41	4718.565033333333	4719.125033333334	0	1	15	2	0	36	1	3	9	0	[-113  -78]	13
4722.793266666667	3.549766666666983	trials	4723.580266666667	4723.861266666667	0.435	4724.255266666667	4724.755266666667	0	1	17	2	0	42	1	3	9	0	[117  86]	13
4727.148033333334	4.319999999999709	trials	4728.199033333334	4728.980033333334	0.405	4729.355033333334	4729.8650333333335	0	1	17	2	0	42	1	3	9	0	[117  86]	13
4732.302900000001	3.9950333333326853	trials	4733.1679	4733.798900000001	0.37	4734.124900000001	4734.669900000001	0	1	20	1	0	50	1	1	9	0	[-132   83]	13
4737.223	4.230033333333267	trials	4738.204	4738.735	0.44	4739.1449999999995	4739.76	0	1	20	2	0	51	1	3	9	0	[-132   83]	13
4745.668233333334	3.989799999999377	trials	4746.658233333334	4747.306233333334	0.4	4747.670233333334	4748.135233333333	0	1	38	2	0	105	1	3	9	0	[105 -83]	13
4760.823133333333	3.7697666666672376	trials	4761.715133333333	4762.280133333334	0.38	4762.615133333334	4763.030133333334	0	1	28	1	0	65	1	1	9	0	[110  79]	13
4765.3678666666665	4.0557000000007974	trials	4766.267866666666	4766.864866666667	0.385	4767.209866666666	4767.689866666667	0	1	32	1	0	86	1	1	9	0	[-117  -86]	13
4770.297866666667	4.280733333333046	trials	4771.369866666667	4772.034866666667	0.36	4772.3498666666665	4772.854866666667	0	1	32	1	0	86	1	1	9	0	[-117  -86]	13
4779.088233333334	4.1047666666663645	trials	4780.0242333333335	4780.522233333334	0.41	4780.900233333334	4781.550233333334	0	1	13	2	0	30	1	3	9	0	[-117   88]	13
4790.6282	4.02980000000025	trials	4791.6462	4792.1112	0.445	4792.5252	4793.1652	0	1	17	2	0	42	1	3	9	0	[117  86]	13
4795.352833333333	4.069866666666712	trials	4796.448833333333	4797.362833333334	0.365	4797.684833333334	4798.029833333333	0	1	18	0	0	43	1	1	0	0	[114 -86]	13
4800.0678333333335	4.060033333333195	trials	4801.017833333333	4801.8488333333335	0.365	4802.1748333333335	4802.624833333333	0	1	36	1	0	98	1	1	9	0	[-115   77]	13
4810.613066666667	4.169766666666874	trials	4811.673066666667	4812.371066666667	0.375	4812.7100666666665	4813.2100666666665	0	1	20	1	0	50	1	1	9	0	[-132   83]	13
4815.452933333334	3.770033333333231	trials	4816.224933333334	4816.789933333334	0.41	4817.169933333334	4817.689933333334	0	1	33	2	0	90	1	3	9	0	[134 -46]	13
4820.052966666667	3.4205999999994674	trials	4820.810966666667	4820.874966666667	0.44	4821.269966666667	4821.739966666667	0	1	27	2	0	63	1	3	8	0	[115 -80]	13
4824.272833333333	5.009833333333518	trials	4825.128833333333	4826.0768333333335	0.425	4827.479833333334	4827.829833333333	0	1	1	1	0	0	0	1	7	0	[114  91]	13
4829.917933333333	4.380000000000109	trials	4831.015933333333	4831.862933333333	0.37	4832.189933333333	4832.734933333333	0	1	2	2	0	3	1	3	7	0	[114  91]	13
4845.0878	4.115033333333486	trials	4846.022800000001	4846.620800000001	0.395	4846.9848	4847.5748	0	1	13	1	0	29	1	1	9	0	[-117   88]	13
4850.0028	3.8100666666668985	trials	4850.8578	4851.3058	0.425	4851.6948	4852.1848	0	1	13	1	0	29	1	1	9	0	[-117   88]	13
4866.7878	4.025700000000143	trials	4867.6668	4868.2808	0.375	4868.6248000000005	4869.0948	0	1	15	1	0	35	1	1	9	0	[-113  -78]	13
4871.7428	4.280700000000252	trials	4872.7518	4873.4338	0.375	4873.7698	4874.2798	0	1	15	1	0	35	1	1	9	0	[-113  -78]	13
4876.7479	3.6150333333334856	trials	4877.8549	4877.8859	0.42	4878.2599	4878.7249	0	1	36	2	0	99	1	3	9	0	[-115   77]	13
4885.613	3.949800000000323	trials	4886.376	4887.023	0.355	4887.345	4888.04	0	1	18	1	0	44	1	1	9	0	[114 -86]	13
4894.848	3.7647333333334245	trials	4895.93	4896.245	0.405	4896.61	4897.06	0	1	24	1	0	80	1	1	7	0	[ 95 -89]	13
4904.902766666667	4.210000000000036	trials	4905.734766666667	4906.549766666667	0.35	4906.859766666667	4907.534766666667	0	1	18	1	0	44	1	1	9	0	[114 -86]	13
4910.292866666667	4.4099999999998545	trials	4911.4038666666665	4912.035866666667	0.45	4912.429866666666	4913.079866666667	0	1	18	2	0	45	1	3	9	0	[114 -86]	13
4920.348	3.8596999999999753	trials	4921.359	4921.69	0.37	4922.0199999999995	4922.6449999999995	0	1	3	1	0	5	1	1	7	0	[-144  -52]	13
4924.872733333334	3.4250333333329763	trials	4925.7607333333335	4925.841733333334	0.4	4926.204733333334	4926.699733333334	0	1	19	1	0	47	1	1	9	0	[139  -7]	13
4929.097866666667	3.8400000000001455	trials	4929.862866666667	4930.343866666667	0.415	4930.719866666667	4931.279866666667	0	1	20	2	0	51	1	3	9	0	[-132   83]	13
4933.637833333333	4.645033333333231	trials	4934.698833333333	4935.563833333334	0.41	4935.929833333334	4936.594833333334	0	1	20	2	0	51	1	3	9	0	[-132   83]	13
4938.882866666667	4.430000000000291	trials	4939.784866666667	4940.632866666667	0.43	4941.024866666667	4941.664866666667	0	1	20	2	0	51	1	3	9	0	[-132   83]	13
4951.898066666667	4.385400000000118	trials	4953.008066666666	4953.489066666667	0.445	4953.890066666667	4954.545066666667	0	1	26	2	0	60	1	3	8	0	[-115   70]	13
4956.9827000000005	4.080033333332722	trials	4957.859700000001	4958.724700000001	0.41	4959.094700000001	4959.5347	0	1	28	1	0	65	1	1	9	0	[110  79]	13
4961.8178333333335	3.4650000000001455	trials	4962.611833333333	4962.859833333334	0.355	4963.184833333334	4963.614833333333	0	1	31	2	0	84	1	3	9	0	[-121   68]	13
4966.007833333334	4.265033333333122	trials	4967.047833333334	4967.895833333334	0.395	4968.254833333334	4968.654833333334	0	1	28	2	0	66	1	3	9	0	[110  79]	13
4971.087833333334	3.6200333333326853	trials	4972.049833333334	4972.314833333334	0.375	4972.654833333334	4973.089833333334	0	1	36	2	0	99	1	3	9	0	[-115   77]	13
4975.3927	3.505000000000109	trials	4976.2187	4976.5167	0.41	4976.889700000001	4977.344700000001	0	1	35	1	0	95	1	1	9	0	[123   9]	13
5009.023033333334	4.489733333332879	trials	5010.019033333334	5010.967033333334	0.365	5011.290033333334	5011.910033333334	0	1	23	2	0	78	1	3	7	0	[-4 93]	13
5014.272833333333	4.50993333333372	trials	5015.420833333334	5016.218833333333	0.39	5016.579833333333	5017.184833333334	0	1	23	2	0	78	1	3	7	0	[-4 93]	13
5019.3427	4.615600000000086	trials	5020.3567	5021.3217	0.355	5021.6447	5022.3197	0	1	26	1	0	59	1	1	8	0	[-115   70]	13
5024.742666666667	4.260633333333317	trials	5025.709666666667	5026.290666666667	0.395	5026.654666666667	5027.299666666667	0	1	26	1	0	59	1	1	8	0	[-115   70]	13
5033.938	4.555366666666487	trials	5034.9310000000005	5035.895	0.44	5036.305	5036.8150000000005	0	1	27	2	0	63	1	3	8	0	[115 -80]	13
5039.232633333334	3.564866666666603	trials	5040.249633333334	5040.647633333334	0.37	5040.979633333334	5041.409633333334	0	1	30	0	0	70	1	1	0	0	[-106  -80]	13
5043.612633333333	4.170733333333374	trials	5044.468633333333	5045.349633333333	0.405	5045.714633333333	5046.164633333333	0	1	34	1	0	92	1	1	9	0	[122 -81]	13
5049.957866666667	3.9350333333331946	trials	5050.804866666666	5051.368866666667	0.395	5051.729866666667	5052.414866666667	0	1	0	11	0	0	0	1	5	1	[-115   70]	13
5057.298000000001	4.329799999999523	trials	5058.425000000001	5059.340000000001	0.35	5059.660000000001	5060.0650000000005	0	1	38	2	0	105	1	3	9	0	[105 -83]	13
5062.637733333334	4.615666666666584	trials	5063.660733333334	5064.542733333334	0.41	5064.919733333334	5065.464733333334	0	1	15	2	0	36	1	3	9	0	[-113  -78]	13
5069.747833333334	4.099833333332754	trials	5070.864833333334	5071.495833333333	0.38	5071.834833333334	5072.229833333334	0	1	36	1	0	98	1	1	9	0	[-115   77]	13
5074.562766666667	4.220033333333049	trials	5075.483766666667	5076.314766666667	0.38	5076.664766666667	5077.144766666667	0	1	21	2	0	54	1	3	9	0	[-134  -83]	13
5079.3976	4.119899999999689	trials	5080.5356	5081.3836	0.34	5081.689600000001	5082.0846	0	1	30	0	0	70	1	1	0	0	[-106  -80]	13
5085.737833333334	4.419600000000173	trials	5086.521833333333	5087.069833333334	0.37	5088.309833333334	5088.724833333334	0	1	1	1	0	0	0	1	7	0	[125 -18]	13
5090.9076000000005	3.484866666666676	trials	5091.757600000001	5092.2556	0.35	5092.569600000001	5092.9546	0	1	36	0	0	97	1	1	0	0	[-115   77]	13
5096.292833333334	3.2247666666662553	trials	5097.193833333334	5097.191833333334	0.41	5097.554833333334	5097.954833333334	0	1	28	1	0	65	1	1	9	0	[110  79]	13
5100.197566666667	4.120033333333595	trials	5100.962566666667	5101.726566666667	0.405	5102.0895666666665	5102.809566666667	0	1	25	1	0	56	1	1	8	0	[  8 102]	13
5105.1726	4.2348333333338815	trials	5106.3146	5107.2296	0.365	5107.5646	5107.9496	0	1	33	0	0	88	1	1	0	0	[134 -46]	13
5110.317566666667	3.8100333333331946	trials	5111.400566666666	5111.864566666666	0.34	5112.164566666666	5112.574566666666	0	1	16	1	0	38	1	1	9	0	[-108   82]	13
5115.0976	3.514833333333627	trials	5115.8696	5116.4176	0.405	5116.7896	5117.1796	0	1	3	0	0	4	1	1	0	0	[-144  -52]	13
5119.407566666667	3.7048666666669305	trials	5120.338566666666	5120.902566666667	0.415	5121.289566666666	5121.674566666667	0	1	6	0	0	10	1	1	0	0	[-13 111]	13
5126.2978	3.864733333332879	trials	5127.1418	5127.7228000000005	0.38	5128.0598	5128.6598	0	1	23	1	0	77	1	1	7	0	[-4 93]	13
5132.772933333334	4.41973333333317	trials	5133.877933333333	5134.5759333333335	0.41	5134.954933333333	5135.594933333334	0	1	3	2	0	6	1	3	7	0	[-144  -52]	13
5137.807533333334	4.08486666666704	trials	5138.897533333334	5139.711533333334	0.37	5140.044533333334	5140.449533333333	0	1	17	0	0	40	1	1	0	0	[117  86]	13
5142.492566666667	4.025000000000546	trials	5143.499566666666	5144.2635666666665	0.41	5144.6295666666665	5144.994566666667	0	1	0	0	0	0	0	1	2	1	[127 -36]	13
5151.8178	4.3397666666669465	trials	5152.8207999999995	5153.7357999999995	0.345	5154.0498	5154.5848	0	1	31	1	0	83	1	1	9	0	[-121   68]	13
5156.922566666667	3.9549999999999272	trials	5157.939566666667	5158.404566666667	0.415	5158.789566666667	5159.249566666667	0	1	21	1	0	53	1	1	9	0	[-134  -83]	13
5161.707533333333	4.169966666667278	trials	5162.508533333334	5163.423533333334	0.355	5163.734533333333	5164.319533333333	0	1	3	1	0	5	1	1	7	0	[-144  -52]	13
5166.572533333334	3.4698333333326445	trials	5167.4945333333335	5167.975533333334	0.385	5168.319533333334	5168.609533333334	0	1	10	0	0	19	1	1	0	0	[ -9 110]	13
5170.642533333334	4.050033333332976	trials	5171.446533333334	5172.260533333334	0.385	5172.609533333333	5173.164533333334	0	1	14	1	0	32	1	1	9	0	[141   6]	13
5175.477633333334	4.669866666666167	trials	5176.348633333334	5176.912633333334	0.385	5178.289633333334	5178.634633333334	0	1	5	2	0	0	0	3	8	0	[-13 111]	13
5180.7926333333335	3.915633333333062	trials	5181.601633333334	5182.132633333334	0.36	5182.459633333334	5182.954633333334	0	1	8	2	0	18	1	3	8	0	[-115 -100]	13
5191.342500000001	4.019999999999527	trials	5192.3725	5192.9705	0.375	5193.3145	5193.794500000001	0	1	7	1	0	14	1	1	8	0	[136  87]	13
5198.272733333333	4.029966666666951	trials	5199.142733333333	5199.924733333333	0.39	5200.279733333333	5200.744733333333	0	1	0	11	0	0	0	1	4	1	[-117   88]	13
5203.0575	3.870033333333595	trials	5203.8615	5204.4925	0.39	5204.8445	5205.3595	0	1	10	1	0	20	0	1	9	0	[ -9 110]	13
5219.0477	2.7496666666665988	trials	5220.1367	5220.6177	0.34	5220.9197		0	0	29	0	0	67	0	1	0	0	[-114   11]	13
5230.427500000001	4.0748333333331175	trials	5231.5415	5232.356500000001	0.385	5232.699500000001	5233.0595	0	1	22	0	0	73	1	1	0	0	[126  82]	13
5235.4026	4.4905333333335875	trials	5236.3606	5237.3086	0.375	5237.6296	5238.189600000001	0	1	4	2	0	9	1	3	7	0	[125 -18]	13
5240.582466666667	4.080633333333935	trials	5241.446466666666	5242.127466666667	0.435	5242.529466666667	5243.034466666667	0	1	27	1	0	62	1	1	8	0	[115 -80]	13
5245.392466666667	3.859866666666676	trials	5246.298466666667	5246.963466666667	0.46	5247.389466666667	5247.779466666667	0	1	12	0	0	25	1	1	0	0	[-136  -23]	13
5249.8826	3.855000000000473	trials	5250.7346	5251.2826	0.37	5251.6196	5252.1096	0	1	31	2	0	84	1	3	9	0	[-121   68]	13
5254.412466666667	3.839833333333445	trials	5255.319466666667	5256.084466666666	0.385	5256.4294666666665	5256.809466666667	0	1	16	0	0	37	1	1	0	0	[-108   82]	13
5258.757833333334	4.229799999999159	trials	5259.738833333334	5260.5368333333345	0.42	5260.919833333334	5261.349833333334	0	1	36	2	0	99	1	3	9	0	[-115   77]	13
5268.127833333334	4.204733333333024	trials	5269.126833333334	5269.874833333334	0.365	5270.209833333334	5270.689833333334	0	1	11	2	0	24	1	3	9	0	[121 -76]	13
5279.142666666667	3.879800000000614	trials	5279.898666666667	5280.529666666666	0.47	5280.959666666667	5281.459666666667	0	1	38	1	0	104	1	1	9	0	[105 -83]	13
5286.092666666667	3.7996333333330767	trials	5287.001666666667	5287.7496666666675	0.365	5288.0846666666675	5288.444666666667	0	1	7	0	0	13	1	1	0	0	[136  87]	13
5290.667433333334	3.9748333333327537	trials	5291.587433333334	5292.502433333334	0.39	5292.854433333334	5293.209433333334	0	1	27	0	0	61	1	1	0	0	[115 -80]	13
5295.452533333334	4.049999999999272	trials	5296.323533333334	5297.037533333334	0.42	5297.419533333334	5297.904533333334	0	1	7	2	0	15	1	3	8	0	[136  87]	13
5300.377533333333	4.180000000000291	trials	5301.525533333333	5301.956533333333	0.435	5302.349533333333	5302.9545333333335	0	1	25	2	0	57	1	3	8	0	[  8 102]	13
5305.387433333333	3.7598333333335177	trials	5306.311433333333	5307.009433333334	0.39	5307.359433333333	5307.694433333333	0	1	2	0	0	1	1	1	0	0	[114  91]	13
5309.7124	3.929866666666385	trials	5310.6804	5311.5114	0.365	5311.839400000001	5312.1894	0	1	23	0	0	76	1	1	0	0	[-4 93]	13
5317.7724333333335	3.8748333333332994	trials	5318.867433333334	5319.431433333333	0.37	5319.759433333334	5320.179433333334	0	1	21	0	0	52	1	1	0	0	[-134  -83]	13
5328.132533333333	4.0600000000004	trials	5329.222533333334	5329.770533333333	0.385	5330.1195333333335	5330.559533333333	0	1	16	2	0	39	1	3	9	0	[-108   82]	13
5332.9024	3.989866666666785	trials	5333.9414	5334.7224	0.37	5335.0594	5335.4594	0	1	38	0	0	103	1	1	0	0	[105 -83]	13
5339.997633333333	4.56976666666651	trials	5341.094633333333	5341.942633333333	0.37	5342.279633333334	5342.934633333333	0	1	13	1	0	29	1	1	9	0	[-117   88]	13
5345.3125	4.450633333333826	trials	5346.3635	5347.0115	0.385	5347.3645	5347.9845	0	1	33	2	0	90	1	3	9	0	[134 -46]	13
5350.682366666667	4.6054000000003725	trials	5351.833366666667	5352.681366666667	0.46	5353.1043666666665	5353.659366666667	0	1	4	1	0	8	1	1	7	0	[125 -18]	13
5356.197366666667	4.15003333333334	trials	5357.219366666667	5357.9173666666675	0.34	5358.219366666667	5358.814366666667	0	1	35	1	0	95	1	1	9	0	[123   9]	13
5365.222733333334	3.985399999999572	trials	5366.156733333334	5366.654733333334	0.385	5366.999733333334	5367.429733333334	0	1	30	2	0	72	1	3	9	0	[-106  -80]	13
5371.227766666667	4.244733333332988	trials	5372.1767666666665	5372.907766666667	0.395	5373.269766666667	5373.884766666667	0	1	6	2	0	12	1	3	8	0	[-13 111]	13
5378.457600000001	3.9045999999998457	trials	5379.613600000001	5380.227600000001	0.345	5380.534600000001	5380.909600000001	0	1	31	0	0	82	1	1	0	0	[-121   68]	13
5383.127333333334	3.970033333333049	trials	5384.198333333334	5384.930333333334	0.35	5385.239333333334	5385.584333333334	0	1	0	0	0	0	0	1	2	1	[83 43]	13
5387.852333333333	4.465733333333446	trials	5388.734333333333	5389.548333333333	0.37	5389.879333333333	5390.574333333333	0	1	12	1	0	26	1	1	9	0	[-136  -23]	13
5393.202466666667	4.520633333333535	trials	5394.3534666666665	5395.051466666667	0.45	5395.459466666666	5395.964466666666	0	1	34	2	0	93	1	3	9	0	[122 -81]	13
5399.707566666667	4.954633333333732	trials	5400.806566666667	5401.604566666667	0.375	5402.799566666667	5403.189566666667	0	1	5	1	0	0	0	1	8	0	[136  87]	13
5410.537333333334	2.9048666666667486	trials	5411.2953333333335	5412.226333333334	0.19	5412.384333333333		0	0	15	0	0	34	0	1	0	0	[-113  -78]	13
5417.2627	4.614733333333788	trials	5418.2987	5419.2637	0.48	5419.6997	5420.2847	0	1	23	2	0	78	1	3	7	0	[-4 93]	13
5422.467333333334	4.210699999999633	trials	5423.317333333334	5424.065333333334	0.39	5424.419333333334	5424.949333333334	0	1	33	1	0	89	1	1	9	0	[134 -46]	13
5427.3123000000005	4.095033333333049	trials	5428.3033000000005	5428.9683	0.38	5429.314300000001	5429.8193	0	1	11	1	0	23	1	1	9	0	[121 -76]	13
5432.1373	4.335000000000036	trials	5433.255300000001	5434.0373	0.4	5434.3943	5434.9493	0	1	2	1	0	2	1	1	7	0	[114  91]	13
5437.392433333333	4.174966666666478	trials	5438.258433333333	5439.206433333334	0.36	5439.524433333333	5439.999433333333	0	1	2	2	0	3	1	3	7	0	[114  91]	13
5442.292433333334	4.0549999999993815	trials	5443.144433333334	5443.825433333334	0.38	5444.169433333334	5444.764433333334	0	1	35	2	0	96	1	3	9	0	[123   9]	13
5447.057433333333	4.074999999999818	trials	5448.063433333334	5448.810433333333	0.37	5449.144433333334	5449.539433333333	0	1	37	2	0	102	1	3	9	0	[119  80]	13
5452.2124	4.369799999999486	trials	5453.0154	5453.3134	0.33	5454.6994	5455.089400000001	0	1	1	2	0	0	0	3	7	0	[-144  -52]	13
5457.2473	4.055000000000291	trials	5458.0673	5458.6653	0.44	5459.0693	5459.6543	0	1	20	1	0	50	1	1	9	0	[-132   83]	13
5467.8225	3.54473333333317	trials	5468.672500000001	5469.0205000000005	0.405	5469.3895	5469.864500000001	0	1	2	1	1	2	1	1	7	0	[114  91]	13
5472.112300000001	4.159833333333154	trials	5473.1913	5474.1063	0.38	5474.449300000001	5474.809300000001	0	1	37	0	0	100	1	1	0	0	[119  80]	13
5479.3925	3.754800000000614	trials	5480.1785	5480.7595	0.38	5481.1045	5481.6045	0	1	37	1	0	101	1	1	9	0	[119  80]	13
5483.912266666667	4.079866666666021	trials	5484.814266666667	5485.778266666667	0.355	5486.104266666667	5486.544266666667	0	1	20	0	0	49	1	1	0	0	[-132   83]	13
5488.712266666667	3.7748666666666395	trials	5489.683266666667	5490.381266666667	0.355	5490.694266666667	5491.049266666668	0	1	14	0	0	31	1	1	0	0	[141   6]	13
5493.602266666667	3.839866666667149	trials	5494.452266666667	5495.233266666667	0.375	5495.5742666666665	5495.974266666667	0	1	4	0	0	7	1	1	0	0	[125 -18]	13
5499.4475	4.0897666666669465	trials	5500.3045	5501.1195	0.36	5501.4445000000005	5502.0045	0	1	6	1	0	11	1	1	8	0	[-13 111]	13
5504.422366666667	3.4600333333337403	trials	5505.340366666666	5505.371366666666	0.435	5505.749366666667	5506.254366666667	0	1	10	2	0	21	1	3	9	0	[ -9 110]	13
5508.682233333334	3.7299999999995634	trials	5509.642233333334	5510.2072333333335	0.345	5510.519233333334	5510.8992333333335	0	1	0	2	0	0	0	1	2	1	[70 33]	13
5515.702466666667	4.304633333334095	trials	5516.6794666666665	5517.010466666667	0.35	5518.114466666667	5518.539466666667	0	1	5	0	0	0	0	1	8	0	[-115 -100]	13
5520.817233333333	4.029833333333954	trials	5521.7652333333335	5522.696233333333	0.355	5523.009233333333	5523.394233333333	0	1	35	0	0	94	1	1	0	0	[123   9]	13
5532.662466666667	4.434600000000501	trials	5533.571466666666	5534.102466666666	0.335	5535.3044666666665	5535.644466666667	0	1	1	0	0	0	0	1	7	0	[114  91]	13
5537.7522	3.76986666666744	trials	5538.5232	5539.2712	0.39	5539.6192	5540.0592	0	1	24	0	0	79	1	1	0	0	[ 95 -89]	13
5545.092566666667	4.804599999999482	trials	5545.976566666667	5546.624566666667	0.445	5548.024566666667	5548.399566666667	0	1	1	2	0	0	0	3	7	0	[125 -18]	13
5550.6922	3.8448666666663485	trials	5551.596200000001	5552.444200000001	0.355	5552.7592	5553.104200000001	0	1	28	0	0	64	1	1	0	0	[110  79]	13
5555.127333333334	4.180699999999888	trials	5555.981333333334	5556.646333333334	0.41	5557.004333333334	5557.534333333334	0	1	12	2	0	27	1	3	9	0	[-136  -23]	13
5560.2972	3.7698666666665304	trials	5561.2342	5561.8652	0.37	5562.2042	5562.5692	0	1	32	0	0	85	1	1	0	0	[-117  -86]	13
5564.7872333333335	4.109966666666878	trials	5565.703233333334	5566.451233333333	0.375	5566.789233333334	5567.324233333334	0	1	14	1	0	32	1	1	9	0	[141   6]	13
5569.6873000000005	4.74063333333288	trials	5570.7883	5571.603300000001	0.43	5571.9993	5572.6993	0	1	26	2	0	60	1	3	8	0	[-115   70]	13
5575.157200000001	3.909899999999652	trials	5576.0582	5576.6392000000005	0.38	5576.979200000001	5577.5842	0	1	0	11	0	0	0	1	3	1	[-13 111]	13
5579.8673	4.485700000000179	trials	5580.8933	5581.6753	0.405	5582.0443	5582.5593	0	1	32	2	0	87	1	3	9	0	[-117  -86]	13
5587.9274000000005	3.454633333332822	trials	5588.697400000001	5589.228400000001	0.38	5589.5744	5589.9494	0	1	26	0	0	58	1	1	0	0	[-115   70]	13
5596.842533333333	3.864599999999882	trials	5597.835533333334	5598.483533333333	0.44	5598.894533333333	5599.199533333333	0	1	0	10	0	0	0	3	0	1	[-4 93]	13
5601.3223	3.9950666666672987	trials	5602.2373	5602.7853	0.405	5603.1543	5603.6493	0	1	13	2	1	30	1	3	9	0	[-117   88]	13
5605.992166666667	4.514833333333627	trials	5606.873166666667	5607.520166666667	0.335	5608.679166666667	5609.049166666667	0	1	5	1	0	0	0	1	8	0	[136  87]	13
5611.082166666667	3.6248333333332994	trials	5612.092166666667	5612.540166666667	0.365	5612.869166666667	5613.254166666667	0	1	11	0	0	22	1	1	0	0	[121 -76]	13
5615.3572	4.425566666666782	trials	5616.461200000001	5617.225200000001	0.37	5617.5542000000005	5618.0842	0	1	8	1	0	17	1	1	8	0	[-115 -100]	13
5625.902166666667	3.6048333333337723	trials	5626.9991666666665	5627.297166666667	0.405	5627.6641666666665	5628.0391666666665	0	1	4	0	0	7	1	1	0	0	[125 -18]	13
5630.412266666667	4.814866666666603	trials	5631.301266666667	5632.266266666667	0.42	5633.404266666667	5633.724266666667	0	1	9	2	0	0	0	3	9	0	[ -9 110]	13
5637.097366666667	3.324666666666417	trials	5638.2383666666665	5638.936366666667	0.44	5639.344366666667		0	0	18	0	0	43	0	1	0	0	[114 -86]	13
5641.492366666667	4.044633333332968	trials	5642.590366666667	5643.354366666667	0.385	5643.709366666667	5644.104366666667	0	1	13	0	0	28	1	1	0	0	[-117   88]	13
5646.112266666667	4.300033333332976	trials	5647.125266666667	5647.957266666667	0.4	5648.324266666667	5648.799266666667	0	1	19	2	0	48	1	3	9	0	[139  -7]	13
5651.187266666667	3.9650000000001455	trials	5652.094266666667	5652.776266666667	0.4	5653.134266666667	5653.569266666666	0	1	28	2	0	66	1	3	9	0	[110  79]	13
5655.887233333334	4.570033333333413	trials	5656.8632333333335	5657.845233333333	0.425	5658.234233333334	5658.824233333334	0	1	39	2	0	108	1	3	9	0	[-90 -82]	13
5661.1721333333335	3.9598333333333358	trials	5662.0161333333335	5662.897133333334	0.435	5663.294133333334	5663.664133333334	0	1	8	0	0	16	1	1	0	0	[-115 -100]	13
5665.8521	4.155700000000252	trials	5666.9181	5667.3991	0.435	5667.7941	5668.2941	0	1	32	1	0	86	1	1	9	0	[-117  -86]	13
5670.8721000000005	4.0900000000001455	trials	5671.8211	5672.7021	0.395	5673.0541	5673.4391000000005	0	1	0	1	0	0	0	1	2	1	[-121  -97]	13
5675.952233333333	4.085000000000036	trials	5676.773233333333	5677.4882333333335	0.41	5677.864233333334	5678.404233333334	0	1	10	2	1	21	1	3	9	0	[ -9 110]	13
5681.042133333333	4.979800000000068	trials	5682.142133333334	5682.924133333333	0.36	5684.209133333334	5684.589133333333	0	1	9	0	0	0	0	1	9	0	[121 -76]	13
5688.312333333333	4.5546000000003914	trials	5689.1123333333335	5689.693333333334	0.485	5690.994333333333	5691.424333333333	0	1	5	0	0	0	0	1	8	0	[-115 -100]	13
5696.422333333334	4.534733333332952	trials	5697.550333333334	5698.414333333334	0.415	5698.789333333334	5699.439333333334	0	1	22	1	0	74	0	1	7	0	[126  82]	13
5701.7770666666665	4.2350333333333765	trials	5702.852066666666	5703.583066666666	0.38	5703.929066666667	5704.449066666666	0	1	19	1	0	47	1	1	9	0	[139  -7]	13
5706.857066666667	3.834999999999127	trials	5707.721066666667	5708.419066666667	0.405	5708.789066666667	5709.184066666668	0	1	0	1	0	0	0	1	2	1	[136  12]	13
5711.6121	3.8298333333332266	trials	5712.6741	5713.2711	0.405	5713.6341	5713.9991	0	1	24	0	0	79	1	1	0	0	[ 95 -89]	13
5716.132066666667	3.5448666666661666	trials	5717.026066666667	5717.557066666667	0.36	5717.874066666667	5718.244066666667	0	1	14	0	0	31	1	1	0	0	[141   6]	13
5720.3121	3.2098000000005413	trials	5721.1941	5721.4091	0.365	5721.7341	5722.0891	0	1	8	0	0	16	1	1	0	0	[-115 -100]	13
5724.247066666667	4.70986666666704	trials	5725.063066666667	5725.911066666667	0.31	5727.109066666667	5727.494066666667	0	1	9	1	0	0	0	1	9	0	[121 -76]	13
5735.447266666667	4.2348000000001775	trials	5736.502266666667	5737.433266666667	0.365	5737.754266666667	5738.164266666667	0	1	28	1	0	65	1	1	9	0	[110  79]	13
5749.4973	3.649600000000646	trials	5750.2753	5750.9563	0.38	5751.2943	5751.6943	0	1	34	0	0	91	1	1	0	0	[122 -81]	13
5755.422433333333	4.199733333333825	trials	5756.395433333333	5756.943433333333	0.44	5757.349433333333	5758.014433333333	0	1	25	2	0	57	1	3	8	0	[  8 102]	13
5760.302133333334	4.079999999999927	trials	5761.280133333334	5761.745133333334	0.445	5762.149133333333	5762.789133333334	0	1	22	2	0	75	1	3	7	0	[126  82]	13
5774.007233333334	3.6546333333335497	trials	5774.870233333334	5775.602233333334	0.365	5775.929233333333	5776.294233333334	0	1	24	0	1	79	1	1	0	0	[ 95 -89]	13
5779.742266666667	3.3746000000001004	trials	5780.857266666667	5780.921266666667	0.405	5781.2842666666675	5781.689266666667	0	1	19	0	1	46	1	1	0	0	[139  -7]	13
5783.712	3.9798666666665667	trials	5784.508000000001	5785.506	0.4	5785.869000000001	5786.244000000001	0	1	19	0	0	46	1	1	0	0	[139  -7]	13
5792.092266666667	3.7096333333338407	trials	5792.962266666666	5793.577266666666	0.455	5793.9892666666665	5794.354266666666	0	1	17	0	0	40	1	1	0	0	[117  86]	13
5796.402133333334	3.964999999999236	trials	5797.431133333334	5797.912133333334	0.365	5798.239133333334	5798.734133333334	0	1	14	2	0	33	1	3	9	0	[141   6]	13
5801.097000000001	4.224999999999454	trials	5802.084000000001	5802.765	0.37	5803.089000000001	5803.734	0	1	18	1	0	44	1	1	9	0	[114 -86]	13
5807.302233333334	3.784599999999955	trials	5808.186233333334	5809.068233333333	0.38	5809.419233333334	5809.694233333334	0	1	25	0	0	55	1	1	0	0	[  8 102]	13
5822.0721	4.3400000000001455	trials	5823.1601	5823.7581	0.445	5824.1691	5824.8791	0	1	18	2	0	45	1	3	9	0	[114 -86]	13
5827.2221	4.095000000000255	trials	5828.0631	5828.6611	0.39	5829.0041	5829.8341	0	1	18	2	0	45	1	3	9	0	[114 -86]	13
5837.0872	4.2348000000001775	trials	5837.9342	5838.5992	0.375	5838.9392	5839.7242	0	1	18	1	0	44	1	1	9	0	[114 -86]	13
5844.0572	4.4647666666669465	trials	5844.9542	5845.8022	0.455	5846.2142	5846.9542	0	1	17	1	0	41	1	1	9	0	[117  86]	13
5854.536966666667	3.6252333333341085	trials	5855.358966666667	5855.839966666666	0.43	5856.233966666667	5856.593966666666	0	1	0	11	0	0	0	1	5	1	[-115   77]	13
5858.6919333333335	4.0948666666663485	trials	5859.744933333333	5860.608933333334	0.345	5860.9239333333335	5861.323933333333	0	1	15	0	0	34	1	1	0	0	[-113  -78]	13
5868.631933333334	4.015033333333122	trials	5869.398933333334	5870.346933333334	0.4	5870.713933333334	5871.128933333334	0	1	0	1	0	0	0	1	2	1	[-98 -77]	13
5873.4271	3.5648000000001048	trials	5874.2521	5874.7661	0.395	5875.1191	5875.4791	0	1	0	10	0	0	0	3	0	1	[-144  -52]	13
5882.352166666667	3.5296333333335497	trials	5883.156166666667	5883.670166666667	0.445	5884.079166666666	5884.439166666667	0	1	17	0	0	40	1	1	0	0	[117  86]	13
5886.561933333333	4.21003333333374	trials	5887.640933333333	5888.255933333334	0.44	5888.663933333333	5889.228933333334	0	1	17	1	0	41	1	1	9	0	[117  86]	13
5891.681933333333	3.8249000000005253	trials	5892.576933333334	5893.324933333333	0.365	5893.653933333333	5894.018933333334	0	1	0	1	0	0	0	1	2	1	[-59  75]	13
5900.876966666667	4.034800000000359	trials	5902.014966666667	5902.745966666666	0.355	5903.0589666666665	5903.468966666666	0	1	39	0	0	106	1	1	0	0	[-90 -82]	13
5905.706933333334	4.439966666666805	trials	5906.8169333333335	5907.698933333334	0.35	5908.018933333334	5908.573933333334	0	1	29	1	0	68	1	1	9	0	[-114   11]	13
5910.951933333334	3.8697999999994863	trials	5911.886933333334	5912.6339333333335	0.375	5912.973933333334	5913.368933333334	0	1	18	0	0	43	1	1	0	0	[114 -86]	13
5915.456933333334	4.019966666666733	trials	5916.471933333334	5917.286933333334	0.345	5917.598933333334	5917.953933333334	0	1	0	0	0	0	0	1	2	1	[47 61]	13
5920.087033333333	4.295000000000073	trials	5921.108033333333	5921.822033333333	0.43	5922.214033333334	5922.739033333333	0	1	39	2	0	108	1	3	9	0	[-90 -82]	13
5928.117233333333	4.454800000000432	trials	5929.1622333333335	5930.143233333333	0.39	5930.494233333334	5930.964233333333	0	1	29	2	0	69	1	3	9	0	[-114   11]	13
5934.872266666667	3.9797666666663645	trials	5935.848266666667	5936.313266666667	0.455	5936.724266666667	5937.234266666667	0	1	29	2	0	69	1	3	9	0	[-114   11]	13
5943.807133333334	4.704799999999523	trials	5944.936133333334	5945.850133333333	0.435	5946.244133333334	5946.8641333333335	0	1	39	1	0	107	1	1	9	0	[-90 -82]	13
5949.2469	3.4649666666664416	trials	5950.2219000000005	5950.3859	0.36	5950.7089000000005	5951.1639000000005	0	1	35	1	0	95	1	1	9	0	[123   9]	13
5953.411866666667	4.144999999999527	trials	5954.2568666666675	5955.137866666667	0.35	5955.453866666668	5955.993866666668	0	1	29	1	1	68	1	1	9	0	[-114   11]	13
5958.346866666667	3.630000000000109	trials	5959.442866666666	5959.606866666667	0.38	5959.9438666666665	5960.408866666667	0	1	14	1	0	32	1	1	9	0	[141   6]	13
5962.871866666667	3.949866666665912	trials	5963.644866666667	5964.592866666667	0.32	5964.883866666667	5965.348866666667	0	1	29	0	0	67	1	1	0	0	[-114   11]	13
5967.486966666667	4.379866666666203	trials	5968.379966666667	5969.061966666667	0.395	5970.143966666667	5970.413966666667	0	1	9	2	0	0	0	3	9	0	[ -9 110]	13
5977.601833333334	2.9898666666658755	trials	5978.501833333334	5978.532833333334	0.36	5978.848833333334	5979.223833333334	0	1	13	0	0	28	1	1	0	0	[-117   88]	13
5981.171833333334	4.0406999999995605	trials	5982.069833333334	5982.751833333334	0.415	5983.128833333334	5983.593833333333	0	1	34	1	0	92	1	1	9	0	[122 -81]	13
5985.981833333333	4.21996666666746	trials	5987.122833333333	5987.803833333333	0.38	5988.138833333333	5988.688833333334	0	1	2	1	0	2	1	1	7	0	[114  91]	13
5990.891833333334	3.629866666666203	trials	5991.657833333334	5992.389833333334	0.35	5992.698833333334	5993.063833333334	0	1	17	0	0	40	1	1	0	0	[117  86]	13
5995.156833333333	3.679866666666385	trials	5995.926833333334	5996.641833333333	0.385	5996.983833333334	5997.368833333334	0	1	24	0	0	79	1	1	0	0	[ 95 -89]	13
5999.401933333334	3.9350000000004	trials	6000.162933333334	6000.759933333334	0.39	6001.108933333334	6001.738933333334	0	1	6	2	0	12	1	3	8	0	[-13 111]	13
6003.971833333334	3.70986666666613	trials	6005.014833333334	6005.495833333334	0.345	6005.798833333334	6006.173833333334	0	1	0	2	0	0	0	1	2	1	[-120   38]	13
6012.867066666667	3.5647666666673103	trials	6013.619066666667	6014.083066666667	0.4	6014.439066666667	6014.889066666667	0	1	37	1	0	101	1	1	9	0	[119  80]	13
6027.4020666666665	4.0497333333341885	trials	6028.426066666667	6029.141066666666	0.41	6029.514066666667	6029.929066666667	0	1	28	1	0	65	1	1	9	0	[110  79]	13
6034.802033333333	4.049633333333986	trials	6035.880033333334	6036.694033333333	0.36	6037.019033333333	6037.399033333333	0	1	31	0	0	82	1	1	0	0	[-121   68]	13
6039.4168	3.6848666666674035	trials	6040.2648	6041.0628	0.34	6041.3638	6041.6538	0	1	23	0	0	76	1	1	0	0	[-4 93]	13
6043.9168	3.9200333333337767	trials	6044.7838	6045.3488	0.365	6045.6738	6046.2137999999995	0	1	20	1	0	50	1	1	9	0	[-132   83]	13
6048.446800000001	3.699866666665912	trials	6049.219800000001	6049.9508000000005	0.41	6050.318800000001	6050.698800000001	0	1	2	0	0	1	1	1	0	0	[114  91]	13
6052.736800000001	3.6948999999995067	trials	6053.604800000001	6054.1688	0.4	6054.528800000001	6054.973800000001	0	1	0	0	0	0	0	1	2	1	[129 -78]	13
6057.326800000001	3.929833333332681	trials	6058.3738	6059.0888	0.39	6059.438800000001	6059.818800000001	0	1	4	0	0	7	1	1	0	0	[125 -18]	13
6065.202	4.149766666666437	trials	6065.978	6066.792	0.505	6067.259	6067.779	0	1	3	1	0	5	1	1	7	0	[-144  -52]	13
6070.554150063201	4.184766666666292	trials	6071.587150063201	6072.201150063201	0.47	6072.631150063201	6073.116150063201	0	1	36	2	0	99	1	3	9	0	[-115   77]	13
6072.557000000001	3.9054666666661433	trials	6073.398000000001	6073.896000000001	0.4	6074.259000000001	6074.704000000001	0	1	21	1	0	53	1	1	9	0	[-134  -83]	13
6073.537783396534	3.9698666666663485	trials	6074.552783396534	6075.283783396534	0.355	6075.599783396534	6076.054783396534	0	1	39	0	0	106	1	1	0	0	[-90 -82]	13
6074.205616729867	3.9798000000000684	trials	6075.035616729867	6075.816616729867	0.38	6076.162616729867	6076.592616729867	0	1	31	1	0	83	1	1	9	0	[-121   68]	13
6078.512783396533	4.180033333333995	trials	6079.638783396534	6080.202783396533	0.39	6080.549783396534	6081.139783396534	0	1	38	1	0	104	1	1	9	0	[105 -83]	13
6078.750483396534	4.385000000000218	trials	6079.8374833965345	6080.552483396534	0.445	6080.9624833965345	6081.547483396534	0	1	18	2	0	45	1	3	9	0	[114 -86]	13
6081.5040500632	4.389566666666724	trials	6082.5920500632	6083.390050063201	0.73	6084.0760500632005	6084.4310500632	0	1	38	0	0	103	1	1	0	0	[105 -83]	13
6083.9003833965335	4.455433333333531	trials	6084.956383396533	6085.954383396534	0.33	6086.242383396533	6086.757383396533	0	1	4	1	0	8	1	1	7	0	[125 -18]	13
6086.0180500632005	4.239733333333788	trials	6086.9090500632	6087.8570500632	0.37	6088.1900500632	6088.6950500632	0	1	10	1	0	20	1	1	9	0	[ -9 110]	13
6090.378983396534	3.814633333333404	trials	6091.312983396534	6092.010983396533	0.41	6092.380983396534	6092.760983396533	0	1	11	0	0	22	1	1	0	0	[121 -76]	13
6093.605716729867	4.404766666667456	trials	6094.744716729867	6095.676716729867	0.39	6096.027716729866	6096.442716729867	0	1	37	2	0	102	1	3	9	0	[119  80]	13
6094.0530167298675	4.279766666666546	trials	6095.163016729867	6095.944016729867	0.405	6096.320016729867	6096.765016729868	0	1	36	1	0	98	1	1	9	0	[-115   77]	13
6098.7953500632	3.9498666666668214	trials	6099.6303500632	6100.5613500632	0.365	6100.8873500632	6101.2873500632	0	1	20	0	0	49	1	1	0	0	[-132   83]	13
6099.953016729867	3.8195999999998094	trials	6100.983016729867	6101.514016729867	0.465	6101.935016729867	6102.320016729867	0	1	7	0	0	13	1	1	0	0	[136  87]	13
6100.029016729867	3.5847666666668374	trials	6101.1510167298675	6101.215016729867	0.475	6101.656016729868	6102.101016729867	0	1	0	1	0	0	0	1	2	1	[ 107 -103]	13
6103.380383396534	3.4298333333335904	trials	6104.199383396534	6104.663383396534	0.4	6105.032383396534	6105.392383396534	0	1	22	0	0	73	1	1	0	0	[126  82]	13
6104.6187500632	3.8149666666668054	trials	6105.485750063201	6105.9837500632	0.46	6106.410750063201	6106.8957500632005	0	1	22	1	0	74	1	1	7	0	[126  82]	13
6104.7877500632	4.115033333333486	trials	6105.8847500632	6106.7157500632	0.365	6107.0497500632	6107.3847500632	0	1	0	0	0	0	0	1	2	1	[38 88]	13
6109.535716729867	4.510466666666616	trials	6110.602716729867	6111.383716729867	0.39	6111.737716729867	6112.257716729867	0	1	21	2	0	54	1	3	9	0	[-134  -83]	13
6109.723750063201	3.829866666666021	trials	6110.671750063201	6111.369750063201	0.35	6111.685750063201	6112.075750063201	0	1	2	0	0	1	1	1	0	0	[114  91]	13
6115.533983396534	3.269600000000537	trials	6116.591983396534	6116.638983396533	0.405	6117.000983396533	6117.365983396534	0	1	2	0	0	1	1	1	0	0	[114  91]	13
6116.3157500632005	4.414700000000266	trials	6117.3227500632	6118.2377500632	0.385	6118.5877500632005	6119.147750063201	0	1	2	2	0	3	1	3	7	0	[114  91]	13
6119.761116729867	3.644766666666328	trials	6120.697116729867	6120.745116729868	0.485	6121.198116729867	6121.843116729868	0	1	17	1	0	41	1	1	9	0	[117  86]	13
6120.694083396534	4.5147666666671284	trials	6121.6440833965335	6122.559083396533	0.405	6122.926083396534	6123.5860833965335	0	1	3	2	0	6	1	3	7	0	[-144  -52]	13
6121.345483396534	4.924833333332572	trials	6122.474483396534	6123.089483396534	0.335	6124.362483396534	6124.747483396534	0	1	1	2	0	0	0	3	7	0	[-144  -52]	13
6127.309116729867	4.509766666667019	trials	6128.081116729867	6128.829116729868	0.58	6129.371116729867	6130.071116729867	0	1	39	2	0	108	1	3	9	0	[-90 -82]	13
6128.820583396534	3.7996000000002823	trials	6129.795583396534	6130.392583396534	0.425	6130.787583396534	6131.167583396534	0	1	11	0	1	22	1	1	0	0	[121 -76]	13
6129.495883396534	4.310699999999997	trials	6130.418883396534	6131.216883396533	0.38	6131.557883396534	6132.052883396534	0	1	12	1	0	26	1	1	9	0	[-136  -23]	13
6134.436016729867	4.525700000000143	trials	6135.538016729867	6136.136016729867	0.435	6136.538016729867	6137.1780167298675	0	1	12	2	0	27	1	3	9	0	[-136  -23]	13
6134.693983396533	3.8746000000001004	trials	6135.567983396533	6136.448983396534	0.395	6136.8059833965335	6137.115983396533	0	1	10	0	1	19	1	1	0	0	[ -9 110]	13
6135.7055500632005	4.149800000000141	trials	6136.7315500632	6137.3795500632	0.335	6137.6775500632	6138.3025500632	0	1	38	1	0	104	1	1	9	0	[105 -83]	13
6139.232983396534	4.009599999999409	trials	6140.150983396534	6140.982983396534	0.38	6141.329983396534	6141.794983396534	0	1	29	0	0	67	1	1	0	0	[-114   11]	13
6140.665483396534	4.835666666666839	trials	6141.817483396534	6142.782483396534	0.405	6143.142483396534	6143.692483396534	0	1	32	2	0	87	1	3	9	0	[-117  -86]	13
6141.639083396534	4.1995999999999185	trials	6142.571083396534	6142.652083396534	0.475	6143.906083396534	6144.306083396535	0	1	1	2	0	0	0	3	7	0	[-144  -52]	13
6144.671050063201	4.590666666666948	trials	6145.609050063201	6146.574050063201	0.425	6146.9680500632	6147.4680500632	0	1	15	2	0	36	1	3	9	0	[-113  -78]	13
6147.880716729867	4.319700000000012	trials	6148.670716729867	6149.468716729867	0.525	6149.957716729868	6150.5777167298675	0	1	24	2	0	81	1	3	7	0	[ 95 -89]	13
6148.003983396534	3.6247000000003027	trials	6149.056983396534	6149.1049833965335	0.435	6149.505983396534	6150.0559833965335	0	1	23	1	0	77	1	1	7	0	[-4 93]	13
6153.518083396534	3.939766666666401	trials	6154.325083396534	6155.0730833965345	0.39	6155.425083396534	6155.870083396534	0	1	28	2	0	66	1	3	9	0	[110  79]	13
6153.583950063201	4.174766666666073	trials	6154.442950063201	6155.174950063201	0.5	6155.635950063201	6156.165950063201	0	1	36	1	0	98	1	1	9	0	[-115   77]	13
6154.195583396534	4.004733333333206	trials	6154.973583396534	6155.638583396534	0.37	6155.977583396534	6156.6175833965335	0	1	18	1	0	44	1	1	9	0	[114 -86]	13
6156.156116729867	4.009766666667019	trials	6156.932116729867	6157.746116729867	0.395	6158.103116729867	6158.583116729867	0	1	16	1	0	38	1	1	9	0	[-108   82]	13
6158.930316729868	3.674833333332572	trials	6159.792316729868	6160.4073167298675	0.405	6160.7823167298675	6161.177316729868	0	1	34	0	0	91	1	1	0	0	[122 -81]	13
6160.8708500632	3.8600333333333765	trials	6161.6668500632	6162.3978500632	0.385	6162.7478500632005	6163.1978500632	0	1	16	1	0	38	1	1	9	0	[-108   82]	13
6163.480416729867	4.204999999999927	trials	6164.495416729867	6165.026416729867	0.53	6165.512416729867	6166.077416729867	0	1	7	2	0	15	1	3	8	0	[136  87]	13
6170.385983396533	4.155033333333449	trials	6171.3549833965335	6171.819983396534	0.475	6172.262983396534	6172.847983396534	0	1	20	2	0	51	1	3	9	0	[-132   83]	13
6170.945583396534	3.659566666666251	trials	6172.048583396534	6172.379583396534	0.4	6172.737583396534	6173.167583396534	0	1	15	0	1	34	1	1	0	0	[-113  -78]	13
6175.230316729867	4.3598333333338815	trials	6176.134316729867	6176.665316729867	0.365	6177.767316729867	6178.147316729867	0	1	1	0	0	0	0	1	7	0	[125 -18]	13
6175.435950063201	4.185033333333195	trials	6176.340950063201	6177.205950063201	0.335	6177.507950063201	6177.952950063201	0	1	16	2	0	39	1	3	9	0	[-108   82]	13
6177.588716729867	3.9798333333337723	trials	6178.521716729867	6179.235716729867	0.44	6179.640716729867	6180.115716729867	0	1	8	0	0	16	1	1	0	0	[-115 -100]	13
6180.3003167298675	3.8198333333330083	trials	6181.186316729868	6181.801316729868	0.395	6182.167316729868	6182.642316729867	0	1	15	0	0	34	1	1	0	0	[-113  -78]	13
6182.946183396534	4.0704333333333125	trials	6183.878183396534	6184.3761833965345	0.385	6184.728183396534	6185.218183396534	0	1	21	2	0	54	1	3	9	0	[-134  -83]	13
6184.825383396534	4.175033333333886	trials	6185.622383396533	6186.453383396533	0.465	6186.882383396533	6187.407383396534	0	1	17	2	0	42	1	3	9	0	[117  86]	13
6189.068683396534	3.8748333333332994	trials	6189.893683396534	6190.807683396533	0.385	6191.150683396534	6191.5006833965335	0	1	17	0	0	40	1	1	0	0	[117  86]	13
6189.865283396534	4.489833333333081	trials	6190.724283396535	6191.2722833965345	0.39	6192.5222833965345	6192.8972833965345	0	1	5	1	0	0	0	1	8	0	[136  87]	13
6190.877683396534	3.879866666666203	trials	6191.742683396534	6192.640683396534	0.4	6193.004683396534	6193.384683396534	0	1	2	0	0	1	1	1	0	0	[114  91]	13
6193.623683396534	4.194999999999709	trials	6194.595683396534	6195.3936833965345	0.4	6195.755683396534	6196.245683396534	0	1	17	1	0	41	1	1	9	0	[117  86]	13
6195.451183396533	4.215433333333749	trials	6196.467183396533	6197.015183396534	0.41	6197.383183396533	6197.918183396533	0	1	30	2	0	72	1	3	9	0	[-106  -80]	13
6195.757816729867	4.199999999999818	trials	6196.828816729867	6197.559816729867	0.435	6197.959816729867	6198.464816729867	0	1	27	2	0	63	1	3	8	0	[115 -80]	13
6196.935516729867	3.7647666666671284	trials	6198.011516729867	6198.192516729867	0.45	6198.5975167298675	6199.117516729867	0	1	17	1	0	41	1	1	9	0	[117  86]	13
6198.643683396534	3.769833333333736	trials	6199.7816833965335	6200.295683396534	0.405	6200.660683396533	6200.985683396533	0	1	25	0	0	55	1	1	0	0	[  8 102]	13
6200.525816729867	4.875733333333301	trials	6201.635816729867	6202.500816729867	0.425	6202.882816729867	6203.647816729867	0	1	32	1	0	86	1	1	9	0	[-117  -86]	13
6201.425250063201	3.899899999999434	trials	6202.480250063201	6203.061250063201	0.4	6203.427250063201	6203.817250063201	0	1	37	0	0	100	1	1	0	0	[119  80]	13
6203.108683396534	4.475000000000364	trials	6204.150683396534	6205.064683396534	0.355	6205.385683396534	6206.0006833965335	0	1	3	1	0	5	1	1	7	0	[-144  -52]	13
6203.323050063201	4.295466666666471	trials	6204.199050063201	6204.730050063201	0.59	6205.280050063201	6205.945050063201	0	1	12	2	0	27	1	3	9	0	[-136  -23]	13
6205.930383396534	4.225033333333158	trials	6207.049383396534	6207.680383396534	0.39	6208.037383396534	6208.532383396534	0	1	29	2	0	69	1	3	9	0	[-114   11]	13
6206.305816729867	3.985700000000179	trials	6207.271816729867	6207.786816729867	0.41	6208.157816729867	6208.602816729866	0	1	32	1	1	86	1	1	9	0	[-117  -86]	13
6208.692816729867	4.300699999999779	trials	6209.501816729868	6210.249816729867	0.455	6210.669816729867	6211.329816729867	0	1	30	2	0	72	1	3	9	0	[-106  -80]	13
6209.268783396534	4.220033333333049	trials	6210.319783396534	6210.850783396534	0.48	6211.2807833965335	6211.8657833965335	0	1	7	2	0	15	1	3	8	0	[136  87]	13
6210.950250063201	4.175000000000182	trials	6212.001250063201	6212.615250063201	0.42	6212.9972500632	6213.562250063201	0	1	6	1	0	11	1	1	8	0	[-13 111]	13
6213.6960500632	4.130500000000211	trials	6214.626050063201	6215.2410500632	0.405	6215.6030500632005	6216.0880500632	0	1	30	1	0	71	1	1	9	0	[-106  -80]	13
6214.057683396534	3.934866666666494	trials	6215.1706833965345	6215.935683396534	0.38	6216.279683396534	6216.579683396534	0	1	23	0	0	76	1	1	0	0	[-4 93]	13
6215.363916729867	4.519733333333534	trials	6216.389916729867	6217.304916729867	0.49	6217.755916729867	6218.320916729867	0	1	24	1	0	80	1	1	7	0	[ 95 -89]	13
6218.1056167298675	4.204733333333024	trials	6219.204616729868	6219.702616729867	0.455	6220.117616729867	6220.687616729868	0	1	3	2	0	6	1	3	7	0	[-144  -52]	13
6218.782683396534	4.754866666667112	trials	6219.8396833965335	6220.554683396534	0.34	6221.824683396534	6222.164683396533	0	1	9	0	0	0	0	1	9	0	[ -9 110]	13
6223.085283396534	3.8647666666665828	trials	6223.907283396534	6224.771283396533	0.38	6225.122283396534	6225.512283396533	0	1	3	0	0	4	1	1	0	0	[-144  -52]	13
6223.915816729867	4.240699999999379	trials	6224.830816729867	6225.461816729868	0.42	6225.837816729867	6226.422816729867	0	1	32	1	0	86	1	1	9	0	[-117  -86]	13
6227.715250063201	3.8750333333327944	trials	6228.526250063201	6229.257250063201	0.355	6229.567250063201	6229.997250063201	0	1	36	1	0	98	1	1	9	0	[-115   77]	13
6227.764050063201	4.334766666666837	trials	6228.8790500632	6229.4100500632	0.455	6229.8210500632	6230.3710500632005	0	1	39	2	0	108	1	3	9	0	[-90 -82]	13
6230.858050063201	3.4754666666667617	trials	6231.662050063201	6231.693050063201	0.46	6232.1200500632	6232.675050063201	0	1	33	2	0	90	1	3	9	0	[134 -46]	13
6231.186183396534	3.8847333333333154	trials	6231.951183396534	6232.682183396534	0.395	6233.043183396534	6233.503183396534	0	1	37	2	0	102	1	3	9	0	[119  80]	13
6232.998816729867	4.295000000000073	trials	6233.864816729867	6234.845816729867	0.395	6235.2108167298675	6235.675816729867	0	1	11	2	0	24	1	3	9	0	[121 -76]	13
6235.282816729868	3.9099999999998545	trials	6236.214816729867	6236.628816729867	0.405	6236.994816729868	6237.534816729868	0	1	39	2	0	108	1	3	9	0	[-90 -82]	13
6237.155483396534	4.3754333333336035	trials	6237.980483396534	6238.928483396534	0.39	6239.287483396533	6239.817483396534	0	1	33	1	0	89	1	1	9	0	[134 -46]	13
6238.163683396534	3.889766666666219	trials	6238.983683396534	6239.864683396534	0.38	6240.205683396534	6240.605683396534	0	1	32	0	0	85	1	1	0	0	[-117  -86]	13
6240.117683396534	4.455600000000231	trials	6241.266683396534	6242.131683396534	0.4	6242.499683396533	6243.014683396534	0	1	27	1	0	62	1	1	8	0	[115 -80]	13
6243.0036500632	3.380033333333813	trials	6243.8026500632	6243.950650063201	0.365	6244.2806500632005	6244.7706500632	0	1	29	1	0	68	1	1	9	0	[-114   11]	13
6243.455483396534	4.169766666666874	trials	6244.267483396534	6245.181483396534	0.355	6245.497483396534	6246.067483396534	0	1	35	1	0	95	1	1	9	0	[123   9]	13
6247.278650063201	4.3006333333332805	trials	6248.104650063201	6248.919650063201	0.5	6249.385650063201	6249.915650063201	0	1	8	1	0	17	1	1	8	0	[-115 -100]	13
6248.213016729867	4.339799999999741	trials	6249.237016729868	6250.1020167298675	0.4	6250.470016729867	6251.025016729867	0	1	14	2	0	33	1	3	9	0	[141   6]	13
6248.370350063201	3.9400333333333037	trials	6249.336350063201	6249.9173500632005	0.39	6250.272350063201	6250.672350063201	0	1	16	2	0	39	1	3	9	0	[-108   82]	13
6248.420916729867	4.134966666667424	trials	6249.208916729866	6250.140916729867	0.44	6250.537916729867	6251.027916729867	0	1	7	2	0	15	1	3	8	0	[136  87]	13
6253.253883396534	4.414766666666765	trials	6254.391883396534	6255.2398833965335	0.39	6255.590883396534	6256.090883396534	0	1	7	1	0	14	1	1	8	0	[136  87]	13
6253.320783396533	4.109866666667585	trials	6254.428783396534	6255.292783396533	0.385	6255.647783396534	6256.027783396534	0	1	8	0	0	16	1	1	0	0	[-115 -100]	13
6256.387883396534	3.494800000000396	trials	6257.424883396534	6257.4718833965335	0.42	6257.849883396534	6258.394883396533	0	1	28	1	0	65	1	1	9	0	[110  79]	13
6258.215783396534	3.669833333333372	trials	6259.0307833965335	6259.694783396534	0.4	6260.062783396534	6260.437783396534	0	1	7	0	0	13	1	1	0	0	[136  87]	13
6258.660483396534	3.789600000000064	trials	6259.557483396534	6260.255483396534	0.365	6260.5824833965335	6260.987483396534	0	1	8	0	0	16	1	1	0	0	[-115 -100]	13
6262.565783396534	3.159899999999652	trials	6263.532783396534	6264.430783396534	0.255	6264.657783396534		0	0	21	0	0	52	0	1	0	0	[-134  -83]	13
6263.125216729867	4.2150000000001455	trials	6264.226216729867	6264.941216729867	0.32	6265.227216729867	6265.812216729867	0	1	23	1	0	77	1	1	7	0	[-4 93]	13
6263.608883396534	4.494766666666692	trials	6264.746883396534	6265.6108833965345	0.38	6265.960883396534	6266.530883396534	0	1	35	1	0	95	1	1	9	0	[123   9]	13
6267.9711500632	4.289600000000064	trials	6269.0691500632	6269.1331500632	0.405	6270.3981500632	6270.7731500632	0	1	1	2	0	0	0	3	7	0	[-144  -52]	13
6268.085316729867	3.490099999999984	trials	6269.195316729867	6269.660316729867	0.405	6270.022316729867	6270.647316729867	0	0	14	2	0	33	0	3	9	0	[-113  -78]	13
6270.253883396534	2.7546333333339135	trials	6271.115883396534	6271.563883396534	0.41	6271.945883396534		0	0	30	0	0	70	0	1	0	0	[-106  -80]	13
6273.100583396534	3.399733333333643	trials	6273.981583396534	6274.028583396534	0.415	6274.4075833965335	6274.902583396533	0	1	4	2	0	9	1	3	7	0	[125 -18]	13
6274.068883396534	4.000366666666196	trials	6274.834883396534	6275.615883396534	0.37	6275.950883396534	6276.410883396534	0	1	27	1	0	62	1	1	8	0	[115 -80]	13
6277.280350063201	4.544966666666369	trials	6278.3503500632005	6279.181350063201	0.435	6279.5823500632005	6280.242350063201	0	1	22	2	0	75	1	3	7	0	[126  82]	13
6282.570216729867	4.555000000000291	trials	6283.719216729867	6284.567216729867	0.36	6284.897216729867	6285.527216729867	0	1	10	1	0	20	1	1	9	0	[ -9 110]	13
6282.573016729867	4.309733333333497	trials	6283.554016729867	6284.269016729867	0.415	6284.630016729867	6285.280016729867	0	1	18	2	0	45	1	3	9	0	[114 -86]	13
6285.5387500632005	4.319999999999709	trials	6286.6237500632005	6287.4717500632005	0.41	6287.8357500632	6288.3407500632	0	1	38	2	0	105	1	3	9	0	[105 -83]	13
6287.7953500632	4.1256666666668025	trials	6288.6213500632	6289.1523500632	0.43	6289.5373500632	6290.1473500632	0	1	12	2	0	27	1	3	9	0	[-136  -23]	13
6290.606116729868	4.560466666665889	trials	6291.396116729868	6292.3111167298675	0.415	6292.693116729868	6293.383116729868	0	1	32	2	0	87	1	3	9	0	[-117  -86]	13
6292.7652167298675	3.249966666666296	trials	6293.557216729868	6293.671216729867	0.355	6293.987216729867	6294.477216729868	0	1	2	1	0	2	1	1	7	0	[114  91]	13
6297.005316729867	4.335599999999431	trials	6298.076316729867	6298.640316729868	0.435	6299.037316729868	6299.597316729867	0	1	8	2	0	18	1	3	8	0	[-115 -100]	13
6301.948616729867	3.80983333333279	trials	6302.997616729867	6303.695616729868	0.39	6304.055616729867	6304.3956167298675	0	1	28	0	0	64	1	1	0	0	[110  79]	13
6303.421150063201	4.435433333333094	trials	6304.519150063201	6305.134150063201	0.455	6305.543150063201	6306.048150063201	0	1	15	2	0	36	1	3	9	0	[-113  -78]	13
6306.280416729867	3.955399999999827	trials	6307.114416729867	6307.511416729867	0.415	6307.887416729867	6308.537416729867	0	1	8	1	0	17	1	1	8	0	[-115 -100]	13
6309.801016729867	3.66456666666636	trials	6310.756016729867	6311.304016729867	0.405	6311.673016729867	6312.013016729868	0	1	17	0	0	40	1	1	0	0	[117  86]	13
6311.178850063201	4.110433333333276	trials	6312.269850063201	6312.716850063201	0.455	6313.130850063201	6313.655850063201	0	1	12	1	0	26	1	1	9	0	[-136  -23]	13
6316.1236167298675	3.944999999999709	trials	6317.254616729868	6317.785616729868	0.415	6318.155616729868	6318.575616729868	0	1	38	1	0	104	1	1	9	0	[105 -83]	13
6317.805183396534	4.17983333333359	trials	6318.919183396533	6319.851183396534	0.33	6320.1521833965335	6320.547183396534	0	1	18	0	0	43	1	1	0	0	[114 -86]	13
6320.958616729868	3.674833333332572	trials	6321.740616729868	6322.438616729867	0.37	6322.775616729868	6323.185616729867	0	1	30	0	0	70	1	1	0	0	[-106  -80]	13
6322.810283396534	4.315033333333304	trials	6323.855283396534	6324.620283396534	0.425	6325.012283396534	6325.552283396534	0	1	38	2	0	105	1	3	9	0	[105 -83]	13
6325.453716729868	4.239999999999782	trials	6326.492716729867	6327.157716729867	0.405	6327.530716729868	6328.065716729868	0	1	23	2	0	78	1	3	7	0	[-4 93]	13
6327.915283396534	4.1950000000006185	trials	6328.991283396534	6329.639283396534	0.385	6329.992283396534	6330.507283396533	0	1	35	2	1	96	1	3	9	0	[123   9]	13
6328.592716729867	4.414966666667169	trials	6329.625716729867	6330.307716729867	0.49	6330.759716729867	6331.444716729867	0	1	22	2	0	75	1	3	7	0	[126  82]	13
6330.590950063201	3.3546333333333678	trials	6331.515950063201	6331.779950063201	0.42	6332.157950063201	6332.4779500632	0	1	25	0	0	55	1	1	0	0	[  8 102]	13
6332.955183396534	4.214833333333445	trials	6333.910183396534	6334.408183396535	0.35	6335.442183396534	6335.737183396534	0	1	5	0	0	0	0	1	8	0	[-13 111]	13
6334.775716729867	3.859866666666676	trials	6335.6177167298665	6336.531716729867	0.37	6336.857716729867	6337.192716729867	0	1	28	0	0	64	1	1	0	0	[110  79]	13
6337.7451500632005	3.6747999999997774	trials	6338.5621500632005	6339.1271500632	0.47	6339.5571500632	6339.987150063201	0	1	32	0	0	85	1	1	0	0	[-117  -86]	13
6340.177983396534	4.344766666667056	trials	6341.231983396534	6342.029983396534	0.44	6342.429983396534	6342.934983396533	0	1	17	2	0	42	1	3	9	0	[117  86]	13
6342.105283396534	4.205699999999524	trials	6343.248283396534	6343.595283396534	0.41	6343.957283396534	6344.532283396534	0	1	15	2	0	36	1	3	9	0	[-113  -78]	13
6346.151083396534	3.6597666666666555	trials	6347.307083396534	6347.371083396534	0.395	6347.733083396534	6348.218083396534	0	1	11	2	0	24	1	3	9	0	[121 -76]	13
6347.343816729867	3.8647666666665828	trials	6348.453816729867	6348.834816729867	0.44	6349.230816729867	6349.645816729867	0	1	7	1	0	14	1	1	8	0	[136  87]	13
6349.580516729868	4.014733333332515	trials	6350.368516729867	6351.149516729868	0.38	6351.487516729868	6352.022516729868	0	1	23	2	0	78	1	3	7	0	[-4 93]	13
6351.968583396534	4.569966666666005	trials	6353.072583396534	6354.070583396534	0.36	6354.390583396534	6354.980583396534	0	1	23	1	0	77	1	1	7	0	[-4 93]	13
6354.4001500632	3.799866666667185	trials	6355.4541500632	6356.018150063201	0.345	6356.3321500632	6356.7421500632	0	1	12	0	0	25	1	1	0	0	[-136  -23]	13
6357.263683396533	4.415000000000873	trials	6358.207683396534	6359.105683396533	0.39	6359.450683396533	6360.070683396533	0	1	25	2	0	57	1	3	8	0	[  8 102]	13
6358.7054167298675	4.229599999999664	trials	6359.856416729867	6360.720416729868	0.405	6361.082416729868	6361.4824167298675	0	1	35	0	0	94	1	1	0	0	[123   9]	13
6362.358683396534	4.15003333333334	trials	6363.377683396534	6364.141683396534	0.39	6364.5006833965335	6364.900683396534	0	1	14	2	0	33	1	3	9	0	[141   6]	13
6367.338583396534	3.604833333332863	trials	6368.262583396534	6368.710583396534	0.405	6369.085583396534	6369.495583396534	0	1	14	0	0	31	1	1	0	0	[141   6]	13
6367.4509167298675	4.639633333333222	trials	6368.266916729867	6369.147916729868	0.335	6370.277916729868	6370.652916729868	0	1	9	0	0	0	0	1	9	0	[-136  -23]	13
6367.685383396534	4.274733333332733	trials	6368.843383396535	6369.458383396534	0.475	6369.902383396534	6370.447383396534	0	1	22	1	0	74	1	1	7	0	[126  82]	13
6372.780850063201	4.479999999999563	trials	6373.852850063201	6374.683850063201	0.415	6375.057850063201	6375.652850063201	0	1	35	2	0	96	1	3	9	0	[123   9]	13
6372.800183396534	3.9348333333336996	trials	6373.896183396533	6374.544183396533	0.375	6374.882183396534	6375.292183396534	0	1	29	0	0	67	1	1	0	0	[-114   11]	13
6372.913783396534	3.7496000000001004	trials	6373.798783396534	6374.396783396534	0.405	6374.760783396534	6375.2007833965345	0	1	39	0	0	106	1	1	0	0	[-90 -82]	13
6376.982816729867	3.664600000000064	trials	6377.849816729868	6378.430816729868	0.42	6378.809816729868	6379.149816729868	0	1	17	0	0	40	1	1	0	0	[117  86]	13
6378.395383396534	3.8695999999999913	trials	6379.482383396535	6380.080383396535	0.405	6380.442383396534	6380.8073833965345	0	1	33	0	0	88	1	1	0	0	[134 -46]	13
6378.918783396534	4.0547999999998865	trials	6379.818783396534	6380.499783396534	0.385	6380.855783396534	6381.320783396534	0	1	21	1	0	53	1	1	9	0	[-134  -83]	13
6381.632683396534	3.9899999999997817	trials	6382.417683396534	6383.182683396534	0.385	6383.529683396534	6384.0096833965345	0	1	16	2	0	39	1	3	9	0	[-108   82]	13
6385.365383396534	4.584600000000137	trials	6386.318383396534	6386.916383396534	0.335	6388.112383396534	6388.517383396534	0	1	9	0	0	0	0	1	9	0	[121 -76]	13
6388.032916729867	4.269800000000032	trials	6389.154916729867	6389.769916729867	0.435	6390.169916729867	6390.689916729867	0	1	29	2	0	69	1	3	9	0	[-114   11]	13
6388.868883396533	3.950400000000627	trials	6389.706883396533	6390.170883396533	0.405	6390.530883396534	6391.070883396534	0	1	8	2	0	18	1	3	8	0	[-115 -100]	13
6391.0351500632005	3.839833333333445	trials	6391.804150063201	6392.6021500632005	0.44	6393.0021500632	6393.402150063201	0	1	30	0	0	70	1	1	0	0	[-106  -80]	13
6393.005683396534	3.800600000000486	trials	6394.095683396534	6394.226683396533	0.51	6394.702683396534	6395.177683396533	0	1	27	1	0	62	1	1	8	0	[115 -80]	13
6393.7325500632005	3.869866666666894	trials	6394.573550063201	6395.3885500632005	0.395	6395.7545500632	6396.1645500632	0	1	13	0	0	28	1	1	0	0	[-117   88]	13
6394.798916729867	4.894633333333331	trials	6395.842916729867	6396.557916729867	0.45	6397.7859167298675	6398.190916729867	0	1	5	2	0	0	0	3	8	0	[-115 -100]	13
6395.6002167298675	4.884866666666312	trials	6396.407216729867	6397.321216729867	0.38	6398.597216729868	6398.992216729867	0	1	5	2	0	0	0	3	8	0	[-115 -100]	13
6397.545783396534	4.185033333333195	trials	6398.3477833965335	6399.162783396534	0.43	6399.552783396533	6400.062783396534	0	1	13	2	0	30	1	3	9	0	[-117   88]	13
6400.1987500632	3.5296666666672536	trials	6400.9957500632	6401.459750063201	0.405	6401.820750063201	6402.2657500632	0	1	33	0	0	88	1	1	0	0	[134 -46]	13
6402.980383396534	4.299733333333279	trials	6404.094383396534	6404.775383396534	0.415	6405.152383396534	6405.647383396535	0	1	13	1	0	29	1	1	9	0	[-117   88]	13
6404.458683396534	3.9849999999996726	trials	6405.380683396534	6405.945683396534	0.43	6406.330683396534	6406.8356833965345	0	1	10	2	0	21	1	3	9	0	[ -9 110]	13
6404.706016729867	4.400500000000648	trials	6405.502016729867	6406.433016729867	0.435	6406.823016729867	6407.333016729867	0	1	15	2	0	36	1	3	9	0	[-113  -78]	13
6408.622550063201	4.0549999999993815	trials	6409.4645500632005	6410.128550063201	0.415	6410.514550063201	6411.084550063201	0	1	11	1	0	23	1	1	9	0	[121 -76]	13
6410.135783396534	4.565700000000106	trials	6411.270783396534	6412.018783396534	0.43	6412.407783396534	6412.907783396534	0	1	15	2	0	36	1	3	9	0	[-113  -78]	13
6410.200350063201	4.579633333332822	trials	6411.130350063201	6411.695350063201	0.34	6412.912350063201	6413.317350063201	0	1	9	1	0	0	0	1	9	0	[-136  -23]	13
6412.928883396534	4.59479999999985	trials	6414.084883396534	6414.899883396533	0.435	6415.300883396534	6415.900883396534	0	1	19	2	0	48	1	3	9	0	[139  -7]	13
6413.9225500632	3.7598333333335177	trials	6414.6835500632005	6415.4815500632	0.385	6415.8345500632	6416.2445500632	0	1	36	0	0	97	1	1	0	0	[-115   77]	13
6415.505783396534	4.179966666666587	trials	6416.389783396534	6416.870783396534	0.615	6417.452783396534	6418.107783396534	0	1	4	2	0	9	1	3	7	0	[125 -18]	13
6415.620216729867	4.020000000000437	trials	6416.566216729867	6417.098216729867	0.42	6417.472216729867	6418.002216729867	0	1	10	2	0	21	1	3	9	0	[ -9 110]	13
6418.383650063201	3.4099999999998545	trials	6419.3376500632	6419.4186500632	0.36	6419.7406500632005	6420.175650063201	0	1	31	2	0	84	1	3	9	0	[-121   68]	13
6418.582550063201	4.189866666666603	trials	6419.502550063201	6420.483550063201	0.4	6420.844550063201	6421.289550063201	0	1	12	0	0	25	1	1	0	0	[-136  -23]	13
6420.395083396534	4.494866666666894	trials	6421.419083396534	6421.883083396534	0.325	6423.027083396533	6423.387083396534	0	1	1	1	0	0	0	1	7	0	[114  91]	13
6422.468516729868	4.265733333332719	trials	6423.372516729868	6424.020516729867	0.44	6424.415516729868	6424.975516729867	0	1	33	1	1	89	1	1	9	0	[134 -46]	13
6423.647516729867	3.780433333333349	trials	6424.438516729867	6424.9365167298665	0.415	6425.314516729867	6425.819516729866	0	1	4	1	0	8	1	1	7	0	[125 -18]	13
6425.5950833965335	3.8150666666670077	trials	6426.438083396533	6426.919083396533	0.435	6427.322083396533	6427.837083396534	0	1	29	1	0	68	1	1	9	0	[-114   11]	13
6428.4326500632005	4.2150000000001455	trials	6429.5076500632	6429.9886500632	0.435	6430.389650063201	6431.044650063201	0	1	33	2	0	90	1	3	9	0	[134 -46]	13
6429.955216729867	3.8400333333338494	trials	6431.023216729867	6431.338216729867	0.41	6431.712216729867	6432.1672167298675	0	1	31	2	0	84	1	3	9	0	[-121   68]	13
6432.998516729867	3.6649999999999636	trials	6434.127516729867	6434.225516729867	0.365	6434.555516729867	6434.975516729867	0	1	36	1	0	98	1	1	9	0	[-115   77]	13
6433.050650063201	3.5848333333333358	trials	6433.814650063201	6434.379650063201	0.425	6434.762650063201	6435.187650063201	0	1	26	0	0	58	1	1	0	0	[-115   70]	13
6433.677516729867	4.159866666666858	trials	6434.626516729867	6435.607516729868	0.385	6435.9545167298675	6436.3745167298675	0	1	20	0	0	49	1	1	0	0	[-132   83]	13
6434.670083396534	3.7348999999994703	trials	6435.526083396534	6436.157083396534	0.385	6436.507083396535	6436.932083396534	0	1	0	2	0	0	0	1	2	1	[90 30]	13
6438.2887500632005	4.099766666667165	trials	6439.3137500632	6440.0117500632	0.435	6440.405750063201	6440.8157500632005	0	1	28	1	0	65	1	1	9	0	[110  79]	13
6439.3102167298675	4.05563333333339	trials	6440.261216729868	6440.6762167298675	0.495	6441.132216729868	6441.597216729868	0	1	15	2	0	36	1	3	9	0	[-113  -78]	13
6443.143650063201	3.894999999999527	trials	6444.099650063201	6444.630650063201	0.385	6444.980650063201	6445.410650063201	0	1	28	2	0	66	1	3	9	0	[110  79]	13
6444.300183396534	3.100833333333867	trials	6445.164183396533	6445.7951833965335	0.365	6446.117183396534	6446.597183396533	0	0	31	2	0	84	0	3	9	0	[134 -46]	13
6444.882750063201	3.7196333333331495	trials	6445.731750063201	6446.3637500632	0.42	6446.744750063201	6447.159750063201	0	1	3	0	0	4	1	1	0	0	[-144  -52]	13
6446.2356500632	3.875	trials	6447.0376500632	6447.6856500632	0.415	6448.067650063201	6448.567650063201	0	1	10	1	0	20	1	1	9	0	[ -9 110]	13
6447.693483396534	3.6598666666659483	trials	6448.718483396534	6449.116483396534	0.4	6449.4804833965345	6449.850483396534	0	1	4	0	0	7	1	1	0	0	[125 -18]	13
6449.627516729867	4.004866666667112	trials	6450.467516729867	6451.4325167298675	0.37	6451.764516729867	6452.189516729867	0	1	24	0	0	79	1	1	0	0	[ 95 -89]	13
6451.460316729867	4.114599999999882	trials	6452.484316729868	6452.5813167298675	0.32	6453.837316729868	6454.127316729868	0	1	9	0	0	0	0	1	9	0	[ -9 110]	13
6453.525883396534	4.234766666667383	trials	6454.541883396533	6455.506883396533	0.37	6455.8378833965335	6456.227883396534	0	1	28	1	0	65	1	1	9	0	[110  79]	13
6454.143716729867	4.114599999999882	trials	6455.204716729867	6456.0197167298675	0.405	6456.395716729868	6456.825716729867	0	1	27	0	0	61	1	1	0	0	[115 -80]	13
6456.160216729867	4.20049999999992	trials	6457.053216729867	6457.834216729867	0.295	6458.087216729867	6458.657216729867	0	1	4	2	0	9	1	3	7	0	[125 -18]	13
6461.2000500632	3.9400333333333037	trials	6462.1050500632	6462.903050063201	0.355	6463.2220500632	6463.5970500632	0	1	0	2	0	0	0	1	2	1	[-73  94]	13
6465.838716729867	5.08963333333395	trials	6466.877716729867	6467.691716729867	0.35	6469.100716729867	6469.495716729867	0	1	5	0	0	0	0	1	8	0	[-115 -100]	13
6465.840083396534	3.534833333333154	trials	6466.8410833965345	6467.122083396534	0.46	6467.547083396535	6467.9170833965345	0	1	14	0	0	31	1	1	0	0	[141   6]	13
6471.433716729867	4.009799999999814	trials	6472.463716729867	6473.127716729868	0.36	6473.450716729867	6473.860716729867	0	1	37	1	0	101	1	1	9	0	[119  80]	13
6472.9159500632	4.954633333333732	trials	6474.050950063201	6474.9329500632	0.34	6476.1779500632	6476.452950063201	0	1	9	2	0	0	0	3	9	0	[ -9 110]	13
6475.555050063201	4.060666666666293	trials	6476.445050063201	6476.993050063201	0.46	6477.417050063201	6477.957050063201	0	1	7	1	0	14	1	1	8	0	[136  87]	13
6476.2434833965335	4.029833333333954	trials	6477.098483396533	6478.080483396534	0.38	6478.430483396533	6478.8104833965335	0	1	21	0	0	52	1	1	0	0	[-134  -83]	13
6480.035850063201	3.7095999999992273	trials	6481.087850063201	6481.618850063201	0.4	6481.977850063201	6482.372850063201	0	1	27	0	0	61	1	1	0	0	[115 -80]	13
6480.535183396534	4.699999999999818	trials	6481.664183396534	6482.562183396534	0.48	6483.007183396534	6483.627183396534	0	1	19	2	0	48	1	3	9	0	[139  -7]	13
6480.938616729867	4.5856000000003405	trials	6482.067616729867	6482.915616729867	0.41	6483.295616729867	6483.775616729868	0	1	27	2	0	63	1	3	8	0	[115 -80]	13
6486.2950500632005	3.6849333333329923	trials	6487.3510500632	6487.748050063201	0.385	6488.1020500632	6488.492050063201	0	1	4	0	0	7	1	1	0	0	[125 -18]	13
6490.640050063201	5.294866666666167	trials	6491.703050063201	6492.684050063201	0.355	6494.092050063201	6494.477050063201	0	1	9	0	0	0	0	1	9	0	[121 -76]	13
6492.9934833965335	4.600733333333665	trials	6494.040483396533	6495.004483396534	0.39	6495.3504833965335	6495.830483396534	0	1	34	1	0	92	1	1	9	0	[122 -81]	13
6496.505983396534	4.724599999999555	trials	6497.628983396534	6498.260983396534	0.405	6499.347983396534	6499.712983396535	0	1	1	2	0	0	0	3	7	0	[-144  -52]	13
6496.690050063201	3.8898666666664212	trials	6497.606050063201	6498.4200500632005	0.37	6498.747050063201	6499.147050063201	0	1	36	0	1	97	1	1	0	0	[-115   77]	13
6498.398583396534	4.125699999999597	trials	6499.509583396534	6499.807583396534	0.485	6500.245583396534	6500.755583396534	0	1	12	2	0	27	1	3	9	0	[-136  -23]	13
6501.990616729867	3.849833333333663	trials	6502.998616729867	6503.629616729867	0.415	6504.012616729867	6504.402616729867	0	1	26	0	0	58	1	1	0	0	[-115   70]	13
6502.210383396534	4.099799999999959	trials	6503.075383396534	6503.723383396534	0.405	6504.097383396534	6504.732383396534	0	1	25	2	1	57	1	3	8	0	[  8 102]	13
6502.327483396534	4.289999999999964	trials	6503.226483396535	6504.157483396534	0.44	6504.554483396534	6505.109483396534	0	1	16	1	0	38	1	1	9	0	[-108   82]	13
6506.400716729867	4.3303333333333285	trials	6507.216716729867	6508.1487167298665	0.48	6508.592716729867	6509.077716729867	0	1	0	12	0	0	0	3	6	1	[122 -81]	13
6507.135050063201	4.034833333333154	trials	6508.0940500632005	6509.0090500632	0.38	6509.3520500632	6509.747050063201	0	1	17	0	0	40	1	1	0	0	[117  86]	13
6507.687583396534	3.0000333333327944	trials	6508.5285833965345	6509.160583396534	0.45	6509.579583396534		0	0	6	2	0	12	0	3	8	0	[136  87]	13
6508.2288167298675	3.79473333333317	trials	6509.347816729867	6509.395816729868	0.485	6509.850816729868	6510.395816729868	0	1	7	2	0	15	1	3	8	0	[136  87]	13
6511.645583396534	4.100000000000364	trials	6512.786583396533	6513.267583396534	0.445	6513.667583396534	6514.152583396533	0	1	36	1	0	98	1	1	9	0	[-115   77]	13
6512.993450063201	3.859866666666676	trials	6514.033450063201	6514.664450063201	0.36	6514.980450063201	6515.390450063201	0	1	3	0	0	4	1	1	0	0	[-144  -52]	13
6517.640383396534	4.814633333333404	trials	6518.716383396534	6519.380383396534	0.36	6520.632383396534	6520.947383396534	0	1	9	2	0	0	0	3	9	0	[ -9 110]	13
6522.345816729867	4.354766666667274	trials	6523.224816729867	6524.0898167298665	0.49	6524.542816729867	6525.132816729867	0	1	17	1	0	41	1	1	9	0	[117  86]	13
6523.100016729867	4.229900000000271	trials	6524.202016729867	6525.083016729867	0.315	6525.367016729867	6525.842016729867	0	1	21	0	0	52	1	1	0	0	[-134  -83]	13
6524.2584500632	3.925000000000182	trials	6525.0884500632	6525.6364500632	0.435	6526.0354500632	6526.6054500632	0	1	18	1	0	44	1	1	9	0	[114 -86]	13
6525.007583396534	4.579966666667133	trials	6526.120583396534	6527.085583396534	0.39	6527.444583396534	6527.969583396534	0	1	23	2	0	78	1	3	7	0	[-4 93]	13
6527.9401500632	4.560633333333499	trials	6528.8541500632	6529.652150063201	0.52	6530.1271500632	6530.7521500632	0	1	26	2	0	60	1	3	8	0	[-115   70]	13
6532.5359167298675	4.274766666666437	trials	6533.446916729868	6534.244916729867	0.46	6534.672916729867	6535.192916729868	0	1	19	2	0	48	1	3	9	0	[139  -7]	13
6532.973783396534	4.049800000000687	trials	6534.059783396534	6534.257783396533	0.415	6534.630783396534	6535.420783396534	0	1	10	2	0	21	1	3	9	0	[ -9 110]	13
6533.060016729867	4.159866666666858	trials	6534.190016729867	6535.038016729867	0.375	6535.382016729867	6535.752016729867	0	1	28	0	1	64	1	1	0	0	[110  79]	13
6537.613450063201	4.100000000000364	trials	6538.511450063201	6539.3094500632005	0.36	6539.640450063201	6540.0854500632	0	1	29	1	0	68	1	1	9	0	[-114   11]	13
6537.980016729867	3.239866666666785	trials	6538.842016729867	6539.023016729867	0.385	6539.372016729867	6539.772016729868	0	1	3	0	0	4	1	1	0	0	[-144  -52]	13
6542.808583396534	4.524966666665932	trials	6543.864583396534	6544.828583396535	0.41	6545.200583396534	6545.7205833965345	0	1	24	2	0	81	1	3	7	0	[ 95 -89]	13
6544.829983396534	3.7798666666667486	trials	6545.861983396534	6546.409983396534	0.38	6546.761983396534	6547.156983396534	0	1	38	0	0	103	1	1	0	0	[105 -83]	13
6548.287683396534	4.299633333333077	trials	6549.398683396534	6550.379683396533	0.425	6550.769683396534	6551.149683396534	0	1	38	0	0	103	1	1	0	0	[105 -83]	13
6548.9086500632	3.864633333333586	trials	6549.9676500632	6550.5316500632	0.44	6550.9406500632	6551.3356500632	0	1	24	0	0	79	1	1	0	0	[ 95 -89]	13
6550.875216729867	3.609599999999773	trials	6551.632216729867	6552.179216729867	0.44	6552.577216729867	6553.0422167298675	0	1	27	0	0	61	1	1	0	0	[115 -80]	13
6556.343816729867	3.8847333333333154	trials	6557.153816729868	6557.718816729867	0.435	6558.110816729867	6558.565816729867	0	1	29	2	0	69	1	3	9	0	[-114   11]	13
6556.505250063201	3.855199999999968	trials	6557.468250063201	6557.782250063201	0.425	6558.162250063201	6558.697250063201	0	1	8	1	0	17	1	1	8	0	[-115 -100]	13
6560.8385500632	4.2150000000001455	trials	6561.7395500632	6562.5045500632	0.415	6562.8755500632005	6563.4055500632	0	1	31	2	0	84	1	3	9	0	[-121   68]	13
6560.9399833965335	3.8100000000004	trials	6561.8369833965335	6562.283983396534	0.42	6562.6719833965335	6563.191983396534	0	1	17	1	0	41	1	1	9	0	[117  86]	13
6567.275350063201	3.8497666666662553	trials	6568.106350063201	6568.771350063201	0.37	6569.102350063201	6569.5323500632	0	1	28	2	0	66	1	3	9	0	[110  79]	13
6568.293750063201	4.524766666666437	trials	6569.2437500632	6569.9077500632	0.69	6570.5607500632	6571.2307500632005	0	1	14	2	0	33	0	3	9	0	[141   6]	13
6568.610916729867	4.524766666666437	trials	6569.463916729867	6570.3619167298675	0.385	6570.717916729867	6571.537916729867	0	1	17	2	0	42	1	3	9	0	[117  86]	13
6573.597450063201	5.129833333332499	trials	6574.660450063201	6575.575450063201	0.4	6576.919450063201	6577.279450063201	0	1	5	0	0	0	0	1	8	0	[-13 111]	13
6573.793416729867	3.935699999999997	trials	6574.895416729867	6575.076416729868	0.445	6575.480416729867	6576.005416729868	0	1	32	1	0	86	1	1	9	0	[-117  -86]	13
6575.265783396534	3.919600000000173	trials	6576.366783396534	6576.981783396534	0.36	6577.312783396534	6577.672783396534	0	1	28	0	0	64	1	1	0	0	[110  79]	13
6576.855116729867	3.494999999999891	trials	6577.961116729867	6577.992116729867	0.35	6578.3021167298675	6578.752116729867	0	1	29	2	0	69	1	3	9	0	[-114   11]	13
6580.0405500632005	3.3598333333338815	trials	6580.8025500632	6581.3165500632	0.38	6581.657550063201	6581.952550063201	0	1	10	0	0	19	1	1	0	0	[ -9 110]	13
6580.847683396534	4.3945999999996275	trials	6581.964683396534	6582.2956833965345	0.37	6583.424683396534	6583.789683396534	0	1	5	0	0	0	0	1	8	0	[-13 111]	13
6581.099950063201	3.809866666666494	trials	6581.9459500632	6582.7279500632	0.375	6583.061950063201	6583.466950063201	0	1	26	0	0	58	1	1	0	0	[-115   70]	13
6585.475083396534	4.025000000000546	trials	6586.532083396533	6587.0460833965335	0.415	6587.427083396534	6587.887083396534	0	1	11	2	0	24	1	3	9	0	[121 -76]	13
6585.853383396534	4.014866666666421	trials	6586.7843833965335	6587.699383396533	0.365	6588.030383396534	6588.420383396534	0	1	19	0	0	46	1	1	0	0	[139  -7]	13
6591.433616729867	4.119800000000396	trials	6592.387616729867	6593.168616729867	0.39	6593.515616729867	6593.950616729867	0	1	31	1	0	83	1	1	9	0	[-121   68]	13
6593.102650063201	4.044766666666874	trials	6593.9536500632	6594.634650063201	0.465	6595.064650063201	6595.584650063201	0	1	7	1	0	14	1	1	8	0	[136  87]	13
6593.520183396534	3.7597999999998137	trials	6594.352183396534	6594.983183396534	0.325	6595.2771833965335	6595.762183396534	0	1	0	1	0	0	0	1	2	1	[-95 -95]	13
6595.870783396534	3.859766666667383	trials	6596.776783396534	6597.357783396534	0.39	6597.707783396534	6598.167783396533	0	1	31	1	0	83	1	1	9	0	[-121   68]	13
6597.2886500632	3.734766666667383	trials	6598.1576500632	6598.4216500632	0.41	6598.7956500632	6599.3806500632	0	1	39	1	0	107	1	1	9	0	[-90 -82]	13
6598.1049833965335	4.035666666666657	trials	6598.920983396533	6599.451983396533	0.42	6599.841983396534	6600.451983396533	0	1	12	1	0	26	1	1	9	0	[-136  -23]	13
6598.217516729867	3.8850333333330127	trials	6599.089516729868	6599.587516729867	0.47	6600.019516729867	6600.474516729867	0	1	11	2	0	24	1	3	9	0	[121 -76]	13
6601.773416729868	3.9997999999995955	trials	6602.575416729867	6603.573416729868	0.395	6603.935416729868	6604.350416729868	0	1	14	0	0	31	1	1	0	0	[141   6]	13
6602.984950063201	3.8298666666669305	trials	6604.039950063201	6604.604950063201	0.395	6604.956950063201	6605.3669500632	0	1	34	0	0	91	1	1	0	0	[122 -81]	13
6603.052516729867	4.160033333333558	trials	6603.924516729868	6604.489516729867	0.57	6605.019516729867	6605.584516729868	0	1	7	2	0	15	1	3	8	0	[136  87]	13
6606.448383396534	3.8248666666668214	trials	6607.528383396534	6608.026383396535	0.42	6608.410383396535	6608.840383396534	0	1	18	0	0	43	1	1	0	0	[114 -86]	13
6607.569950063201	4.085000000000036	trials	6608.458950063201	6609.256950063201	0.365	6609.5769500632005	6610.096950063201	0	1	14	1	0	32	1	1	9	0	[141   6]	13
6608.3124500632	4.26566666666713	trials	6609.3444500632	6609.8254500632	0.435	6610.229450063201	6610.8194500632	0	1	12	1	0	26	1	1	9	0	[-136  -23]	13
6609.035483396534	4.569866666666712	trials	6609.7834833965335	6610.681483396534	0.335	6611.827483396534	6612.1674833965335	0	1	5	0	0	0	0	1	8	0	[136  87]	13
6611.138483396534	4.09003333333294	trials	6611.947483396534	6612.761483396534	0.37	6613.090483396534	6613.595483396534	0	1	31	2	0	84	1	3	9	0	[-121   68]	13
6612.580083396534	4.240666666666584	trials	6613.395083396534	6614.1090833965345	0.52	6614.587083396534	6615.032083396534	0	1	34	2	0	93	1	3	9	0	[122 -81]	13
6614.375516729868	3.534833333333154	trials	6615.235516729867	6615.750516729868	0.395	6616.102516729868	6616.477516729868	0	1	16	0	0	37	1	1	0	0	[-108   82]	13
6618.338583396534	3.889666666666926	trials	6619.367583396534	6619.998583396534	0.43	6620.390583396534	6620.770583396534	0	1	35	0	0	94	1	1	0	0	[123   9]	13
6618.790616729867	4.350733333333665	trials	6619.671616729867	6620.335616729867	0.485	6620.787616729867	6621.317616729867	0	1	15	2	0	36	1	3	9	0	[-113  -78]	13
6620.070316729867	3.4597333333331335	trials	6620.882316729867	6620.929316729867	0.435	6621.332316729867	6621.937316729867	0	1	18	2	0	45	1	3	9	0	[114 -86]	13
6624.040483396534	3.9850333333333765	trials	6624.973483396534	6625.621483396534	0.4	6625.987483396534	6626.462483396534	0	1	16	1	0	38	1	1	9	0	[-108   82]	13
6625.825283396534	4.400466666666034	trials	6626.768283396535	6627.416283396535	0.44	6627.812283396534	6628.422283396534	0	1	15	2	0	36	1	3	9	0	[-113  -78]	13
6629.198483396534	4.0049999999992	trials	6630.089483396534	6630.570483396535	0.49	6631.015483396534	6631.600483396534	0	1	33	2	0	90	1	3	9	0	[134 -46]	13
6630.105716729868	3.294699999999466	trials	6631.226716729868	6631.991716729868	0.47	6632.422716729868		0	0	33	0	0	88	0	1	0	0	[134 -46]	13
6631.119916729867	3.7698666666665304	trials	6632.0539167298675	6632.884916729868	0.36	6633.206916729868	6633.461916729867	0	1	25	0	0	55	1	1	0	0	[  8 102]	13
6635.5350500632	3.980000000000473	trials	6636.3390500632	6636.854050063201	0.42	6637.2370500632005	6637.9170500632	0	1	33	2	0	90	1	3	9	0	[134 -46]	13
6640.344916729868	3.809866666666494	trials	6641.174916729868	6642.139916729868	0.36	6642.456916729868	6642.726916729867	0	1	6	0	0	10	1	1	0	0	[-13 111]	13
6640.4083500632005	4.164999999999964	trials	6641.2113500632	6642.0093500632	0.375	6642.3453500632	6642.995350063201	0	1	14	1	0	32	1	1	9	0	[141   6]	13
6644.7949167298675	3.8306000000002314	trials	6645.759916729868	6645.940916729867	0.405	6646.306916729867	6646.961916729868	0	1	26	1	0	59	1	1	8	0	[-115   70]	13
6644.905816729867	4.264799999999923	trials	6645.667816729867	6646.665816729867	0.485	6647.107816729867	6647.592816729867	0	1	28	2	0	66	1	3	9	0	[110  79]	13
6648.9783500632	3.404833333333954	trials	6649.9323500632	6650.1793500632	0.38	6650.5253500632	6650.9353500632005	0	1	31	0	0	82	1	1	0	0	[-121   68]	13
6649.2099167298675	4.11983333333319	trials	6650.328916729867	6651.193916729868	0.37	6651.5269167298675	6651.9019167298675	0	1	16	0	0	37	1	1	0	0	[-108   82]	13
6650.230450063201	3.860066666666171	trials	6651.203450063201	6651.8004500632005	0.405	6652.172450063201	6652.577450063201	0	1	0	2	0	0	0	1	2	1	[112 -83]	13
6653.959883396534	3.9299000000000888	trials	6654.981883396534	6655.7128833965335	0.39	6656.066883396534	6656.4318833965335	0	1	14	0	0	31	1	1	0	0	[141   6]	13
6654.1587500632	4.350400000000263	trials	6654.9517500632	6655.6657500632	0.435	6656.0557500632	6656.745750063201	0	1	26	2	0	60	1	3	8	0	[-115   70]	13
6654.247616729867	3.404733333333752	trials	6655.099616729867	6655.180616729867	0.465	6655.604616729867	6656.124616729868	0	1	4	1	0	8	1	1	7	0	[125 -18]	13
6659.2584500632	4.044966666667278	trials	6660.287450063201	6660.6014500632	0.53	6661.0904500632005	6661.7404500632	0	1	22	2	0	75	1	3	7	0	[126  82]	13
6659.355116729867	4.36546666666618	trials	6660.201116729867	6661.099116729867	0.41	6661.4671167298675	6662.007116729867	0	1	30	1	0	71	1	1	9	0	[-106  -80]	13
6664.128350063201	4.534833333333154	trials	6665.089350063201	6665.637350063201	0.34	6666.880350063201	6667.2203500632	0	1	9	0	0	0	0	1	9	0	[121 -76]	13
6670.754883396534	3.950033333333522	trials	6671.789883396534	6672.487883396534	0.395	6672.841883396534	6673.186883396534	0	1	0	1	0	0	0	1	2	1	[-64 -97]	13
6671.610683396534	4.024800000000141	trials	6672.4296833965345	6673.111683396534	0.505	6673.572683396535	6674.072683396535	0	1	11	1	0	23	1	1	9	0	[121 -76]	13
6675.2235500632005	3.989633333333586	trials	6676.1785500632	6677.042550063201	0.4	6677.4005500632	6677.760550063201	0	1	26	0	0	58	1	1	0	0	[-115   70]	13
6675.529916729867	3.9398333333338087	trials	6676.674916729868	6677.272916729868	0.345	6677.586916729867	6678.021916729867	0	1	36	0	0	97	1	1	0	0	[-115   77]	13
6680.100050063201	4.03996666666626	trials	6681.244050063201	6681.592050063201	0.395	6681.957050063201	6682.532050063201	0	1	6	2	0	12	1	3	8	0	[-13 111]	13
6681.443550063201	4.079799999999523	trials	6682.2145500632005	6682.912550063201	0.38	6683.260550063201	6683.840550063201	0	1	39	1	0	107	1	1	9	0	[-90 -82]	13
6687.5485500632	3.309666666666999	trials	6688.3505500632	6688.8485500632005	0.385	6689.9405500632		0	0	9	1	0	0	0	1	9	0	[-136  -23]	13
6690.534883396534	3.3548333333337723	trials	6691.415883396534	6691.679883396534	0.41	6692.046883396533	6692.436883396534	0	1	38	0	0	103	1	1	0	0	[105 -83]	13
6692.8983167298675	3.925000000000182	trials	6694.020316729868	6694.334316729867	0.47	6694.760316729868	6695.170316729867	0	1	16	1	0	38	1	1	9	0	[-108   82]	13
6694.449883396534	3.865000000000691	trials	6695.233883396533	6695.915883396534	0.365	6696.251883396533	6696.746883396533	0	1	14	1	0	32	1	1	9	0	[141   6]	13
6699.044883396534	3.739866666666785	trials	6700.052883396534	6700.533883396533	0.415	6700.916883396534	6701.3468833965335	0	1	14	0	0	31	1	1	0	0	[141   6]	13
6703.489850063201	3.8248666666668214	trials	6704.388850063201	6705.119850063201	0.395	6705.481850063201	6705.856850063201	0	1	7	0	0	13	1	1	0	0	[136  87]	13
6703.518550063201	3.349600000000464	trials	6704.591550063201	6704.689550063201	0.4	6705.045550063201	6705.420550063201	0	1	7	0	0	13	1	1	0	0	[136  87]	13
6710.305116729867	3.8495999999995547	trials	6711.4091167298675	6711.990116729868	0.37	6712.327116729867	6712.712116729867	0	1	11	0	0	22	1	1	0	0	[121 -76]	13
6711.698516729867	3.564766666666401	trials	6712.8295167298675	6712.876516729867	0.405	6713.250516729867	6713.715516729867	0	1	7	1	0	14	1	1	8	0	[136  87]	13
6714.9398500632005	3.950033333333522	trials	6715.9108500632	6716.458850063201	0.4	6716.8268500632	6717.3218500632	0	1	19	1	0	47	1	1	9	0	[139  -7]	13
6716.228283396534	4.074866666666821	trials	6717.197283396534	6718.1292833965335	0.35	6718.450283396533	6718.840283396534	0	1	31	0	0	82	1	1	0	0	[-121   68]	13
6719.7698500632005	4.090033333333849	trials	6720.829850063201	6721.5948500632	0.36	6721.9218500632005	6722.3618500632	0	1	0	1	0	0	0	1	2	1	[ 83 -43]	13
6721.048283396534	3.7748333333329356	trials	6722.016283396534	6722.748283396534	0.37	6723.085283396535	6723.3752833965345	0	1	23	0	0	76	1	1	0	0	[-4 93]	13
6724.6349500632	3.944900000000416	trials	6725.715950063201	6726.2469500632005	0.425	6726.631950063201	6727.081950063201	0	1	0	10	0	0	0	3	0	1	[-106  -80]	13
6725.4282833965335	4.360000000000582	trials	6726.435283396533	6727.333283396533	0.42	6727.710283396534	6728.210283396534	0	1	19	1	0	47	1	1	9	0	[139  -7]	13
6729.329850063201	3.18483333333279	trials	6730.1178500632	6730.3148500632005	0.37	6730.656850063201	6731.056850063201	0	1	3	0	0	4	1	1	0	0	[-144  -52]	13
6734.855083396534	3.614599999999882	trials	6735.804083396533	6736.302083396534	0.37	6736.632083396534	6737.032083396533	0	1	13	0	0	28	1	1	0	0	[-117   88]	13
6736.553616729867	4.564633333333404	trials	6737.557616729867	6738.155616729867	0.455	6739.325616729867	6739.625616729867	0	1	9	2	0	0	0	3	9	0	[ -9 110]	13
6737.130416729868	4.099833333332754	trials	6738.145416729868	6738.993416729868	0.405	6739.3574167298675	6739.767416729867	0	1	15	0	0	34	1	1	0	0	[-113  -78]	13
6739.159816729867	4.420000000000073	trials	6740.288816729867	6741.086816729867	0.49	6741.531816729867	6742.051816729867	0	1	24	1	0	80	1	1	7	0	[ 95 -89]	13
6741.708283396534	4.6298333333334085	trials	6742.576283396535	6743.341283396534	0.425	6744.5002833965345	6744.880283396534	0	1	9	1	0	0	0	1	9	0	[121 -76]	13
6742.000516729868	4.589866666666239	trials	6742.913516729867	6743.578516729868	0.45	6744.712516729868	6745.082516729868	0	1	5	2	0	0	0	3	8	0	[-115 -100]	13
6744.484816729867	4.25	trials	6745.5588167298665	6746.222816729867	0.375	6746.561816729867	6747.206816729867	0	1	25	1	0	56	1	1	8	0	[  8 102]	13
6747.123283396534	4.024966666666842	trials	6747.996283396534	6748.644283396534	0.41	6749.015283396534	6749.615283396534	0	1	6	1	0	11	1	1	8	0	[-13 111]	13
6749.404816729867	4.175033333333886	trials	6750.177816729867	6750.958816729867	0.395	6751.316816729867	6751.886816729867	0	1	39	1	0	107	1	1	9	0	[-90 -82]	13
6751.948383396534	4.310666666666293	trials	6752.765383396534	6753.663383396534	0.38	6754.000383396534	6754.495383396534	0	1	15	2	0	36	1	3	9	0	[-113  -78]	13
6754.5949500632005	4.045000000000073	trials	6755.6799500632005	6756.1609500632	0.395	6756.501950063201	6757.0219500632	0	1	14	2	0	33	1	3	9	0	[141   6]	13
6756.968416729867	4.089833333333445	trials	6758.017416729867	6758.815416729867	0.375	6759.160416729867	6759.535416729867	0	1	0	10	0	0	0	3	0	1	[-117  -86]	13
6761.670183396534	3.84479999999985	trials	6762.467183396534	6763.015183396535	0.405	6763.377183396535	6763.857183396534	0	1	13	2	0	30	1	3	9	0	[-117   88]	13
6762.465616729867	3.889600000000428	trials	6763.457616729867	6764.171616729867	0.39	6764.527616729867	6764.907616729867	0	1	11	0	0	22	1	1	0	0	[121 -76]	13
6765.363616729867	4.054766666667092	trials	6766.371616729867	6766.836616729867	0.435	6767.240616729868	6767.825616729868	0	1	6	2	0	12	1	3	8	0	[-13 111]	13
6768.450650063201	3.7795666666670513	trials	6769.276650063201	6770.041650063201	0.425	6770.4226500632	6770.7976500632	0	1	17	0	1	40	1	1	0	0	[117  86]	13
6768.890050063201	3.9097666666666555	trials	6769.654050063201	6770.468050063201	0.35	6770.7770500632005	6771.227050063201	0	1	11	1	0	23	1	1	9	0	[121 -76]	13
6770.178250063201	4.395633333333535	trials	6771.1902500632	6771.938250063201	0.38	6772.285250063201	6772.830250063201	0	1	15	1	0	35	1	1	9	0	[-113  -78]	13
6773.634816729867	4.235633333332771	trials	6774.705816729867	6775.2868167298675	0.455	6775.711816729868	6776.211816729868	0	1	8	1	0	17	1	1	8	0	[-115 -100]	13
6775.388250063201	3.5748666666668214	trials	6776.259250063201	6776.8242500632	0.4	6777.1902500632	6777.530250063201	0	1	28	0	0	64	1	1	0	0	[110  79]	13
6776.115350063201	4.399999999999636	trials	6777.047350063201	6777.561350063201	1.005	6778.522350063201	6778.9573500632005	0	1	7	1	0	14	1	1	8	0	[136  87]	13
6778.709816729867	4.024833333332936	trials	6779.624816729867	6779.805816729867	0.33	6780.991816729867	6781.301816729867	0	1	5	0	0	0	0	1	8	0	[-13 111]	13
6779.713250063201	4.0	trials	6780.745250063201	6781.259250063201	0.455	6781.670250063201	6782.120250063201	0	1	16	1	0	38	1	1	9	0	[-108   82]	13
6782.670583396534	4.045466666666471	trials	6783.450583396534	6784.131583396535	0.42	6784.517583396534	6785.002583396535	0	1	32	1	0	86	1	1	9	0	[-117  -86]	13
6783.409850063201	3.55983333333279	trials	6784.293850063201	6784.741850063201	0.415	6785.1268500632	6785.516850063201	0	1	31	0	0	82	1	1	0	0	[-121   68]	13
6784.368383396534	3.5799666666662233	trials	6785.330383396535	6785.445383396534	0.425	6785.830383396535	6786.375383396534	0	1	38	2	0	105	1	3	9	0	[105 -83]	13
6787.569783396534	4.164866666666057	trials	6788.6787833965345	6789.493783396534	0.345	6789.806783396534	6790.2767833965345	0	1	39	0	0	106	1	1	0	0	[-90 -82]	13
6788.693250063201	3.8499999999994543	trials	6789.566250063201	6790.047250063201	0.395	6790.4052500632015	6790.965250063201	0	1	14	1	0	32	1	1	9	0	[141   6]	13
6789.620583396534	3.9254000000000815	trials	6790.4705833965345	6790.934583396534	0.46	6791.352583396534	6791.892583396534	0	1	8	1	0	17	1	1	8	0	[-115 -100]	13
6792.439783396534	3.9998666666670033	trials	6793.431783396534	6794.245783396534	0.395	6794.606783396534	6794.996783396534	0	1	19	0	0	46	1	1	0	0	[139  -7]	13
6799.605016729867	3.864633333333586	trials	6800.585016729867	6801.333016729867	0.4	6801.697016729867	6802.027016729867	0	1	10	0	0	19	1	1	0	0	[ -9 110]	13
6805.1101500632	4.359766666667383	trials	6806.121150063201	6807.0861500632	0.32	6807.3721500632	6807.8471500632	0	1	31	2	0	84	1	3	9	0	[-121   68]	13
6810.094916729868	3.5649999999996	trials	6811.106916729867	6811.287916729868	0.38	6811.636916729868	6812.056916729868	0	1	37	2	0	102	1	3	9	0	[119  80]	13
6811.105316729867	4.175033333333886	trials	6811.897316729867	6812.711316729867	0.43	6813.097316729867	6813.707316729867	0	1	19	1	0	47	1	1	9	0	[139  -7]	13
6816.065450063201	3.9799999999995634	trials	6816.866450063201	6817.597450063201	0.38	6817.942450063201	6818.4474500632	0	1	37	2	0	102	1	3	9	0	[119  80]	13
6820.9703500632	4.839833333333445	trials	6822.052350063201	6822.6663500632	0.35	6823.9423500632	6824.3573500632	0	1	5	1	0	0	0	1	8	0	[-115 -100]	13
6821.330150063201	4.219733333333352	trials	6822.246150063201	6822.960150063201	0.38	6823.3021500632	6823.832150063201	0	1	39	2	0	108	1	3	9	0	[-90 -82]	13
6826.454750063201	4.0948666666663485	trials	6827.3647500632005	6828.3457500632	0.385	6828.691750063201	6829.0917500632	0	1	16	0	0	37	1	1	0	0	[-108   82]	13
6826.5953500632	4.509833333333518	trials	6827.3543500632	6828.0863500632	0.32	6829.3273500632	6829.712350063201	0	1	9	0	0	0	0	1	9	0	[-136  -23]	13
6829.9082167298675	3.9448333333330083	trials	6831.019216729867	6831.700216729868	0.37	6832.040216729867	6832.420216729867	0	1	20	0	0	49	1	1	0	0	[-132   83]	13
6831.149783396534	4.194999999999709	trials	6832.066783396534	6832.931783396534	0.44	6833.326783396534	6833.7767833965345	0	1	16	1	0	38	1	1	9	0	[-108   82]	13
6832.0404500632	3.5650333333333037	trials	6833.1744500632	6833.238450063201	0.385	6833.5924500632	6834.0474500632	0	1	16	2	0	39	1	3	9	0	[-108   82]	13
6836.339783396534	3.5699666666669145	trials	6837.302783396533	6837.516783396533	0.36	6837.846783396533	6838.281783396534	0	1	16	1	0	38	1	1	9	0	[-108   82]	13
6840.5948500632	4.225033333334068	trials	6841.5218500632	6842.4198500632	0.375	6842.7518500632	6843.216850063201	0	1	36	2	1	99	1	3	9	0	[-115   77]	13
6841.5584500632	3.594600000000355	trials	6842.408450063201	6842.9564500632005	0.365	6843.2904500632	6843.680450063201	0	1	33	0	0	88	1	1	0	0	[134 -46]	13
6845.175650063201	4.46979999999985	trials	6846.197650063201	6847.161650063201	0.38	6847.507650063201	6848.0976500632005	0	1	35	2	0	96	1	3	9	0	[123   9]	13
6845.4798500632005	4.475633333333462	trials	6846.390850063201	6847.3888500632	0.37	6847.716850063201	6848.186850063201	0	1	27	2	0	63	1	3	8	0	[115 -80]	13
6845.958316729867	4.8098666666674035	trials	6847.043316729867	6847.741316729867	0.385	6848.825316729867	6849.230316729867	0	1	9	2	0	0	0	3	9	0	[-136  -23]	13
6850.949750063201	3.9606000000003405	trials	6851.959750063201	6852.423750063201	0.4	6852.786750063201	6853.276750063201	0	1	27	1	0	62	1	1	8	0	[115 -80]	13
6851.393350063201	4.524799999999232	trials	6852.3463500632015	6852.744350063201	0.33	6854.035350063201	6854.410350063201	0	1	1	2	0	0	0	3	7	0	[-144  -52]	13
6853.030683396534	4.359699999999975	trials	6854.050683396535	6854.865683396534	0.415	6855.247683396534	6855.832683396534	0	1	3	2	0	6	1	3	7	0	[-144  -52]	13
6855.789783396534	3.5698333333330083	trials	6856.695783396534	6857.159783396534	0.43	6857.546783396534	6857.921783396534	0	1	28	0	0	64	1	1	0	0	[110  79]	13
6856.568283396534	4.2398999999995794	trials	6857.632283396534	6858.530283396534	0.385	6858.8702833965335	6859.280283396534	0	1	0	12	0	0	0	3	1	1	[-144  -52]	13
6858.260283396534	4.005033333332904	trials	6859.070283396534	6860.001283396534	0.35	6860.317283396534	6860.7672833965335	0	1	37	1	0	101	1	1	9	0	[119  80]	13
6860.169850063201	4.3149999999996	trials	6861.197850063201	6861.928850063201	0.425	6862.321850063201	6862.886850063201	0	1	24	2	0	81	1	3	7	0	[ 95 -89]	13
6861.693316729868	4.690700000000106	trials	6862.734316729868	6863.682316729867	0.4	6864.0503167298675	6864.615316729867	0	1	33	2	1	90	1	3	9	0	[134 -46]	13
6863.0404167298675	4.460000000000036	trials	6864.122416729868	6865.037416729868	0.385	6865.377416729868	6865.862416729868	0	1	29	2	0	69	1	3	9	0	[-114   11]	13
6865.234716729868	3.8448666666663485	trials	6866.082716729868	6866.914716729868	0.375	6867.261716729868	6867.631716729868	0	1	22	0	0	73	1	1	0	0	[126  82]	13
6867.123183396534	4.185633333333499	trials	6868.0541833965335	6868.868183396534	0.36	6869.195183396534	6869.650183396534	0	1	7	1	0	14	1	1	8	0	[136  87]	13
6871.953283396534	4.635033333333013	trials	6872.939283396534	6873.721283396534	0.43	6874.115283396534	6874.925283396534	0	1	20	2	0	51	1	3	9	0	[-132   83]	13
6872.260083396533	4.78956666666727	trials	6873.2200833965335	6873.985083396534	0.35	6875.192083396533	6875.552083396534	0	1	1	2	0	0	0	3	7	0	[-144  -52]	13
6872.5306500632005	4.7004666666671255	trials	6873.593650063201	6874.558650063201	0.455	6874.982650063201	6875.447650063201	0	1	30	2	0	72	1	3	9	0	[-106  -80]	13
6877.3781500632	3.9298666666672943	trials	6878.2421500632	6879.1401500632	0.465	6879.5701500632	6879.875150063201	0	1	25	0	0	55	1	1	0	0	[  8 102]	13
6877.614850063201	3.7600000000002183	trials	6878.6228500632005	6878.753850063201	0.435	6879.146850063201	6879.7518500632	0	1	20	2	0	51	1	3	9	0	[-132   83]	13
6878.1602833965335	4.480733333333774	trials	6879.279283396533	6880.061283396533	0.415	6880.432283396533	6880.927283396533	0	1	34	1	0	92	1	1	9	0	[122 -81]	13
6882.034816729867	4.145000000000437	trials	6882.991816729867	6883.705816729867	0.365	6884.041816729867	6884.5768167298675	0	1	3	2	0	6	1	3	7	0	[-144  -52]	13
6883.390283396534	3.859833333332972	trials	6884.248283396534	6884.980283396534	0.395	6885.337283396534	6885.797283396534	0	1	32	0	0	85	1	1	0	0	[-117  -86]	13
6883.648383396534	4.424633333333077	trials	6884.612383396534	6885.143383396534	0.325	6886.205383396534	6886.610383396534	0	1	1	0	0	0	0	1	7	0	[-144  -52]	13
6886.7998500632	3.9650000000001455	trials	6887.676850063201	6888.1918500632	0.41	6888.5568500632	6889.1218500632	0	1	20	2	0	51	1	3	9	0	[-132   83]	13
6887.970250063201	3.339999999999236	trials	6888.901250063201	6888.9322500632015	0.42	6889.317250063201	6889.757250063201	0	1	2	1	0	2	1	1	7	0	[114  91]	13
6888.843283396534	3.414999999999054	trials	6889.747283396535	6889.828283396534	0.42	6890.210283396535	6890.655283396534	0	1	7	2	0	15	1	3	8	0	[136  87]	13
6891.3448167298675	4.079866666666021	trials	6892.495816729867	6893.126816729868	0.385	6893.471816729868	6893.916816729868	0	1	0	10	0	0	0	3	0	1	[-136  -23]	13
6893.008283396533	3.8950000000004366	trials	6894.066283396533	6894.531283396534	0.385	6894.880283396534	6895.300283396534	0	1	28	2	0	66	1	3	9	0	[110  79]	13
6896.289716729867	3.5248666666666395	trials	6897.131716729867	6897.662716729867	0.38	6898.001716729867	6898.361716729867	0	1	18	0	0	43	1	1	0	0	[114 -86]	13
6897.7832500632	4.27503333333334	trials	6898.9022500632	6899.5332500632	0.42	6899.9202500632	6900.4252500632	0	1	14	2	0	33	1	3	9	0	[141   6]	13
6901.789950063201	4.070366666665905	trials	6902.850950063201	6903.298950063201	0.395	6903.651950063201	6904.2069500632015	0	1	8	1	0	17	1	1	8	0	[-115 -100]	13
6902.903150063201	4.139833333332717	trials	6903.921150063201	6904.902150063201	0.335	6905.205150063201	6905.580150063201	0	1	34	0	0	91	1	1	0	0	[122 -81]	13
6909.498416729867	2.9246333333330767	trials	6910.307416729867	6911.122416729867	0.425	6911.505416729867		0	0	12	0	0	25	0	1	0	0	[-136  -23]	13
6909.914850063201	4.355666666666366	trials	6911.021850063201	6911.535850063201	0.415	6911.896850063201	6912.481850063201	0	1	33	2	0	90	1	3	9	0	[134 -46]	13
6918.019683396534	3.6548333333330447	trials	6918.925683396534	6919.439683396534	0.435	6919.841683396534	6920.201683396534	0	1	12	0	0	25	1	1	0	0	[-136  -23]	13
6918.318150063201	3.784833333333154	trials	6919.212150063201	6919.993150063201	0.34	6920.300150063201	6920.665150063201	0	1	37	0	1	100	1	1	0	0	[119  80]	13
6922.354783396534	4.195033333333413	trials	6923.127783396534	6924.108783396534	0.36	6924.436783396534	6924.931783396534	0	1	31	2	0	84	1	3	9	0	[-121   68]	13
6922.848116729867	3.6948666666667123	trials	6923.647116729867	6924.378116729867	0.4	6924.750116729867	6925.120116729867	0	1	14	0	0	31	1	1	0	0	[141   6]	13
6927.194716729868	3.6997999999994136	trials	6928.112716729867	6928.710716729867	0.405	6929.076716729867	6929.446716729868	0	1	35	0	0	94	1	1	0	0	[123   9]	13
6927.3582500632	4.245033333333595	trials	6928.2162500632	6929.1312500632	0.415	6929.5002500632	6929.9652500632	0	1	16	2	0	39	1	3	9	0	[-108   82]	13
6931.639683396534	3.925033333333886	trials	6932.481683396533	6932.962683396534	0.42	6933.341683396534	6933.931683396534	0	1	20	1	0	50	1	1	9	0	[-132   83]	13
6936.304650063201	4.02503333333334	trials	6937.2176500632	6937.8656500632005	0.375	6938.206650063201	6938.7316500632005	0	1	39	1	1	107	1	1	9	0	[-90 -82]	13
6936.5733500632	4.454600000000028	trials	6937.454350063201	6937.802350063201	0.34	6939.1653500632	6939.570350063201	0	1	5	0	0	0	0	1	8	0	[-115 -100]	13
6941.179650063201	3.804866666666385	trials	6941.952650063201	6942.917650063201	0.33	6943.206650063201	6943.551650063201	0	1	8	0	0	16	1	1	0	0	[-115 -100]	13
6941.868116729867	4.0948666666663485	trials	6942.973116729867	6943.821116729868	0.355	6944.135116729867	6944.505116729867	0	1	13	0	0	28	1	1	0	0	[-117   88]	13
6945.724783396534	4.154999999999745	trials	6946.738783396534	6947.219783396534	0.39	6947.576783396534	6948.261783396534	0	1	6	2	0	12	1	3	8	0	[-13 111]	13
6946.558116729867	3.765433333333931	trials	6947.509116729867	6947.823116729867	0.395	6948.180116729867	6948.695116729867	0	1	8	1	0	17	1	1	8	0	[-115 -100]	13
6950.679650063201	4.09003333333294	trials	6951.5576500632005	6952.205650063201	0.35	6952.511650063201	6953.156650063201	0	1	13	1	0	29	1	1	9	0	[-117   88]	13
6951.143116729867	4.024833333333845	trials	6952.211116729867	6953.026116729867	0.375	6953.360116729867	6953.735116729867	0	1	38	0	0	103	1	1	0	0	[105 -83]	13
6955.4996500632005	3.9700000000002547	trials	6956.526650063201	6957.107650063201	0.41	6957.4766500632	6957.9816500632005	0	1	0	1	0	0	0	1	2	1	[ 44 -90]	13
6961.634883396534	3.614599999999882	trials	6962.679883396534	6963.160883396534	0.375	6963.501883396534	6963.796883396534	0	1	23	0	0	76	1	1	0	0	[-4 93]	13
6962.713350063201	3.8304333333335308	trials	6963.500350063201	6964.014350063201	0.39	6964.375350063201	6964.835350063201	0	1	34	1	0	92	1	1	9	0	[122 -81]	13
6965.754883396534	3.994633333333695	trials	6966.6148833965335	6967.446883396534	0.49	6967.896883396534	6968.321883396534	0	1	24	0	0	79	1	1	0	0	[ 95 -89]	13
6968.8484500632	4.240366666666887	trials	6969.8534500632	6970.3174500632	0.43	6970.7154500632005	6971.345450063201	0	1	26	2	0	60	1	3	8	0	[-115   70]	13
6970.6047500632	4.2900333333336675	trials	6971.4337500632	6972.1987500632	0.515	6972.6717500632	6973.271750063201	0	1	29	2	0	69	1	3	9	0	[-114   11]	13
6980.914750063201	4.2150000000001455	trials	6981.838750063201	6982.736750063201	0.365	6983.066750063201	6983.5467500632	0	1	37	2	0	102	1	3	9	0	[119  80]	13
6982.873216729868	3.869999999999891	trials	6983.793216729868	6984.307216729868	0.38	6984.655216729868	6985.085216729868	0	1	36	2	0	99	1	3	9	0	[-115   77]	13
6986.059650063201	4.394933333333029	trials	6987.1916500632005	6988.1066500632005	0.385	6988.456650063201	6988.916650063201	0	1	24	1	0	80	1	1	7	0	[ 95 -89]	13
6986.750316729867	4.46503333333294	trials	6987.732316729867	6988.663316729867	0.425	6989.057316729867	6989.592316729867	0	1	33	2	0	90	1	3	9	0	[134 -46]	13
6987.483083396534	4.0748333333331175	trials	6988.562083396534	6989.343083396534	0.38	6989.680083396534	6990.080083396534	0	1	16	0	0	37	1	1	0	0	[-108   82]	13
6991.219750063201	4.7656333333325165	trials	6992.277750063201	6993.208750063201	0.44	6993.611750063201	6994.201750063201	0	1	12	2	0	27	1	3	9	0	[-136  -23]	13
6992.025183396534	4.385699999999815	trials	6992.934183396534	6993.699183396534	0.445	6994.107183396534	6994.667183396534	0	1	12	1	0	26	1	1	9	0	[-136  -23]	13
6992.248216729868	4.6256666666668025	trials	6993.214216729868	6994.145216729868	0.445	6994.555216729867	6995.070216729868	0	1	30	2	0	72	1	3	9	0	[-106  -80]	13
6996.804650063201	3.714833333333445	trials	6997.563650063201	6998.361650063201	0.37	6998.6916500632005	6999.081650063201	0	1	20	0	0	49	1	1	0	0	[-132   83]	13
7001.079616729867	3.9398333333338087	trials	7002.215616729867	7002.863616729866	0.36	7003.181616729867	7003.561616729867	0	1	37	0	0	100	1	1	0	0	[119  80]	13
7002.928083396534	3.9547666666667283	trials	7004.003083396534	7004.717083396534	0.34	7005.025083396534	7005.405083396534	0	1	30	0	0	70	1	1	0	0	[-106  -80]	13
7008.514583396534	4.14486666666653	trials	7009.435583396535	7010.433583396534	0.385	7010.781583396534	7011.196583396534	0	1	14	0	0	31	1	1	0	0	[141   6]	13
7012.788083396534	4.0506333333332805	trials	7013.824083396534	7014.272083396534	0.41	7014.645083396534	7015.080083396534	0	1	30	1	0	71	1	1	9	0	[-106  -80]	13
7013.384716729867	4.509833333333518	trials	7014.221716729868	7014.902716729867	0.375	7015.956716729867	7016.386716729868	0	1	5	2	0	0	0	3	8	0	[-115 -100]	13
7018.439583396534	3.9850333333333765	trials	7019.3405833965335	7020.038583396534	0.365	7020.366583396533	7020.856583396534	0	1	14	1	0	32	1	1	9	0	[141   6]	13
7019.1483167298675	3.8746000000001004	trials	7020.060316729868	7020.758316729867	0.385	7021.110316729868	7021.555316729868	0	1	19	0	0	46	1	1	0	0	[139  -7]	13
7023.109583396534	3.5048666666671124	trials	7024.109583396534	7024.373583396534	0.395	7024.736583396534	7025.151583396534	0	1	7	0	0	13	1	1	0	0	[136  87]	13
7027.2297167298675	3.9600000000000364	trials	7028.111716729867	7028.659716729868	0.43	7029.0467167298675	7029.581716729867	0	1	17	2	0	42	1	3	9	0	[117  86]	13
7027.808283396534	4.0946333333331495	trials	7028.881283396534	7029.6292833965335	0.445	7030.045283396534	7030.460283396534	0	1	26	0	0	58	1	1	0	0	[-115   70]	13
7031.540183396534	4.0349999999998545	trials	7032.520183396534	7033.051183396535	0.42	7033.442183396534	7034.017183396534	0	1	33	1	0	89	1	1	9	0	[134 -46]	13
7031.949683396534	4.51986666666653	trials	7032.713683396534	7033.428683396534	0.32	7034.631683396534	7034.936683396534	0	1	9	2	0	0	0	3	9	0	[ -9 110]	13
7038.099816729868	3.46979999999985	trials	7039.249816729867	7039.380816729868	0.365	7039.711816729868	7040.0768167298675	0	1	0	11	0	0	0	1	2	1	[114  91]	13
7042.394583396534	4.124966666667206	trials	7043.285583396533	7044.016583396534	0.365	7044.341583396534	7045.016583396534	0	1	22	1	0	74	1	1	7	0	[126  82]	13
7049.464916729868	3.834799999999632	trials	7050.355916729867	7050.953916729867	0.4	7051.311916729867	7051.706916729868	0	1	28	2	0	66	1	3	9	0	[110  79]	13
7050.138283396534	3.5303666666668505	trials	7051.042283396534	7051.140283396534	0.39	7051.4952833965335	7052.045283396534	0	1	8	1	0	17	1	1	8	0	[-115 -100]	13
7053.984550063201	4.0349999999998545	trials	7054.774550063201	7055.722550063201	0.345	7056.026550063201	7056.456550063201	0	1	16	1	1	38	1	1	9	0	[-108   82]	13
7054.270150063201	4.3549666666658595	trials	7055.2811500632015	7056.212150063201	0.38	7056.552150063201	7057.052150063201	0	1	14	1	0	32	1	1	9	0	[141   6]	13
7054.3281500632	4.3700000000008	trials	7055.3941500632	7056.2591500632	0.36	7056.580150063201	7057.0651500632	0	1	38	2	0	105	1	3	9	0	[105 -83]	13
7058.614683396534	4.4650000000001455	trials	7059.676683396534	7060.641683396534	0.38	7060.976683396534	7061.461683396534	0	1	16	2	0	39	1	3	9	0	[-108   82]	13
7059.590150063201	3.814833333332899	trials	7060.550150063201	7061.248150063201	0.39	7061.6021500632005	7061.962150063201	0	1	2	0	0	1	1	1	0	0	[114  91]	13
7061.828416729867	4.530466666667053	trials	7062.831416729867	7063.646416729867	0.4	7064.005416729867	7064.555416729867	0	1	34	2	0	93	1	3	9	0	[122 -81]	13
7064.140116729867	4.059866666666494	trials	7065.236116729867	7065.9671167298675	0.4	7066.332116729867	7066.752116729867	0	1	12	0	0	25	1	1	0	0	[-136  -23]	13
7067.043016729867	4.280033333333449	trials	7067.984016729867	7068.865016729867	0.38	7069.205016729868	7069.755016729868	0	1	38	1	0	104	1	1	9	0	[105 -83]	13
7070.239550063201	4.394999999999527	trials	7071.248550063201	7072.146550063201	0.43	7072.546550063201	7073.086550063201	0	1	17	1	0	41	1	1	9	0	[117  86]	13
7072.198016729867	4.345699999999852	trials	7073.203016729867	7073.951016729867	0.42	7074.330016729867	7074.810016729867	0	1	33	1	0	89	1	1	9	0	[134 -46]	13
7075.524550063201	3.929866666666385	trials	7076.684550063201	7077.265550063201	0.41	7077.641550063201	7078.0315500632005	0	1	26	0	0	58	1	1	0	0	[-115   70]	13
7077.393016729868	4.134833333332608	trials	7078.522016729868	7079.253016729867	0.39	7079.605016729868	7080.060016729868	0	1	3	0	0	4	1	1	0	0	[-144  -52]	13
7079.959816729867	4.154700000000048	trials	7081.070816729867	7081.667816729867	0.4	7082.026816729867	7082.581816729868	0	1	23	1	0	77	1	1	7	0	[-4 93]	13
7082.258016729867	3.734833333332972	trials	7083.141016729867	7083.739016729867	0.425	7084.135016729868	7084.530016729867	0	1	7	0	0	13	1	1	0	0	[136  87]	13
7084.7495167298675	3.879866666666203	trials	7085.705516729868	7086.420516729868	0.37	7086.761516729867	7087.1915167298675	0	1	29	0	0	67	1	1	0	0	[-114   11]	13
7086.628016729867	4.584833333333336	trials	7087.543016729867	7088.157016729868	0.33	7089.380016729868	7089.765016729867	0	1	9	1	0	0	0	1	9	0	[-136  -23]	13
7089.139550063201	4.3798333333334085	trials	7089.907550063201	7090.6385500632005	0.345	7091.6915500632	7092.0665500632	0	1	5	0	0	0	0	1	8	0	[136  87]	13
7093.178250063201	4.044799999999668	trials	7094.079250063201	7094.827250063201	0.435	7095.2252500632	7095.720250063201	0	1	0	0	0	0	0	1	2	1	[-118   16]	13
7094.264683396534	3.9399666666668054	trials	7095.076683396534	7095.708683396534	0.4	7096.076683396534	7096.551683396534	0	1	21	2	0	54	1	3	9	0	[-134  -83]	13
7096.7751167298675	4.08486666666613	trials	7097.785116729868	7098.683116729868	0.365	7099.007116729867	7099.407116729867	0	1	3	0	0	4	1	1	0	0	[-144  -52]	13
7098.048016729867	4.369999999999891	trials	7098.998016729867	7099.880016729868	0.38	7100.230016729867	7100.810016729867	0	1	13	1	0	29	1	1	9	0	[-117   88]	13
7101.620250063201	4.600666666666257	trials	7102.437250063201	7103.202250063201	0.45	7103.617250063201	7104.387250063201	0	1	12	2	0	27	1	3	9	0	[-136  -23]	13
7103.058116729868	4.389866666666421	trials	7103.867116729868	7104.399116729868	0.35	7105.595116729868	7105.955116729868	0	1	1	2	0	0	0	3	7	0	[-144  -52]	13
7105.7046500632005	4.345633333333353	trials	7106.5656500632	7107.1636500632	0.435	7107.5566500632	7108.286650063201	0	1	26	2	0	60	1	3	8	0	[-115   70]	13
7107.973016729868	3.8998666666666395	trials	7108.837016729867	7109.7180167298675	0.36	7110.0350167298675	7110.430016729868	0	1	36	0	0	97	1	1	0	0	[-115   77]	13
7110.604483396533	4.0400333333336675	trials	7111.651483396533	7112.299483396533	0.36	7112.626483396533	7113.081483396533	0	1	28	1	1	65	1	1	9	0	[110  79]	13
7111.720316729868	3.029700000000048	trials	7112.725316729868	7113.323316729868	0.4	7113.682316729868		0	0	21	0	0	52	0	1	0	0	[-134  -83]	13
7115.479483396533	4.10070000000087	trials	7116.237483396533	7117.018483396533	0.405	7117.381483396533	7117.856483396534	0	1	33	1	0	89	1	1	9	0	[134 -46]	13
7115.810316729867	3.6746333333339862	trials	7116.627316729867	7117.359316729867	0.355	7117.677316729867	7118.047316729867	0	1	31	0	0	82	1	1	0	0	[-121   68]	13
7117.6933500632	4.614766666667492	trials	7118.8083500632	7119.7733500632	0.385	7120.1253500632	7120.6753500632	0	1	6	2	0	12	1	3	8	0	[-13 111]	13
7120.244516729867	3.9749999999994543	trials	7121.1065167298675	7121.7045167298675	0.53	7122.201516729868	7122.686516729867	0	1	37	1	0	101	1	1	9	0	[119  80]	13
7121.105316729867	4.31476666666731	trials	7122.247316729867	7122.861316729867	0.43	7123.247316729867	7123.832316729867	0	1	7	1	0	14	1	1	8	0	[136  87]	13
7123.107983396534	4.169866666666167	trials	7124.1769833965345	7125.141983396534	0.325	7125.429983396534	7125.829983396534	0	1	29	0	0	67	1	1	0	0	[-114   11]	13
7125.819850063201	4.650466666666944	trials	7126.958850063201	7127.740850063201	0.485	7128.186850063201	7128.686850063201	0	1	12	2	0	27	1	3	9	0	[-136  -23]	13
7126.160183396534	4.59003333333294	trials	7127.2821833965345	7128.130183396534	0.41	7128.502183396534	7129.1171833965345	0	1	7	2	0	15	1	3	8	0	[136  87]	13
7127.967950063201	3.669833333333372	trials	7128.762950063201	7129.443950063201	0.4	7129.809950063201	7130.194950063201	0	1	32	0	0	85	1	1	0	0	[-117  -86]	13
7131.319616729867	4.169966666666369	trials	7132.094616729867	7133.009616729867	0.395	7133.366616729867	7133.891616729868	0	1	7	2	0	15	1	3	8	0	[136  87]	13
7132.408016729867	3.6348666666672216	trials	7133.282016729867	7133.796016729867	0.415	7134.180016729867	7134.5750167298675	0	1	0	0	0	0	0	1	2	1	[-60  76]	13
7136.129483396534	3.2498999999997977	trials	7137.097483396534	7137.1944833965335	0.36	7137.511483396534	7137.936483396534	0	1	12	0	1	25	1	1	0	0	[-136  -23]	13
7136.918083396534	4.4099999999998545	trials	7137.901083396534	7138.782083396533	0.515	7139.255083396534	7139.750083396534	0	1	22	2	0	75	1	3	7	0	[126  82]	13
7140.084483396534	4.689866666666603	trials	7140.915483396534	7141.763483396534	0.375	7142.9664833965335	7143.336483396534	0	1	1	1	0	0	0	1	7	0	[125 -18]	13
7142.133083396534	4.53496666666706	trials	7143.253083396534	7144.218083396534	0.38	7144.5550833965335	7145.065083396534	0	1	23	2	0	78	1	3	7	0	[-4 93]	13
7146.369816729867	3.7298000000000684	trials	7147.168816729867	7147.633816729867	0.455	7148.046816729867	7148.481816729867	0	1	11	2	0	24	1	3	9	0	[121 -76]	13
7146.960316729867	4.349766666666255	trials	7147.759316729867	7148.674316729867	0.39	7149.027316729867	7149.612316729867	0	1	39	1	0	107	1	1	9	0	[-90 -82]	13
7148.798316729867	4.67966666666689	trials	7149.573316729867	7150.321316729867	0.295	7151.6753167298675	7151.980316729867	0	1	5	2	0	0	0	3	8	0	[-13 111]	13
7150.854583396534	4.224966666667569	trials	7151.921583396534	7152.518583396533	0.445	7152.921583396534	7153.491583396533	0	1	23	2	0	78	1	3	7	0	[-4 93]	13
7154.0279500632005	3.6998666666668214	trials	7155.158950063201	7155.639950063201	0.395	7155.9999500632	7156.2899500632	0	1	23	0	0	76	1	1	0	0	[-4 93]	13
7158.487983396534	3.5998333333327537	trials	7159.377983396535	7159.891983396535	0.445	7160.294983396534	7160.659983396534	0	1	22	0	0	73	1	1	0	0	[126  82]	13
7158.694683396534	3.6046333333333678	trials	7159.708683396534	7160.172683396534	0.355	7160.496683396534	7160.8666833965335	0	1	7	0	0	13	1	1	0	0	[136  87]	13
7162.957950063201	4.724799999999959	trials	7163.962950063201	7164.727950063201	0.31	7165.894950063201	7166.2549500632	0	1	1	1	0	0	0	1	7	0	[-144  -52]	13
7163.194450063201	3.994866666666894	trials	7163.9604500632	7164.941450063201	0.44	7165.351450063201	7165.7464500632	0	1	39	0	1	106	1	1	0	0	[-90 -82]	13
7167.9544500632	3.659766666667565	trials	7168.9454500632	7169.4274500632	0.37	7169.7664500632	7170.1564500632	0	1	36	0	0	97	1	1	0	0	[-115   77]	13
7169.928350063201	3.9296999999996842	trials	7170.9173500632005	7171.398350063201	0.475	7171.840350063201	7172.260350063201	0	1	7	2	0	15	1	3	8	0	[136  87]	13
7172.164450063201	4.05983333333279	trials	7173.047450063201	7174.029450063201	0.395	7174.391450063201	7174.786450063201	0	1	13	0	0	28	1	1	0	0	[-117   88]	13
7174.572916729867	4.030033333333449	trials	7175.468916729867	7176.016916729867	0.445	7176.419916729867	7177.014916729867	0	1	19	1	0	47	1	1	9	0	[139  -7]	13
7179.214683396534	3.739599999999882	trials	7180.1346833965345	7180.815683396534	0.325	7181.106683396534	7181.516683396534	0	1	3	0	0	4	1	1	0	0	[-144  -52]	13
7183.5995833965335	4.105000000000473	trials	7184.620583396533	7185.101583396534	0.4	7185.471583396534	7186.071583396533	0	1	10	2	0	21	1	3	9	0	[ -9 110]	13
7188.394550063201	3.8599999999996726	trials	7189.255550063201	7189.8705500632	0.375	7190.206550063201	7190.631550063201	0	1	36	2	0	99	1	3	9	0	[-115   77]	13
7190.9181500632	4.384799999999814	trials	7192.0101500632	7192.8911500632	0.355	7193.205150063201	7193.710150063201	0	1	36	1	0	98	1	1	9	0	[-115   77]	13
7193.079583396534	4.210666666666839	trials	7194.074583396534	7194.622583396534	0.41	7195.0015833965335	7195.521583396534	0	1	33	2	0	90	1	3	9	0	[134 -46]	13
7194.215050063201	4.58066666666673	trials	7195.265050063201	7196.047050063201	0.42	7196.4320500632	7197.047050063201	0	1	13	1	0	29	1	1	9	0	[-117   88]	13
7199.1346833965345	4.384733333332406	trials	7200.211683396535	7201.125683396534	0.405	7201.501683396535	7201.961683396535	0	1	7	1	0	14	1	1	8	0	[136  87]	13
7201.2080500632	4.0400333333336675	trials	7202.0980500632	7202.6790500632	0.405	7203.0500500632	7203.6150500632	0	1	29	2	0	69	1	3	9	0	[-114   11]	13
7204.329416729867	4.859866666666676	trials	7205.0804167298675	7205.978416729868	0.32	7207.351416729867	7207.7414167298675	0	1	1	0	0	0	0	1	7	0	[114  91]	13
7206.037950063201	3.8199333333332106	trials	7206.8669500632	7207.4649500632	0.405	7207.8349500632	7208.3349500632	0	1	22	1	0	74	1	1	7	0	[126  82]	13
7209.759416729868	4.2306333333335715	trials	7210.782416729868	7211.2634167298675	0.48	7211.701416729868	7212.261416729868	0	1	15	1	0	35	1	1	9	0	[-113  -78]	13
7210.762916729867	3.214866666667149	trials	7211.6699167298675	7211.800916729867	0.37	7212.129916729868	7212.524916729867	0	1	17	0	0	40	1	1	0	0	[117  86]	13
7214.715016729868	3.9249999999992724	trials	7215.625016729868	7216.140016729868	0.465	7216.5620167298675	7217.072016729868	0	1	18	1	0	44	0	1	9	0	[114 -86]	13
7216.1447500632	4.264800000000832	trials	7217.1357500632	7217.8007500632	0.39	7218.1567500632	7218.7367500632	0	1	13	2	0	30	1	3	9	0	[-117   88]	13
7217.323283396534	4.050266666667085	trials	7218.239283396534	7218.7542833965335	0.44	7219.160283396534	7219.675283396534	0	1	4	2	0	9	1	3	7	0	[125 -18]	13
7219.524983396534	4.505000000000109	trials	7220.643983396533	7221.625983396533	0.375	7221.956983396533	7222.496983396533	0	1	2	1	0	2	1	1	7	0	[114  91]	13
7222.242883396534	4.0948666666663485	trials	7223.291883396534	7224.122883396534	0.41	7224.489883396534	7224.894883396534	0	1	4	0	0	7	1	1	0	0	[125 -18]	13
7222.264783396534	4.159733333332952	trials	7223.1557833965335	7223.719783396534	0.495	7224.171783396534	7224.826783396534	0	1	18	2	0	45	1	3	9	0	[114 -86]	13
7224.774983396534	3.6450333333341405	trials	7225.929983396533	7226.043983396534	0.4	7226.401983396534	7226.841983396534	0	1	35	1	0	95	1	1	9	0	[123   9]	13
7227.234383396534	4.365033333332576	trials	7228.274383396534	7229.205383396534	0.34	7229.511383396534	7230.026383396535	0	1	10	1	0	20	1	1	9	0	[ -9 110]	13
7227.378016729867	4.230033333333267	trials	7228.4280167298675	7229.059016729867	0.45	7229.470016729867	7229.970016729867	0	1	17	2	0	42	1	3	9	0	[117  86]	13
7229.569983396534	3.7749000000003434	trials	7230.715983396533	7231.279983396534	0.345	7231.596983396534	7231.891983396534	0	1	25	0	0	55	1	1	0	0	[  8 102]	13
7232.5179167298675	4.774833333332936	trials	7233.5629167298675	7234.127916729867	0.315	7235.439916729867	7235.829916729867	0	1	9	0	0	0	0	1	9	0	[-136  -23]	13
7238.162916729867	3.849833333333663	trials	7239.032916729867	7239.846916729867	0.37	7240.179916729867	7240.569916729867	0	1	35	0	0	94	1	1	0	0	[123   9]	13
7239.5503500632	4.449766666666619	trials	7240.404350063201	7241.3353500632	0.46	7241.7523500632005	7242.382350063201	0	1	6	2	0	12	1	3	8	0	[-13 111]	13
7240.4797500632	3.444800000000214	trials	7241.2307500632005	7241.3287500632005	0.355	7241.6517500632	7242.2517500632	0	1	39	2	0	108	1	3	9	0	[-90 -82]	13
7244.624483396534	3.9899999999997817	trials	7245.532483396534	7246.130483396534	0.43	7246.521483396534	7247.016483396534	0	1	4	2	0	9	1	3	7	0	[125 -18]	13
7249.429383396534	4.104833333333772	trials	7250.268383396534	7251.266383396534	0.415	7251.651383396534	7252.096383396534	0	1	19	0	0	46	1	1	0	0	[139  -7]	13
7250.493016729867	4.455633333333935	trials	7251.522016729868	7252.237016729867	0.415	7252.6200167298675	7253.145016729867	0	1	15	2	0	36	1	3	9	0	[-113  -78]	13
7257.103250063201	4.439766666666401	trials	7258.259250063201	7259.157250063201	0.385	7259.505250063201	7259.940250063201	0	1	37	2	0	102	1	3	9	0	[119  80]	13
7260.549616729867	3.6746333333330767	trials	7261.373616729867	7262.138616729867	0.4	7262.496616729867	7262.776616729867	0	1	6	0	0	10	1	1	0	0	[-13 111]	13
7262.432883396534	3.9998333333332994	trials	7263.544883396534	7264.258883396534	0.385	7264.604883396533	7264.984883396533	0	1	24	0	0	79	1	1	0	0	[ 95 -89]	13
7264.7297500632	4.274766666666437	trials	7265.8597500632	7266.3737500632005	0.415	7266.7567500632	7267.3067500632005	0	1	39	2	0	108	1	3	9	0	[-90 -82]	13
7267.6429167298675	4.819800000000214	trials	7268.563916729868	7269.444916729867	0.355	7270.744916729867	7271.029916729867	0	1	5	1	0	0	0	1	8	0	[-13 111]	13
7269.739483396534	4.110000000000582	trials	7270.645483396534	7271.442483396534	0.4	7271.806483396534	7272.251483396533	0	1	35	2	0	96	1	3	9	0	[123   9]	13
7271.5403500632	4.399700000000848	trials	7272.6193500632	7273.1673500632005	0.51	7273.6323500632	7274.3523500632	0	1	4	2	0	9	1	3	7	0	[125 -18]	13
7273.112916729868	3.7248333333327537	trials	7274.165916729868	7274.630916729868	0.395	7274.984916729868	7275.409916729867	0	1	39	0	0	106	1	1	0	0	[-90 -82]	13
7277.895183396534	4.424733333333279	trials	7279.039183396534	7279.7371833965335	0.475	7280.172183396534	7280.742183396534	0	1	23	1	0	77	1	1	7	0	[-4 93]	13
7281.659483396534	3.395633333333535	trials	7282.750483396534	7283.398483396533	0.44	7283.796483396533		0	0	8	2	0	18	0	3	8	0	[136  87]	13
7284.690183396534	3.794633333333877	trials	7285.809183396534	7286.340183396534	0.395	7286.702183396534	7287.047183396534	0	1	37	0	0	100	1	1	0	0	[119  80]	13
7285.023083396534	4.3347333333331335	trials	7285.939083396534	7286.853083396534	0.415	7287.2250833965345	7287.780083396534	0	1	3	1	0	5	1	1	7	0	[-144  -52]	13
7286.329583396534	4.609633333333477	trials	7287.319583396534	7287.900583396534	0.33	7289.101583396534	7289.476583396534	0	1	5	1	0	0	0	1	8	0	[-115 -100]	13
7289.390050063201	4.160033333333558	trials	7290.194050063201	7290.9420500632	0.395	7291.302050063201	7291.917050063201	0	1	38	2	0	105	1	3	9	0	[105 -83]	13
7290.187850063201	3.949999999999818	trials	7290.9578500632015	7291.805850063201	0.335	7292.099850063201	7292.599850063201	0	1	23	1	0	77	1	1	7	0	[-4 93]	13
7291.5243500632005	4.324999999999818	trials	7292.605350063201	7293.520350063201	0.36	7293.8363500632	7294.271350063201	0	1	31	1	0	83	1	1	9	0	[-121   68]	13
7295.690316729868	4.294766666665964	trials	7296.5813167298675	7297.462316729868	0.425	7297.857316729868	7298.3673167298675	0	1	14	2	0	33	1	3	9	0	[141   6]	13
7296.579350063201	3.719999999999345	trials	7297.691350063201	7297.889350063201	0.355	7298.2113500632	7298.736350063201	0	1	29	1	0	68	1	1	9	0	[-114   11]	13
7302.184550063201	3.944800000000214	trials	7303.244550063201	7303.858550063201	0.43	7304.251550063201	7304.6115500632	0	1	0	0	0	0	0	1	2	1	[ 81 107]	13
7302.345283396534	3.9697333333333518	trials	7303.234283396534	7303.915283396534	0.405	7304.287283396534	7304.752283396534	0	1	2	2	0	3	1	3	7	0	[114  91]	13
7305.052983396534	3.8800333333329036	trials	7305.864983396534	7306.379983396534	0.375	7306.724983396533	7307.3149833965335	0	1	18	2	0	45	1	3	9	0	[114 -86]	13
7307.749583396534	4.42546666666658	trials	7308.630583396534	7309.611583396534	0.37	7309.936583396534	7310.456583396534	0	1	29	1	0	68	1	1	9	0	[-114   11]	13
7309.7278500632	3.0648666666675126	trials	7310.4838500632	7310.6478500632	0.36	7310.9798500632005	7311.3398500632	0	1	17	0	0	40	1	1	0	0	[117  86]	13
7312.7193500632	4.084933333333538	trials	7313.5823500632005	7314.4973500632	0.195	7314.6563500632	7315.2663500632	0	1	2	1	0	2	0	1	7	0	[114  91]	13
7313.517850063201	3.9948666666659847	trials	7314.552850063201	7315.433850063201	0.3	7315.704850063201	7316.079850063201	0	1	18	0	0	43	1	1	0	0	[114 -86]	13
7314.2801500632	4.61046666666698	trials	7315.2401500632	7316.1711500632	0.44	7316.5771500632	7317.1721500632	0	1	30	1	0	71	1	1	9	0	[-106  -80]	13
7318.217816729867	3.4348666666674035	trials	7319.004816729867	7319.568816729867	0.355	7319.894816729867	7320.164816729867	0	1	6	0	0	10	1	1	0	0	[-13 111]	13
7319.7995500632005	4.315366666666705	trials	7320.6695500632	7321.6335500632	0.405	7322.001550063201	7322.456550063201	0	1	27	1	0	62	1	1	8	0	[115 -80]	13
7319.939916729867	3.7950333333337767	trials	7320.958916729867	7321.356916729867	0.375	7321.691916729867	7322.171916729867	0	1	35	1	0	95	1	1	9	0	[123   9]	13
7322.4779500632	4.2306333333335715	trials	7323.4239500632	7324.037950063201	0.46	7324.4549500632	7324.9449500632	0	1	27	2	0	63	1	3	8	0	[115 -80]	13
7324.959650063201	4.405466666666143	trials	7325.7886500632	7326.652650063201	0.39	7327.0066500632	7327.581650063201	0	1	30	2	0	72	1	3	9	0	[-106  -80]	13
7327.497950063201	3.859866666666676	trials	7328.475950063201	7329.123950063201	0.43	7329.519950063201	7329.854950063201	0	1	0	10	0	0	0	3	0	1	[  8 102]	13
7330.169350063201	4.129966666666405	trials	7331.257350063201	7331.938350063201	0.365	7332.271350063201	7332.741350063201	0	1	19	1	0	47	1	1	9	0	[139  -7]	13
7331.520183396534	3.7945666666664692	trials	7332.432183396534	7333.0631833965335	0.465	7333.492183396534	7333.867183396534	0	1	22	0	0	73	1	1	0	0	[126  82]	13
7332.037816729868	3.7299666666658595	trials	7332.827816729868	7333.358816729868	0.385	7333.699816729868	7334.209816729867	0	1	24	1	0	80	1	1	7	0	[ 95 -89]	13
7335.174316729867	3.939833333332899	trials	7336.143316729867	7336.9743167298675	0.36	7337.296316729868	7337.6663167298675	0	1	22	0	0	73	1	1	0	0	[126  82]	13
7340.654916729867	4.2106000000003405	trials	7341.752916729867	7342.266916729867	0.395	7342.631916729867	7343.126916729867	0	1	15	1	0	35	1	1	9	0	[-113  -78]	13
7341.809516729867	3.8996333333334405	trials	7342.596516729867	7343.444516729867	0.39	7343.796516729867	7344.256516729867	0	1	38	0	0	103	1	1	0	0	[105 -83]	13
7345.624883396534	2.930766666667296	trials	7346.704883396534	7346.702883396534	0.51	7347.166883396534	7347.686883396534	0	0	20	1	0	50	0	1	9	0	[-132   83]	13
7346.519283396534	4.25	trials	7347.648283396534	7348.380283396534	0.415	7348.761283396534	7349.186283396534	0	1	38	1	0	104	1	1	9	0	[105 -83]	13
7350.118050063201	3.7996333333330767	trials	7350.903050063201	7351.718050063201	0.385	7352.070050063201	7352.4600500632005	0	1	24	0	0	79	1	1	0	0	[ 95 -89]	13
7351.4001500632	3.599600000000464	trials	7352.2081500632	7352.7391500632	0.375	7353.0771500632	7353.5421500632	0	1	39	0	0	106	1	1	0	0	[-90 -82]	13
7354.464650063201	3.649733333333643	trials	7355.2356500632	7355.550650063201	0.44	7355.951650063201	7356.536650063201	0	1	25	2	0	57	1	3	8	0	[  8 102]	13
7357.055116729867	3.664633333333768	trials	7357.827116729867	7358.5251167298675	0.355	7358.847116729868	7359.277116729867	0	1	19	0	0	46	1	1	0	0	[139  -7]	13
7360.357783396534	3.624800000000505	trials	7361.224783396534	7361.705783396534	0.43	7362.099783396534	7362.489783396533	0	1	8	0	0	16	1	1	0	0	[-115 -100]	13
7361.559883396534	4.145633333333535	trials	7362.595883396534	7363.160883396534	0.485	7363.6018833965345	7364.076883396534	0	1	27	1	0	62	1	1	8	0	[115 -80]	13
7364.612783396534	4.0400333333336675	trials	7365.543783396533	7366.274783396534	0.405	7366.649783396534	7367.154783396534	0	1	4	1	0	8	1	1	7	0	[125 -18]	13
7369.472816729867	4.305000000000291	trials	7370.3628167298675	7371.343816729867	0.34	7371.649816729867	7372.209816729867	0	1	31	1	0	83	1	1	9	0	[-121   68]	13
7373.970116729867	4.109766666666474	trials	7374.969116729867	7375.450116729867	0.49	7375.902116729867	7376.457116729867	0	1	20	1	0	50	1	1	9	0	[-132   83]	13
7378.615016729867	4.369999999999891	trials	7379.638016729868	7380.386016729867	0.415	7380.7670167298675	7381.382016729867	0	1	18	2	0	45	1	3	9	0	[114 -86]	13
7380.513150063201	4.014766666666219	trials	7381.4351500632	7382.0161500632	0.415	7382.3951500632	7382.9001500632	0	1	10	2	0	21	1	3	9	0	[ -9 110]	13
7382.469516729867	4.454766666666728	trials	7383.566516729867	7384.497516729867	0.38	7384.836516729867	7385.361516729867	0	1	35	1	0	95	1	1	9	0	[123   9]	13
7385.092783396534	3.9799999999995634	trials	7386.186783396534	7386.701783396535	0.36	7387.024783396534	7387.514783396534	0	1	35	1	0	95	1	1	9	0	[123   9]	13
7385.110083396534	3.734633333333477	trials	7386.091083396534	7386.655083396534	0.39	7387.007083396534	7387.402083396534	0	1	14	0	1	31	1	1	0	0	[141   6]	13
7387.849383396534	4.204999999999927	trials	7388.768383396534	7389.666383396534	0.39	7390.021383396534	7390.506383396534	0	1	19	2	0	48	1	3	9	0	[139  -7]	13
7389.674983396534	4.500633333333099	trials	7390.642983396534	7391.473983396534	0.425	7391.856983396534	7392.446983396534	0	1	8	2	0	18	1	3	8	0	[-115 -100]	13
7393.744483396534	4.30046666666658	trials	7394.621483396534	7395.619483396534	0.37	7395.951483396534	7396.436483396534	0	1	33	1	0	89	1	1	9	0	[134 -46]	13
7396.918016729867	4.2647666666671284	trials	7397.743016729867	7398.741016729868	0.355	7399.055016729867	7399.595016729867	0	1	25	1	0	56	1	1	8	0	[  8 102]	13
7398.844250063201	4.0349999999998545	trials	7399.874250063201	7400.338250063201	0.42	7400.7262500632005	7401.251250063201	0	1	21	1	0	53	1	1	9	0	[-134  -83]	13
7402.157816729868	4.0703999999996086	trials	7402.944816729868	7403.609816729868	0.43	7403.994816729868	7404.579816729867	0	1	8	1	0	17	1	1	8	0	[-115 -100]	13
7403.694350063201	4.375700000000506	trials	7404.6093500632005	7405.2073500632005	0.52	7405.691350063201	7406.281350063201	0	1	32	2	0	87	1	3	9	0	[-117  -86]	13
7405.780216729867	4.469700000000557	trials	7406.551216729867	7407.082216729867	0.825	7407.862216729867	7408.652216729867	0	1	0	12	0	0	0	3	6	1	[-132   83]	13
7409.089216729867	3.539866666666967	trials	7409.895216729867	7410.443216729867	0.36	7410.761216729867	7411.186216729867	0	1	30	0	0	70	1	1	0	0	[-106  -80]	13
7409.183016729867	3.87460000000101	trials	7409.965016729867	7410.947016729867	0.375	7411.290016729867	7411.630016729867	0	1	17	0	0	40	1	1	0	0	[117  86]	13
7412.030183396534	4.3598000000001775	trials	7413.120183396534	7413.935183396534	0.415	7414.307183396534	7414.762183396534	0	1	36	2	0	99	1	3	9	0	[-115   77]	13
7413.3943500632	4.154966666666951	trials	7414.3973500632	7415.2293500632	0.355	7415.5513500632005	7416.0463500632	0	1	2	2	0	3	1	3	7	0	[114  91]	13
7413.7777500632	4.169866666667076	trials	7414.8837500632	7415.7657500632	0.35	7416.0797500632	7416.4897500632005	0	1	27	0	0	61	1	1	0	0	[115 -80]	13
7418.8677500632	3.880033333333813	trials	7419.619750063201	7420.3507500632	0.435	7420.7547500632	7421.1897500632	0	1	37	1	0	101	1	1	9	0	[119  80]	13
7420.3044500632	3.7696333333333314	trials	7421.0844500632	7421.949450063201	0.385	7422.296450063201	7422.7014500632	0	1	16	0	0	37	1	1	0	0	[-108   82]	13
7421.965050063201	3.5996333333332586	trials	7422.8080500632	7423.3560500632	0.375	7423.6870500632	7424.0970500632	0	1	8	0	0	16	1	1	0	0	[-115 -100]	13
7423.727750063201	3.90979999999945	trials	7424.7887500632005	7425.4537500632005	0.33	7425.744750063201	7426.179750063201	0	1	21	0	0	52	1	1	0	0	[-134  -83]	13
7424.769216729867	3.579866666666021	trials	7425.736216729867	7426.401216729867	0.36	7426.721216729868	7426.991216729867	0	1	10	0	0	19	1	1	0	0	[ -9 110]	13
7426.404950063201	3.895033333333231	trials	7427.2109500632005	7427.824950063201	0.42	7428.2019500632005	7428.691950063201	0	1	31	2	0	84	1	3	9	0	[-121   68]	13
7428.352750063201	3.645033333333231	trials	7429.174750063201	7429.638750063201	0.44	7430.034750063201	7430.424750063201	0	1	28	1	0	65	1	1	9	0	[110  79]	13
7429.074216729867	3.8348333333342453	trials	7430.138216729867	7430.803216729867	0.395	7431.161216729867	7431.551216729867	0	1	2	0	0	1	1	1	0	0	[114  91]	13
7432.185050063201	4.379633333333004	trials	7433.163050063201	7433.7280500632005	0.36	7434.827050063201	7435.122050063201	0	1	9	0	0	0	0	1	9	0	[ -9 110]	13
7434.459450063201	4.435433333333094	trials	7435.391450063201	7436.239450063201	0.41	7436.616450063201	7437.161450063201	0	1	34	1	0	92	1	1	9	0	[122 -81]	13
7435.728083396534	4.619799999999486	trials	7436.862083396534	7437.843083396534	0.385	7438.180083396534	7438.740083396534	0	1	31	2	0	84	1	3	9	0	[-121   68]	13
7438.775050063201	3.1495999999997366	trials	7439.550050063201	7439.681050063201	0.405	7440.042050063201	7440.472050063201	0	1	30	0	0	70	1	1	0	0	[-106  -80]	13
7439.864316729867	3.9350000000004	trials	7440.843316729867	7441.375316729867	0.385	7441.726316729867	7442.191316729867	0	1	14	2	0	33	1	3	9	0	[141   6]	13
7441.187883396534	3.7950000000000728	trials	7441.9808833965335	7442.511883396533	0.41	7442.884883396534	7443.359883396533	0	1	35	2	0	96	1	3	9	0	[123   9]	13
7444.644216729867	3.9849999999996726	trials	7445.446216729867	7446.160216729867	0.385	7446.506216729867	7447.071216729867	0	1	18	1	0	44	1	1	9	0	[114 -86]	13
7445.582883396534	3.8849666666665144	trials	7446.415883396534	7446.913883396534	0.38	7447.264883396534	7447.889883396534	0	1	24	2	0	81	1	3	7	0	[ 95 -89]	13
7446.5000500632	4.18976666666731	trials	7447.587050063201	7448.2680500632005	0.39	7448.622050063201	7449.157050063201	0	1	22	1	0	74	1	1	7	0	[126  82]	13
7450.2877500632	4.255633333334117	trials	7451.2187500632	7451.932750063201	0.425	7452.3147500632	7452.824750063201	0	1	15	1	0	35	1	1	9	0	[-113  -78]	13
7451.434950063201	4.300699999999779	trials	7452.372950063201	7453.020950063201	0.435	7453.426950063201	7453.931950063201	0	1	32	2	0	87	1	3	9	0	[-117  -86]	13
7452.649550063201	4.22973333333357	trials	7453.566550063201	7454.314550063201	0.41	7454.691550063201	7455.176550063201	0	1	21	2	0	54	1	3	9	0	[-134  -83]	13
7455.217716729867	3.364900000000489	trials	7456.003716729867	7456.468716729867	0.37	7456.794716729867	7457.144716729867	0	1	2	0	0	1	1	1	0	0	[114  91]	13
7457.639183396534	3.6298333333334085	trials	7458.502183396534	7458.983183396534	0.42	7459.3711833965335	7459.801183396534	0	1	34	0	0	91	1	1	0	0	[122 -81]	13
7459.177750063201	4.05483333333359	trials	7460.072750063201	7461.053750063201	0.335	7461.3547500632	7461.7747500632	0	1	31	0	0	82	1	1	0	0	[-121   68]	13
7461.235183396534	4.344766666666146	trials	7462.077183396534	7462.825183396534	0.39	7463.177183396534	7463.912183396534	0	1	39	2	0	108	1	3	9	0	[-90 -82]	13
7462.039316729867	4.640699999999924	trials	7463.071316729867	7463.935316729867	0.475	7464.381316729867	7464.891316729867	0	1	34	2	0	93	1	3	9	0	[122 -81]	13
7466.307716729867	4.095666666667057	trials	7467.309716729867	7467.773716729867	0.445	7468.184716729867	7468.764716729867	0	1	27	1	0	62	1	1	8	0	[115 -80]	13
7466.574816729867	4.8798333333334085	trials	7467.612816729867	7468.560816729867	0.385	7469.721816729867	7470.026816729867	0	1	9	1	0	0	0	1	9	0	[ -9 110]	13
7467.584183396534	3.734866666666676	trials	7468.423183396534	7469.088183396534	0.415	7469.471183396534	7469.846183396534	0	1	33	0	0	88	1	1	0	0	[134 -46]	13
7473.284416729867	4.610366666666778	trials	7474.360416729867	7475.191416729867	0.27	7475.416416729867	7476.226416729867	0	1	26	1	0	59	1	1	8	0	[-115   70]	13
7477.143083396534	3.7147333333332426	trials	7477.932083396534	7478.446083396534	0.395	7478.805083396534	7479.2650833965345	0	1	2	2	0	3	1	3	7	0	[114  91]	13
7478.719216729867	3.9900333333334856	trials	7479.512216729867	7480.2432167298675	0.39	7480.596216729868	7481.166216729867	0	1	0	11	0	0	0	1	3	1	[-132   83]	13
7479.669883396534	4.454899999999725	trials	7480.602883396534	7481.217883396534	0.35	7482.296883396534	7482.601883396534	0	1	9	2	0	0	0	3	9	0	[ -9 110]	13
7481.562816729867	4.200033333333522	trials	7482.499816729867	7483.131816729868	0.39	7483.489816729867	7484.049816729867	0	1	39	2	0	108	1	3	9	0	[-90 -82]	13
7486.547816729867	3.935033333334104	trials	7487.318816729867	7487.883816729867	0.41	7488.254816729867	7488.919816729867	0	1	17	2	0	42	1	3	9	0	[117  86]	13
7489.115183396534	4.384733333333315	trials	7490.008183396534	7490.922183396534	0.395	7491.277183396534	7491.842183396534	0	1	13	2	0	30	1	3	9	0	[-117   88]	13
7490.404150063201	3.629866666666203	trials	7491.168150063201	7491.932150063201	0.365	7492.256150063201	7492.606150063201	0	1	17	0	0	40	1	1	0	0	[117  86]	13
7491.182850063201	3.985666666666475	trials	7492.137850063201	7492.435850063201	0.43	7492.834850063201	7493.384850063201	0	1	34	2	0	93	1	3	9	0	[122 -81]	13
7494.4447500632	4.1800333333330855	trials	7495.476750063201	7496.374750063201	0.365	7496.7017500632	7497.111750063201	0	1	0	2	0	0	0	1	2	1	[-143   24]	13
7494.829283396534	4.6899999999996	trials	7495.920283396535	7496.918283396534	0.415	7497.291283396535	7497.9062833965345	0	1	38	2	0	105	1	3	9	0	[105 -83]	13
7495.692816729867	4.08503333333374	trials	7496.673816729867	7497.271816729867	0.435	7497.664816729867	7498.164816729867	0	1	19	2	0	48	1	3	9	0	[139  -7]	13
7500.4191500632005	3.945033333333413	trials	7501.339150063201	7502.0041500632005	0.365	7502.336150063201	7502.7611500632	0	1	36	1	0	98	1	1	9	0	[-115   77]	13
7500.742683396534	3.7998999999999796	trials	7501.792683396534	7502.440683396534	0.36	7502.764683396534	7503.109683396534	0	1	15	0	0	34	1	1	0	0	[-113  -78]	13
7502.970116729867	4.31476666666731	trials	7504.031116729867	7504.596116729867	0.45	7505.007116729867	7505.687116729867	0	1	22	2	0	75	1	3	7	0	[126  82]	13
7505.144150063201	4.049833333332572	trials	7506.0081500632	7506.139150063201	0.305	7507.466150063201	7507.756150063201	0	1	9	0	0	0	0	1	9	0	[ -9 110]	13
7505.932816729867	3.705033333333631	trials	7507.028816729867	7507.109816729867	0.43	7507.499816729867	7508.044816729867	0	1	18	2	0	45	1	3	9	0	[114 -86]	13
7508.049883396534	4.154999999999745	trials	7508.832883396534	7509.714883396534	0.36	7510.041883396534	7510.566883396534	0	1	29	2	0	69	1	3	9	0	[-114   11]	13
7510.324383396533	3.804533333333893	trials	7511.3113833965335	7511.925383396533	0.37	7512.251383396533	7512.701383396534	0	1	15	0	0	34	1	1	0	0	[-113  -78]	13
7511.348083396534	3.979699999999866	trials	7512.165083396534	7512.746083396534	0.49	7513.205083396534	7513.755083396534	0	1	3	2	0	6	1	3	7	0	[-144  -52]	13
7513.944983396534	4.164633333333768	trials	7514.969983396533	7515.900983396534	0.41	7516.266983396534	7516.636983396534	0	1	4	0	0	7	1	1	0	0	[125 -18]	13
7519.079750063201	4.029999999999745	trials	7520.054750063201	7520.6367500632	0.4	7521.0017500632	7521.5517500632	0	1	18	1	0	44	1	1	9	0	[114 -86]	13
7524.699150063201	4.819866666665803	trials	7525.501150063201	7526.316150063201	0.38	7527.716150063201	7528.081150063201	0	1	9	1	0	0	0	1	9	0	[121 -76]	13
7530.269116729867	4.190000000000509	trials	7531.204116729868	7532.035116729867	0.31	7532.316116729867	7532.921116729867	0	1	6	1	0	11	1	1	8	0	[-13 111]	13
7542.0292500632	4.425600000000486	trials	7543.1432500632	7543.857250063201	0.405	7544.231250063201	7544.696250063201	0	1	27	2	0	63	1	3	8	0	[115 -80]	13
7542.604950063201	3.7547333333332062	trials	7543.449950063201	7543.914950063201	0.455	7544.331950063201	7544.8269500632005	0	1	24	1	0	80	1	1	7	0	[ 95 -89]	13
7547.249716729867	3.660000000000764	trials	7548.301716729867	7548.516716729867	0.43	7548.901716729867	7549.396716729867	0	1	4	1	0	8	1	1	7	0	[125 -18]	13
7548.829350063201	3.8145999999997002	trials	7549.813350063201	7550.4613500632	0.395	7550.816350063201	7551.196350063201	0	1	31	0	0	82	1	1	0	0	[-121   68]	13
7551.6848500632	3.8000333333329763	trials	7552.6208500632	7553.101850063201	0.38	7553.4518500632	7553.896850063201	0	1	11	2	0	24	1	3	9	0	[121 -76]	13
7553.164083396534	3.6406666666662204	trials	7553.915083396534	7554.112083396534	0.455	7554.531083396534	7555.081083396534	0	1	12	1	0	26	1	1	9	0	[-136  -23]	13
7556.1897167298675	3.204866666666021	trials	7557.056716729868	7557.237716729867	0.375	7557.581716729867	7557.966716729868	0	1	13	0	0	28	1	1	0	0	[-117   88]	13
7556.582783396534	4.23070000000007	trials	7557.452783396534	7558.050783396534	0.425	7558.439783396534	7559.009783396534	0	1	13	2	0	30	1	3	9	0	[-117   88]	13
7558.7693500632	4.219600000000355	trials	7559.8683500632005	7560.7163500632005	0.395	7561.0763500632	7561.5413500632	0	1	11	0	0	22	1	1	0	0	[121 -76]	13
7560.009850063201	4.164866666666057	trials	7560.7748500632015	7561.055850063201	0.27	7562.3818500632015	7562.666850063201	0	1	9	2	0	0	0	3	9	0	[ -9 110]	13
7564.869716729867	3.9148333333341725	trials	7565.843716729867	7566.591716729867	0.375	7566.936716729867	7567.326716729867	0	1	24	0	0	79	1	1	0	0	[ 95 -89]	13
7566.454350063201	4.614599999999882	trials	7567.371350063201	7568.136350063201	0.32	7569.1713500632	7569.5913500632005	0	1	9	0	0	0	0	1	9	0	[-136  -23]	13
7569.574816729867	4.145033333333231	trials	7570.595816729867	7571.327816729867	0.375	7571.671816729867	7572.111816729867	0	1	16	2	0	39	1	3	9	0	[-108   82]	13
7571.804083396534	4.095733333332646	trials	7572.8900833965345	7573.372083396534	0.375	7573.7160833965345	7574.146083396534	0	1	32	1	0	86	1	1	9	0	[-117  -86]	13
7574.489850063201	4.450633333332917	trials	7575.431850063201	7576.3138500632	0.45	7576.721850063201	7577.2118500632005	0	1	27	2	0	63	1	3	8	0	[115 -80]	13
7576.664083396534	4.074866666666821	trials	7577.559083396534	7578.524083396534	0.395	7578.886083396534	7579.291083396534	0	1	27	0	0	61	1	1	0	0	[115 -80]	13
7577.278016729867	4.159800000000359	trials	7578.197016729867	7578.828016729867	0.5	7579.285016729867	7579.800016729867	0	1	18	2	1	45	1	3	9	0	[114 -86]	13
7579.829850063201	4.045000000000073	trials	7580.850850063201	7581.282850063201	0.545	7581.781850063201	7582.276850063201	0	1	16	2	0	39	1	3	9	0	[-108   82]	13
7582.357650063201	3.8748333333332994	trials	7583.198650063201	7584.0966500632	0.375	7584.429650063201	7584.799650063201	0	1	17	0	0	40	1	1	0	0	[117  86]	13
7584.5948167298675	4.14009999999962	trials	7585.486816729867	7586.2018167298675	0.455	7586.626816729868	7587.146816729867	0	1	0	12	0	0	0	3	3	1	[-113  -78]	13
7587.179316729867	4.204733333333024	trials	7587.948316729868	7588.796316729868	0.415	7589.176316729868	7589.826316729867	0	1	3	1	0	5	1	1	7	0	[-144  -52]	13
7592.159083396534	4.064966666666805	trials	7593.234083396534	7593.765083396534	0.445	7594.176083396534	7594.691083396534	0	1	22	1	0	74	1	1	7	0	[126  82]	13
7597.4100500632	4.4548666666669305	trials	7598.443050063201	7599.2080500632	0.51	7599.6770500632	7600.2720500632	0	1	0	12	0	0	0	3	4	1	[-136  -23]	13
7601.4640500632	4.199900000000525	trials	7602.5880500632	7603.5200500632	0.35	7603.841050063201	7604.2210500632	0	1	4	0	0	7	1	1	0	0	[125 -18]	13
7602.729683396534	4.08486666666704	trials	7603.745683396533	7604.509683396534	0.49	7604.966683396534	7605.3666833965335	0	1	36	0	0	97	1	1	0	0	[-115   77]	13
7605.772750063201	4.444866666666712	trials	7606.626750063201	7607.207750063201	0.355	7608.379750063201	7608.724750063201	0	1	5	2	0	0	0	3	8	0	[-13 111]	13
7607.629683396533	3.9998666666670033	trials	7608.581683396534	7609.395683396533	0.415	7609.771683396533	7610.181683396533	0	1	13	0	0	28	1	1	0	0	[-117   88]	13
7608.529416729867	3.9997333333340066	trials	7609.391416729867	7609.956416729867	0.48	7610.396416729867	7610.961416729867	0	1	22	2	0	75	1	3	7	0	[126  82]	13
7610.977650063201	4.324999999999818	trials	7612.0796500632005	7612.8106500632	0.4	7613.174650063201	7613.719650063201	0	1	17	1	0	41	1	1	9	0	[117  86]	13
7612.2596833965345	3.6648666666660574	trials	7613.149683396535	7613.681683396534	0.42	7614.066683396534	7614.486683396534	0	1	29	0	0	67	1	1	0	0	[-114   11]	13
7613.304083396534	3.93483333333279	trials	7614.461083396534	7615.0420833965345	0.415	7615.4260833965345	7615.811083396534	0	1	21	0	0	52	1	1	0	0	[-134  -83]	13
7616.799650063201	3.6548666666667486	trials	7617.568650063201	7618.366650063201	0.35	7618.6866500632	7618.991650063201	0	1	6	0	0	10	1	1	0	0	[-13 111]	13
7618.1640500632	4.030000000000655	trials	7618.9790500632	7619.5940500632005	0.39	7619.9460500632	7620.626050063201	0	1	25	1	0	56	1	1	8	0	[  8 102]	13
7618.2378500632	3.5297666666665464	trials	7619.0998500632	7619.2968500632005	0.405	7619.6648500632	7620.194850063201	0	1	23	1	0	77	1	1	7	0	[-4 93]	13
7621.119683396534	4.069833333333008	trials	7621.887683396534	7622.852683396534	0.48	7623.296683396534	7623.756683396534	0	1	33	0	0	88	1	1	0	0	[134 -46]	13
7622.7126167298675	3.6449666666667326	trials	7623.517616729868	7624.032616729867	0.4	7624.389616729867	7624.819616729867	0	1	2	1	0	2	1	1	7	0	[114  91]	13
7622.954050063201	4.394999999999527	trials	7624.0990500632015	7624.930050063201	0.415	7625.301050063201	7625.776050063201	0	1	11	1	0	23	1	1	9	0	[121 -76]	13
7625.9896500632	4.090799999999945	trials	7626.9896500632	7627.437650063201	0.42	7627.826650063201	7628.3566500632005	0	1	21	1	0	53	1	1	9	0	[-134  -83]	13
7627.342616729868	4.184866666666494	trials	7628.487616729868	7629.301616729867	0.38	7629.649616729867	7630.069616729867	0	1	18	0	0	43	1	1	0	0	[114 -86]	13
7630.664816729867	4.524966666666842	trials	7631.725816729867	7632.606816729867	0.4	7632.976816729867	7633.516816729867	0	1	21	2	1	54	1	3	9	0	[-134  -83]	13
7632.382616729868	4.164999999999964	trials	7633.2396167298675	7633.8376167298675	0.375	7634.174616729868	7634.829616729868	0	1	39	1	0	107	1	1	9	0	[-90 -82]	13
7633.6291500632005	4.359999999999673	trials	7634.554150063201	7635.3021500632	0.385	7635.656150063201	7636.3511500632	0	1	25	2	0	57	1	3	8	0	[  8 102]	13
7636.939883396534	4.345399999999245	trials	7637.795883396534	7638.709883396535	0.385	7639.056883396534	7639.576883396534	0	1	21	1	0	53	1	1	9	0	[-134  -83]	13
7638.844016729867	3.599866666667367	trials	7639.723016729867	7640.2710167298665	0.36	7640.596016729867	7640.986016729867	0	1	8	0	0	16	1	1	0	0	[-115 -100]	13
7643.375016729868	4.329766666665819	trials	7644.299016729868	7645.130016729868	0.42	7645.507016729867	7646.137016729867	0	1	25	2	0	57	1	3	8	0	[  8 102]	13
7644.864283396534	4.59536666666645	trials	7645.976283396534	7646.907283396534	0.325	7647.196283396534	7647.746283396534	0	1	8	1	0	17	1	1	8	0	[-115 -100]	13
7649.2850167298675	4.484766666666474	trials	7650.402016729868	7651.250016729868	0.42	7651.632016729867	7652.127016729867	0	1	18	2	0	45	1	3	9	0	[114 -86]	13
7650.384016729868	3.949999999999818	trials	7651.212016729868	7651.7760167298675	0.39	7652.136016729868	7652.781016729868	0	1	25	1	0	56	1	1	8	0	[  8 102]	13
7655.129116729868	4.2849999999998545	trials	7655.897116729868	7656.745116729868	0.385	7657.1011167298675	7657.816116729868	0	1	25	2	0	57	1	3	8	0	[  8 102]	13
7659.4446500632	3.324833333334027	trials	7660.522650063201	7660.5706500632	0.4	7660.9316500632	7661.3416500632	0	1	18	0	0	43	1	1	0	0	[114 -86]	13
7661.0692500632	4.500166666666701	trials	7662.1002500632	7663.0322500632	0.45	7663.446250063201	7663.9562500632	0	1	4	1	0	8	1	1	7	0	[125 -18]	13
7666.619016729867	3.77503333333334	trials	7667.570016729867	7667.967016729867	0.4	7668.326016729868	7668.796016729867	0	1	31	1	0	83	1	1	9	0	[-121   68]	13
7669.997583396534	3.359866666666676	trials	7671.024583396534	7671.138583396533	0.355	7671.459583396534	7671.894583396534	0	1	8	0	0	16	1	1	0	0	[-115 -100]	13
7671.389016729867	3.569833333333918	trials	7672.2890167298665	7672.903016729867	0.355	7673.226016729867	7673.506016729867	0	1	25	0	0	55	1	1	0	0	[  8 102]	13
7674.272583396534	4.099866666666458	trials	7675.342583396534	7676.307583396534	0.355	7676.634583396534	7676.924583396534	0	1	25	0	0	55	1	1	0	0	[  8 102]	13
7676.619216729867	3.6046333333342773	trials	7677.424216729867	7677.905216729867	0.475	7678.3362167298665	7678.771216729867	0	1	19	0	0	46	1	1	0	0	[139  -7]	13
7679.217616729868	4.15480000000025	trials	7679.978616729868	7680.476616729868	0.31	7681.644616729867	7681.929616729868	0	1	5	1	0	0	0	1	8	0	[-13 111]	13
7683.957583396534	3.7457000000003973	trials	7685.097583396534	7685.161583396533	0.37	7685.494583396534	7685.984583396534	0	1	30	1	0	71	1	1	9	0	[-106  -80]	13
7686.569850063201	4.08963333333304	trials	7687.4528500632005	7688.4338500632	0.35	7688.7468500632	7689.2068500632	0	1	21	0	0	52	1	1	0	0	[-134  -83]	13
7687.793983396534	3.9800333333332674	trials	7688.762983396534	7689.310983396534	0.44	7689.705983396534	7690.235983396534	0	1	17	1	0	41	1	1	9	0	[117  86]	13
7688.502616729867	4.404966666666951	trials	7689.633616729868	7690.397616729868	0.39	7690.749616729868	7691.294616729868	0	1	29	1	0	68	1	1	9	0	[-114   11]	13
7691.499750063201	4.705733333333228	trials	7692.6047500632	7693.5027500632	0.44	7693.901750063201	7694.451750063201	0	1	34	2	0	93	1	3	9	0	[122 -81]	13
7692.8990833965345	3.9400333333323942	trials	7693.749083396535	7694.363083396534	0.44	7694.771083396535	7695.266083396535	0	1	22	2	0	75	1	3	7	0	[126  82]	13
7693.657583396534	4.019999999999527	trials	7694.7025833965345	7695.183583396534	0.39	7695.534583396535	7696.074583396535	0	1	10	1	0	20	1	1	9	0	[ -9 110]	13
7697.843983396534	3.4748333333327537	trials	7698.834983396534	7699.198983396534	0.37	7699.525983396534	7699.885983396534	0	1	28	0	0	64	1	1	0	0	[110  79]	13
7702.1189833965345	3.68483333333279	trials	7703.019983396534	7703.584983396535	0.395	7703.950983396535	7704.340983396534	0	1	16	0	0	37	1	1	0	0	[-108   82]	13
7713.614183396534	4.124633333332895	trials	7714.642183396534	7715.524183396534	0.395	7715.886183396534	7716.2861833965335	0	1	37	0	0	100	1	1	0	0	[119  80]	13
7717.949583396534	4.475000000000364	trials	7719.0015833965335	7719.949583396534	0.385	7720.2915833965335	7720.861583396534	0	1	3	1	0	5	1	1	7	0	[-144  -52]	13
7718.3939500632005	4.285033333333558	trials	7719.4949500632	7720.242950063201	0.405	7720.6109500632	7721.1559500632	0	1	37	1	0	101	1	1	9	0	[119  80]	13
7723.469083396534	4.194999999999709	trials	7724.514083396534	7725.112083396534	0.42	7725.491083396534	7726.006083396534	0	1	14	2	0	33	1	3	9	0	[141   6]	13
7724.452883396534	4.404766666666546	trials	7725.4678833965345	7726.231883396535	0.41	7726.604883396534	7727.219883396534	0	1	25	2	0	57	1	3	8	0	[  8 102]	13
7727.799583396534	4.154866666666749	trials	7728.889583396534	7729.703583396535	0.385	7730.0465833965345	7730.501583396534	0	1	34	0	0	91	1	1	0	0	[122 -81]	13
7728.628950063201	4.25	trials	7729.515950063201	7730.413950063201	0.45	7730.820950063201	7731.325950063201	0	1	22	1	1	74	1	1	7	0	[126  82]	13
7732.604616729867	3.8348333333333358	trials	7733.624616729868	7734.255616729867	0.4	7734.621616729867	7735.006616729867	0	1	18	0	0	43	1	1	0	0	[114 -86]	13
7735.459183396534	3.90463333333264	trials	7736.353183396534	7737.201183396534	0.385	7737.546183396535	7737.926183396534	0	1	22	0	0	73	1	1	0	0	[126  82]	13
7740.363950063201	4.019999999999527	trials	7741.404950063201	7742.0359500632	0.385	7742.385950063201	7742.850950063201	0	1	35	1	0	95	1	1	9	0	[123   9]	13
7743.999850063201	4.159733333332952	trials	7744.9308500632005	7745.694850063201	0.39	7746.051850063201	7746.601850063201	0	1	35	1	0	95	1	1	9	0	[123   9]	13
7747.544316729867	4.259733333333315	trials	7748.6753167298675	7749.4073167298675	0.395	7749.756316729868	7750.191316729867	0	1	37	2	0	102	1	3	9	0	[119  80]	13
7748.874583396534	4.300000000000182	trials	7749.949583396534	7750.813583396534	0.435	7751.206583396534	7751.646583396534	0	1	0	1	0	0	0	1	2	1	[  91 -104]	13
7754.589150063201	4.414766666666765	trials	7755.479150063201	7756.4271500632	0.375	7756.7611500632	7757.411150063201	0	1	23	1	0	77	1	1	7	0	[-4 93]	13
7760.389950063201	4.4097666666666555	trials	7761.5219500632	7762.319950063201	0.37	7762.6569500632	7763.166950063201	0	1	35	2	0	96	1	3	9	0	[123   9]	13
7772.004816729867	4.16973333333317	trials	7773.093816729867	7773.674816729867	0.41	7774.046816729868	7774.641816729867	0	1	25	1	0	56	1	1	8	0	[  8 102]	13
7775.2091500632005	3.8446333333331495	trials	7776.089150063201	7776.8371500632	0.385	7777.1911500632	7777.586150063201	0	1	33	0	0	88	1	1	0	0	[134 -46]	13
7777.0495500632005	3.9050666666662437	trials	7777.9465500632	7778.4775500632	0.425	7778.8665500632005	7779.3965500632	0	1	6	1	0	11	1	1	8	0	[-13 111]	13
7779.908916729867	3.3499000000001615	trials	7780.673916729867	7781.588916729867	0.455	7782.010916729867	7782.405916729867	0	0	2	0	0	1	0	1	0	0	[114  91]	13
7781.694583396534	3.5748333333331175	trials	7782.565583396534	7783.046583396534	0.395	7783.411583396533	7783.826583396533	0	1	7	0	0	13	1	1	0	0	[136  87]	13
7786.074683396534	4.4599666666663325	trials	7787.167683396534	7787.981683396534	0.47	7788.4116833965345	7788.936683396534	0	1	23	2	0	78	1	3	7	0	[-4 93]	13
7791.194716729868	4.514999999999418	trials	7792.203716729868	7793.101716729868	0.41	7793.466716729868	7794.031716729868	0	1	10	2	0	21	1	3	9	0	[ -9 110]	13
7796.463883396534	3.8998666666666395	trials	7797.4988833965335	7798.196883396534	0.35	7798.505883396534	7798.910883396534	0	1	12	0	0	25	1	1	0	0	[-136  -23]	13
7801.063883396534	3.9800333333332674	trials	7802.033883396534	7802.648883396534	0.375	7802.980883396534	7803.445883396534	0	1	31	1	0	83	1	1	9	0	[-121   68]	13
7803.359783396534	4.409633333332749	trials	7804.375783396534	7804.890783396534	0.41	7806.006783396534	7806.306783396534	0	1	9	0	0	0	0	1	9	0	[ -9 110]	13
7803.672716729867	2.92466666666769	trials	7804.438716729866	7804.536716729866	0.36	7804.859716729867	7805.174716729867	0	1	28	0	0	64	1	1	0	0	[110  79]	13
7807.469283396534	4.13033333333351	trials	7808.221283396534	7808.6692833965335	0.44	7809.076283396534	7809.856283396533	0	1	26	2	0	60	1	3	8	0	[-115   70]	13
7808.642716729867	4.229800000000068	trials	7809.641716729867	7810.322716729867	0.435	7810.714716729867	7811.2297167298675	0	1	21	1	0	53	1	1	9	0	[-134  -83]	13
7810.949783396534	4.2896333333328585	trials	7811.829783396534	7812.310783396534	0.325	7813.446783396535	7813.796783396534	0	1	1	1	0	0	0	1	7	0	[114  91]	13
7813.477583396534	4.1800333333330855	trials	7814.310583396534	7815.041583396534	0.475	7815.484583396534	7815.994583396534	0	1	10	2	0	21	1	3	9	0	[ -9 110]	13
7813.569116729867	4.595400000000154	trials	7814.6411167298675	7815.489116729867	0.415	7815.861116729868	7816.446116729868	0	1	32	1	0	86	1	1	9	0	[-117  -86]	13
7816.094516729867	4.1450333333341405	trials	7816.898516729867	7817.729516729867	0.415	7818.106516729867	7818.666516729867	0	1	38	1	0	104	1	1	9	0	[105 -83]	13
7819.138883396534	3.8199666666669145	trials	7819.926883396533	7820.557883396534	0.405	7820.930883396534	7821.365883396534	0	1	7	1	0	14	1	1	8	0	[136  87]	13
7821.1195500632	3.8548333333337723	trials	7822.1005500632	7822.6985500632	0.435	7823.1015500632	7823.5315500632005	0	1	35	0	0	94	1	1	0	0	[123   9]	13
7823.907716729867	4.249766666666801	trials	7824.998716729868	7825.746716729867	0.405	7826.109716729868	7826.589716729867	0	1	11	1	0	23	1	1	9	0	[121 -76]	13
7823.933983396534	4.350633333333462	trials	7824.895983396535	7825.709983396534	0.43	7826.095983396534	7826.545983396534	0	1	27	2	0	63	1	3	8	0	[115 -80]	13
7825.784516729867	4.029866666666749	trials	7826.853516729868	7827.567516729868	0.375	7827.911516729868	7828.3565167298675	0	1	24	0	0	79	1	1	0	0	[ 95 -89]	13
7829.158916729867	4.079966666667133	trials	7829.930916729867	7830.778916729867	0.355	7831.100916729867	7831.615916729867	0	1	10	1	0	20	1	1	9	0	[ -9 110]	13
7830.644516729867	4.220033333333959	trials	7831.438516729867	7832.303516729867	0.4	7832.671516729867	7833.261516729867	0	1	29	1	0	68	1	1	9	0	[-114   11]	13
7830.717716729867	3.5304666666670528	trials	7831.535716729867	7831.699716729867	0.365	7832.029716729867	7832.529716729867	0	1	21	1	0	53	1	1	9	0	[-134  -83]	13
7834.023983396534	4.280700000000252	trials	7834.799983396534	7835.647983396534	0.44	7836.055983396534	7836.505983396534	0	1	34	2	0	93	1	3	9	0	[122 -81]	13
7834.842483396534	4.360000000000582	trials	7835.903483396533	7836.635483396533	0.51	7837.114483396534	7837.579483396534	0	1	10	1	0	20	1	1	9	0	[ -9 110]	13
7835.819516729867	3.964866666667149	trials	7836.841516729867	7837.589516729868	0.4	7837.951516729867	7838.376516729867	0	1	38	0	0	103	1	1	0	0	[105 -83]	13
7839.1038500632	4.979866666666567	trials	7839.9858500632	7840.9008500632	0.335	7842.2108500632	7842.645850063201	0	1	5	0	0	0	0	1	8	0	[136  87]	13
7839.817483396534	3.6498333333329356	trials	7840.856483396534	7841.3374833965345	0.39	7841.689483396534	7841.999483396534	0	1	10	0	0	19	1	1	0	0	[ -9 110]	13
7840.504516729867	4.824866666667731	trials	7841.460516729867	7842.258516729867	0.345	7843.566516729867	7843.926516729866	0	1	1	0	0	0	0	1	7	0	[125 -18]	13
7847.4847500632	3.7996000000002823	trials	7848.6307500632	7849.2287500632	0.395	7849.5867500632	7849.8767500632	0	1	23	0	0	76	1	1	0	0	[-4 93]	13
7850.907716729867	3.889600000000428	trials	7851.9617167298675	7852.559716729867	0.37	7852.8947167298675	7853.344716729867	0	1	21	0	0	52	1	1	0	0	[-134  -83]	13
7851.008983396534	4.184999999999491	trials	7852.124983396534	7852.589983396534	0.52	7853.065983396534	7853.575983396534	0	1	17	2	0	42	1	3	9	0	[117  86]	13
7855.727450063201	4.4898666666658755	trials	7856.580450063201	7857.178450063201	0.345	7858.409450063201	7858.764450063201	0	1	5	0	0	0	0	1	8	0	[136  87]	13
7857.239183396534	3.424733333333279	trials	7858.028183396534	7858.276183396534	0.385	7858.626183396534	7859.126183396534	0	1	2	2	0	3	1	3	7	0	[114  91]	13
7857.259750063201	3.7904666666663616	trials	7858.234750063201	7858.549750063201	0.43	7858.946750063201	7859.461750063201	0	1	34	1	0	92	1	1	9	0	[122 -81]	13
7861.047450063201	3.3748666666670033	trials	7861.816450063201	7862.2644500632005	0.385	7862.619450063201	7862.9694500632	0	1	11	0	0	22	1	1	0	0	[121 -76]	13
7861.934483396534	4.099866666666458	trials	7862.870483396534	7863.835483396534	0.375	7864.166483396534	7864.581483396534	0	1	24	0	0	79	1	1	0	0	[ 95 -89]	13
7866.723850063201	3.84996666666666	trials	7867.598850063201	7868.080850063201	0.42	7868.460850063201	7869.035850063201	0	1	6	1	0	11	1	1	8	0	[-13 111]	13
7869.324750063201	4.9296000000003914	trials	7870.2077500632	7871.0387500632005	0.375	7872.401750063201	7872.781750063201	0	1	9	1	0	0	0	1	9	0	[121 -76]	13
7869.6124500632	3.8400333333338494	trials	7870.4204500632	7870.9684500632	0.375	7871.3094500632005	7871.7944500632	0	1	21	1	0	53	1	1	9	0	[-134  -83]	13
7871.333950063201	4.514833333332717	trials	7872.384950063201	7872.615950063201	0.38	7874.035950063201	7874.365950063201	0	1	5	2	0	0	0	3	8	0	[-13 111]	13
7874.237550063201	4.465033333333849	trials	7875.3395500632005	7876.220550063201	0.415	7876.599550063201	7877.094550063201	0	1	11	2	0	24	1	3	9	0	[121 -76]	13
7875.1645167298675	3.899933333333138	trials	7876.093516729868	7876.6245167298675	0.445	7877.031516729868	7877.531516729868	0	1	4	1	0	8	1	1	7	0	[125 -18]	13
7879.009216729867	4.365466666667089	trials	7879.789216729867	7880.720216729867	0.33	7881.011216729868	7881.611216729867	0	1	33	2	0	90	1	3	9	0	[134 -46]	13
7881.674716729867	4.124766666666801	trials	7882.763716729867	7883.3277167298675	0.41	7883.701716729867	7884.246716729867	0	1	24	1	0	80	1	1	7	0	[ 95 -89]	13
7884.343983396534	4.470599999999649	trials	7885.157983396534	7885.905983396534	0.545	7886.420983396534	7887.025983396534	0	1	12	2	0	27	1	3	9	0	[-136  -23]	13
7884.527783396534	4.550500000000284	trials	7885.661783396534	7886.409783396533	0.395	7886.764783396534	7887.284783396533	0	1	21	2	0	54	1	3	9	0	[-134  -83]	13
7886.584616729868	4.559999999999491	trials	7887.665616729868	7888.447616729868	0.45	7888.856616729868	7889.466616729867	0	1	20	2	0	51	1	3	9	0	[-132   83]	13
7889.9074500632005	3.9699666666665507	trials	7890.7804500632	7891.394450063201	0.385	7891.7494500632	7892.284450063201	0	1	18	1	0	44	1	1	9	0	[114 -86]	13
7890.7941500632005	4.884633333333113	trials	7891.8611500632005	7892.6761500632	0.365	7893.8061500632	7894.1861500632	0	1	1	2	0	0	0	3	7	0	[125 -18]	13
7891.9145167298675	4.104933333333065	trials	7892.734516729867	7893.449516729867	0.48	7893.891516729867	7894.451516729868	0	1	24	1	0	80	1	1	7	0	[ 95 -89]	13
7895.697816729868	4.210466666666434	trials	7896.466816729868	7897.381816729868	0.395	7897.739816729868	7898.2198167298675	0	1	12	2	0	27	1	3	9	0	[-136  -23]	13
7896.824516729867	4.069833333333008	trials	7897.854516729867	7898.618516729867	0.43	7899.006516729867	7899.446516729868	0	1	24	0	0	79	1	1	0	0	[ 95 -89]	13
7898.0490500632	4.034599999999955	trials	7899.1650500632	7900.0130500632	0.345	7900.3260500632005	7900.626050063201	0	1	25	0	0	55	1	1	0	0	[  8 102]	13
7900.792416729867	3.784866666666858	trials	7901.752416729867	7902.450416729867	0.37	7902.779416729867	7903.184416729867	0	1	12	0	0	25	1	1	0	0	[-136  -23]	13
7905.397516729867	4.445066666667117	trials	7906.471516729866	7907.285516729867	0.405	7907.649516729867	7908.214516729867	0	1	18	2	0	45	1	3	9	0	[114 -86]	13
7907.324816729867	3.9147333333339702	trials	7908.125816729867	7908.773816729867	0.42	7909.151816729867	7909.646816729867	0	1	24	2	0	81	1	3	7	0	[ 95 -89]	13
7910.1690500632	3.9946000000009008	trials	7911.287050063201	7911.9350500632	0.395	7912.296050063201	7912.706050063201	0	1	15	0	0	34	1	1	0	0	[-113  -78]	13
7913.779716729867	3.724600000000464	trials	7914.578716729867	7915.326716729866	0.375	7915.6667167298665	7916.066716729867	0	1	20	0	0	49	1	1	0	0	[-132   83]	13
7914.547783396534	4.640366666666523	trials	7915.625783396535	7916.540783396535	0.36	7916.864783396534	7917.439783396534	0	1	26	2	0	60	1	3	8	0	[-115   70]	13
7915.038783396534	3.6850333333331946	trials	7916.005783396534	7916.253783396534	0.38	7916.600783396534	7917.090783396534	0	1	13	1	0	29	1	1	9	0	[-117   88]	13
7919.598783396534	3.7850333333335584	trials	7920.491783396534	7920.989783396533	0.455	7921.4057833965335	7921.815783396533	0	1	36	1	0	98	1	1	9	0	[-115   77]	13
7924.268783396534	4.020733333333737	trials	7925.043783396533	7925.641783396533	0.41	7926.015783396534	7926.575783396534	0	1	21	1	0	53	1	1	9	0	[-134  -83]	13
7925.2697167298675	3.8296000000000276	trials	7926.117716729867	7926.898716729867	0.35	7927.2117167298675	7927.646716729868	0	1	30	0	0	70	1	1	0	0	[-106  -80]	13
7930.034483396534	4.204833333333227	trials	7931.103483396534	7932.034483396534	0.365	7932.356483396534	7932.771483396534	0	1	33	0	0	88	1	1	0	0	[134 -46]	13
7931.517516729868	4.235599999999977	trials	7932.367516729868	7932.948516729867	0.485	7933.389516729868	7933.9995167298675	0	1	26	2	0	60	1	3	8	0	[-115   70]	13
7934.9344500632005	3.694800000000214	trials	7935.8894500632005	7936.403450063201	0.445	7936.8164500632	7937.181450063201	0	1	21	0	0	52	1	1	0	0	[-134  -83]	13
7935.1141500632	4.049766666666983	trials	7936.0831500632	7936.5301500632	0.405	7936.9011500632005	7937.491150063201	0	1	13	2	0	30	1	3	9	0	[-117   88]	13
7936.572516729868	3.679866666666385	trials	7937.386516729868	7937.383516729868	0.4	7938.4545167298675	7938.7495167298675	0	1	9	2	0	0	0	3	9	0	[ -9 110]	13
7939.594483396534	3.755000000000109	trials	7940.591483396534	7940.688483396534	0.38	7941.036483396534	7941.731483396534	0	1	13	1	0	29	1	1	9	0	[-117   88]	13
7940.872416729868	4.160566666666455	trials	7941.805416729868	7942.302416729868	0.495	7942.754416729867	7943.389416729868	0	1	26	1	0	59	1	1	8	0	[-115   70]	13
7940.9190500632	3.649566666666942	trials	7942.0690500632	7942.3330500632	0.44	7942.7310500632	7943.1160500632	0	1	27	0	1	61	1	1	0	0	[115 -80]	13
7944.079450063201	4.285033333332649	trials	7945.160450063201	7945.908450063201	0.4	7946.271450063201	7946.766450063201	0	1	19	1	0	47	1	1	9	0	[139  -7]	13
7945.353783396534	3.639833333333627	trials	7946.236783396534	7946.884783396534	0.36	7947.200783396534	7947.535783396534	0	1	6	0	0	10	1	1	0	0	[-13 111]	13
7949.269583396534	4.5306000000000495	trials	7950.296583396534	7951.177583396534	0.42	7951.561583396534	7952.076583396533	0	1	27	2	0	63	1	3	8	0	[115 -80]	13
7949.5887833965335	3.339833333333445	trials	7950.355783396533	7950.670783396534	0.415	7951.055783396533	7951.450783396534	0	1	7	0	0	13	1	1	0	0	[136  87]	13
7953.523750063201	3.809866666666494	trials	7954.524750063201	7955.138750063201	0.39	7955.495750063201	7955.9007500632015	0	1	27	0	0	61	1	1	0	0	[115 -80]	13
7954.187483396534	4.565633333333608	trials	7955.211483396534	7955.892483396534	0.445	7956.304483396534	7956.994483396534	0	1	26	2	0	60	1	3	8	0	[-115   70]	13
7958.148750063201	3.969999999999345	trials	7958.9767500632015	7959.707750063201	0.405	7960.075750063201	7960.580750063201	0	1	33	1	0	89	1	1	9	0	[134 -46]	13
7962.864783396534	4.374766666666801	trials	7963.969783396534	7964.800783396534	0.42	7965.176783396534	7965.656783396535	0	1	17	2	0	42	1	3	9	0	[117  86]	13
7967.909550063201	4.4907333333330826	trials	7969.055550063201	7969.7865500632015	0.385	7970.131550063201	7970.656550063201	0	1	21	2	0	54	1	3	9	0	[-134  -83]	13
7969.753983396534	3.6746333333330767	trials	7970.732983396534	7971.2969833965335	0.35	7971.615983396534	7972.000983396534	0	1	17	0	0	40	1	1	0	0	[117  86]	13
7972.989450063201	3.419833333333372	trials	7973.774450063201	7974.2554500632	0.39	7974.611450063201	7975.021450063201	0	1	34	0	0	91	1	1	0	0	[122 -81]	13
7974.4087500632	3.975000000000364	trials	7975.3847500632	7975.8987500632	0.395	7976.2507500632	7976.7607500632	0	1	18	1	0	44	1	1	9	0	[114 -86]	13
7977.1344500632	3.855000000000473	trials	7978.1424500632	7978.6074500632	0.4	7978.971450063201	7979.5014500632005	0	1	38	1	0	104	1	1	9	0	[105 -83]	13
7981.869416729867	3.819999999999709	trials	7982.661416729868	7983.309416729867	0.39	7983.6564167298675	7984.196416729867	0	1	35	1	0	95	1	1	9	0	[123   9]	13
7986.068983396533	3.594600000000355	trials	7986.923983396533	7987.471983396534	0.4	7987.830983396533	7988.215983396533	0	1	21	0	0	52	1	1	0	0	[-134  -83]	13
7986.494416729867	4.325033333333522	trials	7987.347416729867	7988.245416729867	0.52	7988.731416729867	7989.2414167298675	0	1	29	1	0	68	1	1	9	0	[-114   11]	13
7990.298850063201	4.224999999999454	trials	7991.358850063201	7991.989850063201	0.43	7992.380850063201	7992.910850063201	0	1	31	2	0	84	1	3	9	0	[-121   68]	13
7990.717483396534	4.410600000000159	trials	7991.595483396533	7992.276483396534	0.465	7992.704483396534	7993.394483396533	0	1	26	2	0	60	1	3	8	0	[-115   70]	13
7996.843950063201	3.6146333333326766	trials	7997.611950063201	7998.209950063201	0.385	7998.565950063201	7999.005950063201	0	1	18	0	0	43	1	1	0	0	[114 -86]	13
8005.039083396534	3.544799999999668	trials	8006.016083396534	8006.181083396534	0.415	8006.551083396534	8006.996083396534	0	1	37	2	0	102	1	3	9	0	[119  80]	13
8006.774550063201	4.240700000000288	trials	8007.657550063201	8008.404550063201	0.42	8008.7815500632005	8009.261550063201	0	1	15	2	0	36	1	3	9	0	[-113  -78]	13
8009.357350063201	4.079833333333227	trials	8010.421350063201	8011.219350063201	0.4	8011.584350063201	8011.989350063201	0	1	16	0	0	37	1	1	0	0	[-108   82]	13
8013.339750063201	4.710399999999936	trials	8014.226750063201	8015.191750063201	0.455	8015.616750063201	8016.286750063201	0	1	26	2	0	60	1	3	8	0	[-115   70]	13
8014.2824500632005	4.170600000000377	trials	8015.073450063201	8015.5544500632	0.415	8015.9244500632	8016.6844500632005	0	1	26	2	0	60	1	3	8	0	[-115   70]	13
8019.077450063201	4.234999999999673	trials	8020.0594500632005	8020.8404500632005	0.395	8021.204450063201	8021.6844500632005	0	1	4	2	0	9	1	3	7	0	[125 -18]	13
8024.118716729868	4.315599999999904	trials	8024.941716729868	8025.772716729868	0.455	8026.185716729868	8026.795716729867	0	1	27	1	0	62	1	1	8	0	[115 -80]	13
8025.277550063201	4.409800000000359	trials	8026.3795500632	8027.260550063201	0.395	8027.6245500632	8028.1195500632	0	1	33	1	0	89	1	1	9	0	[134 -46]	13
8029.223716729867	4.3957000000000335	trials	8030.094716729867	8031.025716729867	0.51	8031.500716729867	8031.975716729868	0	1	34	1	0	92	1	1	9	0	[122 -81]	13
8030.462316729867	4.585633333334044	trials	8031.414316729867	8032.229316729867	0.405	8032.599316729867	8033.384316729866	0	1	26	1	0	59	1	1	8	0	[-115   70]	13
8030.739516729867	4.265633333333426	trials	8031.518516729868	8032.116516729868	0.525	8032.601516729867	8033.266516729867	0	1	26	2	1	60	1	3	8	0	[-115   70]	13
8034.288816729867	4.220000000000255	trials	8035.146816729867	8035.944816729867	0.42	8036.320816729867	8036.965816729867	0	1	19	2	1	48	1	3	9	0	[139  -7]	13
8039.473816729867	4.505033333332904	trials	8040.249816729867	8041.247816729868	0.435	8041.640816729868	8042.280816729867	0	1	39	2	0	108	1	3	9	0	[-90 -82]	13
8041.409616729868	4.155399999999645	trials	8042.290616729868	8042.888616729868	0.465	8043.321616729868	8043.826616729868	0	1	15	1	0	35	1	1	9	0	[-113  -78]	13
8041.502550063201	4.029766666666546	trials	8042.570550063201	8043.218550063201	0.4	8043.574550063201	8043.969550063201	0	1	37	1	0	101	1	1	9	0	[119  80]	13
8044.8136833965345	3.8648666666658755	trials	8045.7686833965345	8046.532683396535	0.355	8046.850683396535	8047.225683396535	0	1	7	0	0	13	1	1	0	0	[136  87]	13
8046.232316729867	4.004866666666203	trials	8047.055316729868	8048.037316729868	0.445	8048.439316729868	8048.794316729867	0	1	19	0	0	46	1	1	0	0	[139  -7]	13
8050.269050063201	4.489766666666583	trials	8051.088050063201	8052.0530500632	0.4	8052.421050063201	8053.1510500632	0	1	25	2	0	57	1	3	8	0	[  8 102]	13
8051.032416729868	3.780733333333046	trials	8052.108416729868	8052.155416729867	0.425	8052.544416729867	8053.014416729868	0	1	30	2	0	72	1	3	9	0	[-106  -80]	13
8053.369750063201	4.620366666666996	trials	8054.329750063201	8055.160750063201	0.435	8055.5567500632005	8056.246750063201	0	1	26	2	0	60	1	3	8	0	[-115   70]	13
8055.553683396534	3.9849999999996726	trials	8056.556683396534	8057.104683396535	0.435	8057.500683396534	8058.015683396535	0	1	25	1	0	56	1	1	8	0	[  8 102]	13
8057.642650063201	4.144933333333029	trials	8058.478650063201	8059.4096500632	0.395	8059.7746500632	8060.1946500632	0	1	0	12	0	0	0	3	4	1	[-117  -86]	13
8058.8293833965345	4.595433333332949	trials	8059.748383396534	8060.7133833965345	0.425	8061.096383396534	8061.766383396534	0	1	26	1	0	59	1	1	8	0	[-115   70]	13
8061.798916729867	4.429766666666183	trials	8062.876916729868	8063.858916729868	0.345	8064.170916729868	8064.640916729867	0	1	29	1	0	68	1	1	9	0	[-114   11]	13
8062.762416729867	3.7857333333331553	trials	8063.863416729867	8063.911416729868	0.45	8064.324416729867	8064.794416729867	0	1	32	2	0	87	1	3	9	0	[-117  -86]	13
8064.1544833965345	4.430666666666184	trials	8065.118483396534	8065.849483396534	0.5	8066.311483396535	8066.801483396534	0	1	30	2	0	72	1	3	9	0	[-106  -80]	13
8068.608950063201	4.334566666666433	trials	8069.7469500632005	8070.7279500632	0.385	8071.070950063201	8071.4959500632	0	1	30	0	0	70	1	1	0	0	[-106  -80]	13
8072.342416729867	4.410600000000159	trials	8073.301416729867	8073.899416729867	0.485	8074.344416729868	8074.989416729867	0	1	26	2	0	60	1	3	8	0	[-115   70]	13
8073.653683396534	3.719833333333554	trials	8074.532683396534	8075.196683396533	0.37	8075.535683396533	8075.940683396534	0	1	31	0	0	82	1	1	0	0	[-121   68]	13
8077.3947167298675	4.405499999999847	trials	8078.341716729868	8079.255716729867	0.435	8079.651716729867	8080.126716729867	0	1	34	2	0	93	1	3	9	0	[122 -81]	13
8082.259016729868	4.344766666666146	trials	8083.170016729868	8084.018016729868	0.465	8084.451016729868	8084.906016729868	0	1	16	2	0	39	1	3	9	0	[-108   82]	13
8083.809716729867	4.085466666666434	trials	8084.677716729868	8085.242716729867	0.43	8085.641716729868	8086.181716729868	0	1	33	2	0	90	1	3	9	0	[134 -46]	13
8088.7293500632	4.104966666666769	trials	8089.7963500632	8090.6113500632	0.37	8090.936350063201	8091.391350063201	0	1	2	1	0	2	1	1	7	0	[114  91]	13
8090.0040167298675	4.4597333333331335	trials	8091.041016729868	8091.905016729867	0.41	8092.271016729867	8092.846016729867	0	1	23	2	0	78	1	3	7	0	[-4 93]	13
8093.704350063201	3.5498666666662757	trials	8094.799350063201	8095.013350063201	0.495	8095.4663500632005	8095.856350063201	0	1	16	0	0	37	1	1	0	0	[-108   82]	13
8095.148650063201	4.519833333332826	trials	8095.942650063201	8096.4236500632005	0.395	8097.765650063201	8098.235650063201	0	1	1	0	0	0	0	1	7	0	[125 -18]	13
8095.597616729867	4.389800000000832	trials	8096.646616729867	8097.561616729867	0.38	8097.8996167298665	8098.429616729867	0	1	17	2	0	42	1	3	9	0	[117  86]	13
8100.573650063201	4.18483333333279	trials	8101.378650063201	8101.576650063201	0.37	8102.960650063201	8103.305650063201	0	1	1	0	0	0	0	1	7	0	[-144  -52]	13
8100.7522500632	3.919866666667076	trials	8101.8992500632	8102.513250063201	0.4	8102.8692500632005	8103.2342500632	0	1	37	0	0	100	1	1	0	0	[119  80]	13
8102.2693500632	3.279833333333954	trials	8103.369350063201	8103.3673500632	0.39	8103.7163500632005	8104.096350063201	0	1	14	0	0	31	1	1	0	0	[141   6]	13
8105.7887500632005	3.454966666667133	trials	8106.8147500632	8106.995750063201	0.365	8107.320750063201	8107.705750063201	0	1	0	12	0	0	0	3	1	1	[-144  -52]	13
8106.424483396534	4.0505999999995765	trials	8107.305483396534	8107.786483396534	0.48	8108.226483396534	8108.741483396534	0	1	27	2	0	63	1	3	8	0	[115 -80]	13
8107.197516729868	3.4746333333332586	trials	8107.951516729868	8108.549516729868	0.4	8108.919516729868	8109.284516729868	0	1	36	0	0	97	1	1	0	0	[-115   77]	13
8110.128750063201	3.824999999999818	trials	8110.8997500632	8111.4317500632005	0.375	8111.7707500632005	8112.2707500632005	0	1	36	2	0	99	1	3	9	0	[-115   77]	13
8111.199383396533	4.149800000001051	trials	8112.140383396533	8113.105383396533	0.375	8113.441383396534	8113.871383396533	0	1	27	0	0	61	1	1	0	0	[115 -80]	13
8112.757483396534	4.229766666667274	trials	8113.771483396534	8114.5694833965335	0.43	8114.954483396534	8115.439483396533	0	1	11	1	0	23	1	1	9	0	[121 -76]	13
8114.783616729867	4.20986666666704	trials	8115.835616729867	8116.833616729868	0.345	8117.135616729867	8117.535616729868	0	1	26	0	0	58	1	1	0	0	[-115   70]	13
8116.2293500632	4.104833333333772	trials	8117.3263500632	8118.258350063201	0.36	8118.5813500632	8118.8663500632	0	1	6	0	0	10	1	1	0	0	[-13 111]	13
8119.613750063201	3.7549666666654957	trials	8120.654750063201	8120.852750063201	0.45	8121.265750063201	8121.800750063201	0	1	22	2	0	75	1	3	7	0	[126  82]	13
8121.189316729868	4.470033333333049	trials	8122.162316729868	8123.110316729868	0.495	8123.566316729868	8124.151316729868	0	1	25	1	0	56	1	1	8	0	[  8 102]	13
8124.0876167298675	4.400366666665832	trials	8125.176616729867	8125.691616729868	0.425	8126.074616729868	8126.704616729868	0	1	26	2	0	60	1	3	8	0	[-115   70]	13
8124.218616729868	4.494999999998981	trials	8125.3066167298675	8126.2886167298675	0.345	8126.590616729868	8127.1456167298675	0	1	0	11	0	0	0	1	6	1	[119  80]	13
8127.1047167298675	4.414699999999357	trials	8128.165716729867	8128.963716729868	0.435	8129.361716729867	8129.931716729868	0	1	4	2	0	9	1	3	7	0	[125 -18]	13
8129.197283396534	4.290600000000268	trials	8130.112283396534	8130.760283396534	0.405	8131.134283396534	8131.804283396534	0	1	26	1	0	59	1	1	8	0	[-115   70]	13
8129.6537500632	3.9957000000003973	trials	8130.4927500632	8130.807750063201	0.425	8131.1907500632005	8131.865750063201	0	1	30	2	0	72	1	3	9	0	[-106  -80]	13
8134.317250063201	3.5599666666666963	trials	8135.098250063201	8135.246250063201	0.43	8135.639250063201	8136.344250063201	0	1	22	1	0	74	1	1	7	0	[126  82]	13
8134.473616729867	4.050033333333886	trials	8135.545616729867	8136.042616729867	0.415	8136.415616729867	8136.955616729867	0	1	19	1	0	47	1	1	9	0	[139  -7]	13
8139.418716729868	4.360033333332467	trials	8140.280716729868	8141.245716729868	0.41	8141.610716729868	8142.175716729867	0	1	24	2	0	81	1	3	7	0	[ 95 -89]	13
8140.764583396534	3.389566666666724	trials	8141.755583396534	8141.986583396534	0.38	8142.326583396534	8142.721583396535	0	1	30	0	0	70	1	1	0	0	[-106  -80]	13
8141.662583396534	3.994766666666692	trials	8142.5015833965335	8143.149583396534	0.41	8143.519583396534	8144.009583396533	0	1	2	2	0	3	1	3	7	0	[114  91]	13
8144.538650063201	3.9699666666656412	trials	8145.433650063202	8146.097650063201	0.42	8146.475650063201	8146.925650063201	0	1	11	1	0	23	1	1	9	0	[121 -76]	13
8144.989316729867	3.985700000000179	trials	8145.840316729867	8146.404316729867	0.41	8146.771316729867	8147.2463167298665	0	1	32	1	0	86	1	1	9	0	[-117  -86]	13
8147.507616729867	4.229700000000776	trials	8148.521616729867	8149.119616729867	0.555	8149.634616729867	8150.164616729867	0	1	24	2	0	81	1	3	7	0	[ 95 -89]	13
8149.614316729867	4.345000000000255	trials	8150.509316729867	8151.424316729867	0.385	8151.766316729867	8152.406316729867	0	1	17	1	0	41	1	1	9	0	[117  86]	13
8151.678850063201	3.634633333333113	trials	8152.436850063201	8153.034850063201	0.44	8153.430850063201	8153.845850063201	0	1	24	0	0	79	1	1	0	0	[ 95 -89]	13
8152.472350063201	3.955633333333026	trials	8153.290350063201	8153.821350063201	0.4	8154.184350063201	8154.764350063201	0	1	26	2	0	60	0	3	8	0	[-115   70]	13
8156.043616729867	3.9407000000010157	trials	8157.122616729866	8157.369616729867	0.4	8157.730616729867	8158.240616729867	0	1	33	1	0	89	1	1	9	0	[134 -46]	13
8157.287283396534	3.8847999999998137	trials	8158.2762833965335	8159.074283396534	0.41	8159.454283396534	8159.799283396534	0	1	24	0	0	79	1	1	0	0	[ 95 -89]	13
8159.304583396533	4.074733333333825	trials	8160.080583396533	8160.861583396533	0.395	8161.221583396534	8161.806583396534	0	1	33	1	0	89	1	1	9	0	[134 -46]	13
8160.818616729867	4.079999999999927	trials	8161.824616729868	8162.522616729867	0.355	8162.845616729867	8163.295616729867	0	1	16	1	0	38	1	1	9	0	[-108   82]	13
8164.082450063201	3.589799999999741	trials	8164.8624500632	8165.310450063201	0.375	8165.649450063201	8166.189450063201	0	1	14	1	1	32	1	1	9	0	[141   6]	13
8165.453716729868	4.069999999999709	trials	8166.209716729868	8166.991716729867	0.455	8167.400716729868	8167.905716729868	0	1	11	2	0	24	1	3	9	0	[121 -76]	13
8165.989550063201	4.079766666665819	trials	8166.983550063201	8167.715550063201	0.365	8168.036550063201	8168.476550063201	0	1	31	1	0	83	1	1	9	0	[-121   68]	13
8170.1774500632	3.67046666666738	trials	8171.0324500632	8171.3134500632	0.365	8171.6494500632	8172.2044500632	0	1	29	1	0	68	1	1	9	0	[-114   11]	13
8170.894316729868	4.014833333332717	trials	8172.036316729867	8172.650316729868	0.41	8173.021316729868	8173.426316729868	0	1	33	0	0	88	1	1	0	0	[134 -46]	13
8175.614283396534	4.295633333333171	trials	8176.755283396534	8177.386283396534	0.405	8177.756283396534	8178.256283396534	0	1	27	1	0	62	1	1	8	0	[115 -80]	13
8176.413816729868	4.9395999999997	trials	8177.215816729868	8178.113816729868	0.7	8179.605816729868	8179.905816729868	0	1	5	1	0	0	0	1	8	0	[-13 111]	13
8176.792450063201	3.5546000000003914	trials	8177.702450063201	8178.1834500632	0.415	8178.5544500632	8178.9644500632	0	1	33	0	0	88	1	1	0	0	[134 -46]	13
8180.464283396534	4.979866666666567	trials	8181.474283396534	8182.322283396534	0.37	8183.626283396534	8184.001283396534	0	1	1	0	0	0	0	1	7	0	[-144  -52]	13
8182.2975500632	3.9055000000007567	trials	8183.0715500632	8183.6525500632	0.44	8184.0595500632	8184.5495500632005	0	1	32	2	0	87	1	3	9	0	[-117  -86]	13
8184.0188167298675	4.12976666666691	trials	8184.785816729867	8185.299816729867	0.505	8185.765816729868	8186.5858167298675	0	1	38	1	0	104	1	1	9	0	[105 -83]	13
8187.7045167298675	4.114766666666583	trials	8188.661516729868	8189.525516729867	0.395	8189.886516729867	8190.296516729867	0	1	0	0	0	0	0	1	2	1	[132 -39]	13
8189.123716729868	3.8249666666670237	trials	8190.154716729868	8190.402716729868	0.46	8190.825716729868	8191.365716729868	0	1	2	2	0	3	1	3	7	0	[114  91]	13
8192.619283396534	4.024999999999636	trials	8193.563283396534	8194.111283396534	0.39	8194.461283396535	8195.081283396534	0	1	29	1	0	68	1	1	9	0	[-114   11]	13
8199.4875500632	4.294633333332968	trials	8200.446550063201	8200.8615500632	0.445	8201.989550063201	8202.3495500632	0	1	1	2	0	0	0	3	7	0	[114  91]	13
8204.149416729868	4.029966666666951	trials	8205.102416729867	8205.683416729868	0.475	8206.121416729868	8206.571416729868	0	1	7	2	0	15	1	3	8	0	[136  87]	13
8204.602316729866	4.385000000002037	trials	8205.549316729866	8206.497316729867	0.415	8206.874316729867	8207.419316729865	0	1	6	2	0	12	1	3	8	0	[-13 111]	13
8209.044383396535	4.715666666665129	trials	8210.071383396535	8210.936383396534	0.475	8211.376383396535	8211.946383396535	0	1	12	2	0	27	1	3	9	0	[-136  -23]	13
8209.712183396534	4.260000000000218	trials	8210.768183396534	8211.649183396534	0.37	8211.979183396534	8212.504183396533	0	1	4	1	0	8	1	1	7	0	[125 -18]	13
8214.6292500632	4.675466666667489	trials	8215.7072500632	8216.6382500632	0.41	8217.006250063201	8217.6462500632	0	1	26	1	0	59	1	1	8	0	[-115   70]	13
8214.857183396534	3.9650000000001455	trials	8215.653183396535	8216.435183396534	0.395	8216.794183396534	8217.289183396535	0	1	38	1	0	104	1	1	9	0	[105 -83]	13
8218.643783396534	4.084766666666837	trials	8219.702783396533	8220.150783396533	0.38	8220.495783396535	8221.065783396534	0	1	39	1	0	107	1	1	9	0	[-90 -82]	13
8219.632183396534	3.5248333333329356	trials	8220.522183396533	8221.004183396533	0.395	8221.364183396534	8221.779183396535	0	1	11	0	0	22	1	1	0	0	[121 -76]	13
8222.674516729867	4.189733333334516	trials	8223.728516729867	8224.442516729867	0.39	8224.796516729866	8225.321516729868	0	1	35	1	0	95	1	1	9	0	[123   9]	13
8223.643583396533	3.9598000000005413	trials	8224.521583396534	8225.302583396533	0.485	8225.745583396534	8226.145583396534	0	1	14	0	0	31	1	1	0	0	[141   6]	13
8224.0371500632	3.7450333333326853	trials	8224.8581500632	8225.5891500632	0.35	8225.9091500632	8226.3291500632	0	1	0	0	0	0	0	1	2	1	[-137   15]	13
8227.799283396535	4.379833333332499	trials	8228.913283396534	8229.895283396534	0.485	8230.336283396535	8230.741283396534	0	1	39	0	0	106	1	1	0	0	[-90 -82]	13
8228.348583396535	3.40979999999945	trials	8229.507583396535	8229.604583396535	0.385	8229.945583396535	8230.330583396535	0	1	27	0	0	61	1	1	0	0	[115 -80]	13
8228.697183396534	4.039999999999054	trials	8229.594183396535	8230.408183396534	0.365	8230.744183396535	8231.239183396534	0	1	11	1	0	23	1	1	9	0	[121 -76]	13
8233.5492500632	3.51986666666744	trials	8234.3662500632	8234.8312500632	0.4	8235.2012500632	8235.6112500632	0	1	18	0	0	43	1	1	0	0	[114 -86]	13
8233.8687500632	3.704633333334641	trials	8234.7937500632	8235.424750063201	0.345	8235.7357500632	8236.140750063201	0	1	13	0	0	28	1	1	0	0	[-117   88]	13
8234.747383396534	3.659766666667565	trials	8235.513383396534	8235.994383396534	0.45	8236.399383396534	8236.949383396533	0	1	23	1	0	77	1	1	7	0	[-4 93]	13
8238.0192500632	4.139833333334536	trials	8239.0182500632	8239.8332500632	0.465	8240.2562500632	8240.6962500632	0	1	7	0	0	13	1	1	0	0	[136  87]	13
8238.078783396533	4.259766666667929	trials	8239.228783396533	8240.043783396533	0.365	8240.365783396534	8240.820783396533	0	1	0	0	0	0	0	1	2	1	[-111   34]	13
8243.099383396533	4.330000000001746	trials	8243.904383396533	8244.835383396534	0.38	8245.171383396533	8245.826383396534	0	1	18	2	0	45	1	3	9	0	[114 -86]	13
8243.238516729867	4.049866666666276	trials	8244.047516729866	8244.962516729867	0.42	8245.350516729866	8245.745516729867	0	1	3	0	0	4	1	1	0	0	[-144  -52]	13
8247.232516729868	3.8347666666668374	trials	8248.069516729867	8248.617516729868	0.425	8248.999516729868	8249.524516729867	0	1	14	2	0	33	1	3	9	0	[141   6]	13
8247.8036500632	4.110033333334286	trials	8248.6496500632	8249.5146500632	0.345	8249.825650063201	8250.280650063201	0	1	36	2	0	99	1	3	9	0	[-115   77]	13
8248.154383396533	4.569999999999709	trials	8249.240383396533	8250.155383396534	0.395	8250.516383396533	8251.131383396534	0	1	25	2	0	57	1	3	8	0	[  8 102]	13
8252.458516729868	4.195699999998396	trials	8253.351516729868	8253.949516729868	0.44	8254.345516729869	8254.930516729868	0	1	12	1	0	26	1	1	9	0	[-136  -23]	13
8253.407516729867	4.5200333333341405	trials	8254.556516729866	8255.554516729868	0.41	8255.919516729868	8256.419516729868	0	1	0	12	0	0	0	3	5	1	[123   9]	13
8256.659483396534	3.8645666666670877	trials	8257.794483396534	8258.325483396533	0.37	8258.666483396533	8259.061483396534	0	1	21	0	1	52	1	1	0	0	[-134  -83]	13
8257.483650063201	3.930000000000291	trials	8258.487650063202	8258.985650063201	0.395	8259.350650063201	8259.7856500632	0	1	38	2	0	105	1	3	9	0	[105 -83]	13
8258.817283396535	4.265033333333122	trials	8259.891283396535	8260.789283396534	0.3	8261.059283396535	8261.509283396534	0	1	31	2	0	84	1	3	9	0	[-121   68]	13
8261.4092500632	4.3298666666669305	trials	8262.3302500632	8262.861250063199	0.355	8263.976250063199	8264.3062500632	0	1	9	0	0	0	0	1	9	0	[ -9 110]	13
8263.503883396534	4.159733333333861	trials	8264.557883396534	8265.155883396534	0.47	8265.585883396534	8266.050883396534	0	1	7	2	0	15	1	3	8	0	[136  87]	13
8265.462516729867	4.384733333334225	trials	8266.411516729868	8267.259516729868	0.385	8267.609516729868	8268.334516729867	0	1	25	2	0	57	1	3	8	0	[  8 102]	13
8268.139250063201	4.05483333333359	trials	8269.2002500632	8269.997250063201	0.37	8270.336250063201	8270.746250063201	0	1	11	0	0	22	1	1	0	0	[121 -76]	13
8270.5971500632	4.295000000000073	trials	8271.6471500632	8272.5281500632	0.335	8272.8341500632	8273.3391500632	0	1	18	1	0	44	1	1	9	0	[114 -86]	13
8270.5987500632	3.0296333333335497	trials	8271.6607500632	8272.1757500632	0.375	8272.5157500632		0	0	8	0	0	16	0	1	0	0	[-115 -100]	13
8274.6038500632	3.809766666667201	trials	8275.5298500632	8275.9278500632	0.455	8276.3458500632	8276.8708500632	0	1	7	2	0	15	1	3	8	0	[136  87]	13
8275.509616729867	4.10473333333357	trials	8276.486616729868	8276.968616729868	0.445	8277.371616729866	8277.971616729867	0	1	3	2	0	6	1	3	7	0	[-144  -52]	13
8276.9073500632	3.799766666666983	trials	8277.8503500632	8278.5153500632	0.305	8278.7893500632	8279.2543500632	0	1	2	1	0	2	1	1	7	0	[114  91]	13
8280.2442500632	3.919966666666369	trials	8281.1552500632	8281.6362500632	0.46	8282.0662500632	8282.596250063201	0	1	19	1	0	47	1	1	9	0	[139  -7]	13
8281.6622500632	3.8700333333326853	trials	8282.4192500632	8283.300250063201	0.325	8283.5942500632	8283.9492500632	0	1	36	2	0	99	1	3	9	0	[-115   77]	13
8281.943716729867	3.6146333333326766	trials	8282.782716729867	8283.330716729868	0.375	8283.670716729868	8284.080716729868	0	1	18	0	0	43	1	1	0	0	[114 -86]	13
8284.929216729866	3.8300000000017462	trials	8285.774216729866	8286.289216729867	0.475	8286.731216729866	8287.236216729867	0	1	4	1	0	8	1	1	7	0	[125 -18]	13
8286.473483396534	4.380000000001019	trials	8287.585483396533	8288.283483396533	0.51	8288.755483396533	8289.250483396534	0	1	18	1	0	44	1	1	9	0	[114 -86]	13
8287.192383396534	3.9045999999998457	trials	8288.255383396534	8289.003383396534	0.395	8289.354383396534	8289.724383396533	0	1	14	0	0	31	1	1	0	0	[141   6]	13
8289.549216729867	3.2998666666662757	trials	8290.526216729868	8290.657216729867	0.375	8291.001216729866	8291.401216729868	0	1	34	0	0	91	1	1	0	0	[122 -81]	13
8291.693616729866	4.879866666668022	trials	8292.570616729867	8293.468616729866	0.37	8294.595616729866	8295.070616729867	0	1	5	2	0	0	0	3	8	0	[-115 -100]	13
8294.899583396535	4.369599999999991	trials	8295.729583396535	8296.410583396535	0.365	8297.441583396534	8297.786583396535	0	1	9	2	0	0	0	3	9	0	[ -9 110]	13
8298.8024500632	3.9048000000002503	trials	8299.7774500632	8300.3424500632	0.38	8300.6894500632	8301.1844500632	0	1	11	2	0	24	1	3	9	0	[121 -76]	13
8302.088716729868	4.234633333333477	trials	8303.209716729867	8304.157716729867	0.35	8304.475716729869	8304.885716729868	0	1	36	0	0	97	1	1	0	0	[-115   77]	13
8302.3494500632	3.4395999999997002	trials	8303.182450063201	8303.630450063201	0.38	8303.9714500632	8304.3464500632	0	1	22	0	0	73	1	1	0	0	[126  82]	13
8303.692116729868	4.089833333333445	trials	8304.780116729868	8305.695116729868	0.395	8306.049116729868	8306.409116729868	0	1	20	0	0	49	1	1	0	0	[-132   83]	13
8306.579316729867	3.9750333333340677	trials	8307.551316729867	8308.066316729866	0.39	8308.426316729867	8308.926316729867	0	1	31	2	0	84	1	3	9	0	[-121   68]	13
8306.8484500632	4.659900000000562	trials	8307.628450063201	8308.3094500632	0.385	8309.7204500632	8310.0804500632	0	1	1	0	0	0	0	1	7	0	[114  91]	13
8311.694316729867	4.030000000000655	trials	8312.454316729867	8313.235316729866	0.42	8313.621316729867	8314.121316729867	0	1	24	2	0	81	1	3	7	0	[ 95 -89]	13
8312.148483396533	3.64486666666744	trials	8313.030483396533	8313.478483396533	0.465	8313.910483396534	8314.325483396533	0	1	35	0	0	94	1	1	0	0	[123   9]	13
8313.727083396534	3.6850333333331946	trials	8314.718083396534	8314.882083396535	0.39	8315.239083396535	8315.859083396534	0	1	20	1	0	50	1	1	9	0	[-132   83]	13
8316.363583396535	4.085033333332831	trials	8317.282583396534	8317.930583396534	0.405	8318.290583396534	8318.825583396534	0	1	10	2	0	21	1	3	9	0	[ -9 110]	13
8316.609183396533	4.8998666666666395	trials	8317.523183396534	8318.237183396534	0.35	8319.646183396533	8320.046183396533	0	1	9	1	0	0	0	1	9	0	[121 -76]	13
8319.992316729868	4.025499999999738	trials	8320.771316729868	8321.519316729868	0.375	8321.864316729867	8322.379316729868	0	1	33	1	0	89	1	1	9	0	[134 -46]	13
8322.419216729868	2.7348999999994703	trials	8323.276216729868	8323.924216729867	0.345	8324.236216729867		0	0	12	0	0	25	0	1	0	0	[-136  -23]	13
8324.812083396533	3.845000000001164	trials	8325.590083396533	8326.338083396533	0.365	8326.664083396534	8327.194083396533	0	1	10	1	1	20	1	1	9	0	[ -9 110]	13
8326.759316729867	3.890033333333122	trials	8327.561316729867	8328.226316729868	0.395	8328.591316729868	8329.021316729868	0	1	38	2	0	105	1	3	9	0	[105 -83]	13
8331.494316729868	4.340733333332537	trials	8332.613316729869	8333.145316729868	0.41	8333.511316729868	8334.041316729868	0	1	21	2	0	54	1	3	9	0	[-134  -83]	13
8331.557316729868	3.794799999999668	trials	8332.593316729868	8333.041316729868	0.375	8333.384316729867	8333.824316729868	0	1	31	1	0	83	1	1	9	0	[-121   68]	13
8336.147083396534	4.009866666667222	trials	8337.162083396533	8338.027083396533	0.39	8338.374083396535	8338.789083396534	0	1	18	0	0	43	1	1	0	0	[114 -86]	13
8336.5143500632	4.665600000000268	trials	8337.6493500632	8338.4813500632	0.435	8338.8813500632	8339.4163500632	0	1	8	2	0	18	1	3	8	0	[-115 -100]	13
8341.2934500632	4.044833333333372	trials	8342.3114500632	8343.2424500632	0.375	8343.5754500632	8343.8754500632	0	1	10	0	0	19	1	1	0	0	[ -9 110]	13
8341.974183396534	3.640033333333122	trials	8342.835183396535	8343.300183396534	0.375	8343.641183396534	8344.076183396535	0	1	37	1	0	101	1	1	9	0	[119  80]	13
8346.088550063201	3.640033333333122	trials	8347.097550063201	8347.161550063202	0.37	8347.500550063201	8348.105550063201	0	1	3	2	0	6	1	3	7	0	[-144  -52]	13
8347.769416729867	4.244599999999991	trials	8348.905416729867	8349.769416729867	0.385	8350.111416729867	8350.556416729867	0	1	8	0	0	16	1	1	0	0	[-115 -100]	13
8350.478450063201	3.3099666666657868	trials	8351.365450063202	8351.380450063201	0.43	8351.7604500632	8352.235450063201	0	1	24	1	0	80	1	1	7	0	[ 95 -89]	13
8354.044416729866	4.495200000001205	trials	8355.174416729866	8356.022416729866	0.38	8356.361416729866	8356.901416729866	0	1	8	1	0	17	1	1	8	0	[-115 -100]	13
8355.713683396534	4.044599999999264	trials	8356.618683396535	8357.549683396534	0.385	8357.900683396534	8358.310683396534	0	1	11	0	0	22	1	1	0	0	[121 -76]	13
8360.5284500632	3.6198333333340997	trials	8361.4044500632	8361.8854500632	0.425	8362.2754500632	8362.710450063201	0	1	21	0	0	52	1	1	0	0	[-134  -83]	13
8364.9885500632	4.430033333333995	trials	8365.9395500632	8366.9045500632	0.395	8367.2555500632	8367.820550063201	0	1	29	2	0	69	1	3	9	0	[-114   11]	13
8365.794516729868	3.8997666666655277	trials	8366.580516729868	8367.261516729868	0.4	8367.631516729867	8368.136516729868	0	1	2	2	0	3	1	3	7	0	[114  91]	13
8370.158583396535	4.03996666666535	trials	8371.075583396534	8371.573583396535	0.415	8371.955583396535	8372.575583396534	0	1	35	2	0	96	1	3	9	0	[123   9]	13
8370.594183396533	4.114833333333081	trials	8371.649183396534	8372.480183396534	0.37	8372.821183396534	8373.251183396533	0	1	34	0	0	91	1	1	0	0	[122 -81]	13
8374.952183396534	3.9557000000004336	trials	8376.098183396534	8376.362183396534	0.395	8376.719183396533	8377.124183396534	0	1	16	2	0	39	1	3	9	0	[-108   82]	13
8377.809383396534	4.824633333333622	trials	8378.902383396535	8379.450383396534	0.45	8380.816383396534	8381.181383396533	0	1	5	1	0	0	0	1	8	0	[-13 111]	13
8379.917183396534	4.125700000000506	trials	8380.867183396535	8381.414183396533	0.405	8381.789183396533	8382.269183396535	0	1	30	2	0	72	1	3	9	0	[-106  -80]	13
8383.319316729867	3.780000000000655	trials	8384.172316729866	8384.536316729867	0.405	8384.906316729866	8385.476316729866	0	1	29	2	0	69	1	3	9	0	[-114   11]	13
8383.403650063201	3.9496333333336224	trials	8384.3656500632	8385.0966500632	0.405	8385.460650063202	8385.915650063202	0	1	38	0	0	103	1	1	0	0	[105 -83]	13
8386.357283396534	4.834600000000137	trials	8387.386283396534	8388.234283396534	0.33	8389.399283396533	8389.719283396533	0	1	5	1	0	0	0	1	8	0	[-13 111]	13
8388.173416729867	3.5098333333335177	trials	8389.000416729867	8389.481416729868	0.39	8389.840416729867	8390.225416729867	0	1	20	0	0	49	1	1	0	0	[-132   83]	13
8390.459383396534	4.529599999999846	trials	8391.425383396534	8391.890383396534	0.36	8393.126383396533	8393.546383396533	0	1	5	0	0	0	0	1	8	0	[136  87]	13
8391.752050063202	3.8598333333320625	trials	8392.622050063203	8393.554050063201	0.365	8393.884050063201	8394.174050063202	0	1	23	0	0	76	1	1	0	0	[-4 93]	13
8392.208516729868	4.269999999998618	trials	8392.986516729869	8393.950516729868	0.355	8394.260516729868	8394.860516729868	0	1	3	2	0	6	1	3	7	0	[-144  -52]	13
8395.894283396534	4.110000000000582	trials	8396.828283396533	8397.476283396534	0.415	8397.861283396534	8398.386283396534	0	1	10	2	0	21	1	3	9	0	[ -9 110]	13
8397.143416729867	3.90060000000085	trials	8397.905416729867	8398.536416729867	0.36	8398.855416729866	8399.365416729866	0	1	8	1	0	17	1	1	8	0	[-115 -100]	13
8400.889283396535	4.385566666665909	trials	8401.997283396535	8402.495283396534	0.505	8402.966283396534	8403.531283396534	0	1	26	2	0	60	1	3	8	0	[-115   70]	13
8401.8471500632	4.5	trials	8402.877150063201	8403.6251500632	0.39	8403.9741500632	8404.7191500632	0	1	18	2	0	45	1	3	9	0	[114 -86]	13
8406.0436500632	4.419599999999264	trials	8406.8096500632	8407.4076500632	0.435	8408.690650063201	8409.0056500632	0	1	9	1	0	0	0	1	9	0	[ -9 110]	13
8408.419416729866	4.179700000000594	trials	8409.351416729867	8410.048416729867	0.4	8410.411416729867	8411.036416729867	0	1	3	1	0	5	1	1	7	0	[-144  -52]	13
8413.4092500632	4.989800000001196	trials	8414.5362500632	8415.2342500632	0.385	8416.5012500632	8416.8862500632	0	1	1	2	0	0	0	3	7	0	[-144  -52]	13
8418.343383396534	3.574866666667731	trials	8419.248383396534	8419.846383396534	0.385	8420.190383396533	8420.460383396534	0	1	23	0	0	76	1	1	0	0	[-4 93]	13
8419.0691500632	3.5948333333344635	trials	8419.8221500632	8420.4871500632	0.375	8420.8211500632	8421.2011500632	0	1	26	0	0	58	1	1	0	0	[-115   70]	13
8422.543383396534	4.934866666666494	trials	8423.350383396535	8424.315383396535	0.35	8425.665383396534	8426.035383396535	0	1	9	0	0	0	0	1	9	0	[-136  -23]	13
8423.459116729868	3.5798666666669305	trials	8424.391116729868	8424.789116729868	0.415	8425.166116729868	8425.576116729868	0	1	26	0	0	58	1	1	0	0	[-115   70]	13
8427.619150063201	3.1198666666659847	trials	8428.576150063202	8428.591150063201	0.355	8428.9111500632	8429.291150063202	0	1	2	0	0	1	1	1	0	0	[114  91]	13
8428.228383396534	4.139999999999418	trials	8429.370383396534	8429.851383396533	0.4	8430.210383396534	8430.705383396535	0	1	21	1	0	53	1	1	9	0	[-134  -83]	13
8432.507383396534	5.029599999999846	trials	8433.642383396535	8434.557383396534	0.355	8435.604383396534	8436.014383396534	0	1	5	2	0	0	0	3	8	0	[-115 -100]	13
8432.809383396534	4.089599999999336	trials	8433.912383396533	8434.644383396533	0.385	8434.996383396534	8435.436383396534	0	1	37	0	0	100	1	1	0	0	[119  80]	13
8432.873750063201	4.494766666666692	trials	8433.939750063202	8434.553750063202	0.525	8435.0407500632	8435.710750063201	0	1	20	2	0	51	1	3	9	0	[-132   83]	13
8437.8942500632	3.6599999999998545	trials	8438.6652500632	8439.1632500632	0.39	8439.5112500632	8439.9312500632	0	1	37	2	0	102	1	3	9	0	[119  80]	13
8438.233383396535	3.83986666666533	trials	8439.108383396535	8439.906383396536	0.38	8440.245383396536	8440.610383396535	0	1	28	0	0	64	1	1	0	0	[110  79]	13
8438.992350063201	3.6797999999998865	trials	8439.745350063202	8440.2763500632	0.445	8440.679350063201	8441.119350063202	0	1	7	2	0	15	1	3	8	0	[136  87]	13
8442.4292500632	4.5798666666669305	trials	8443.2842500632	8443.9822500632	0.38	8445.0912500632	8445.5112500632	0	1	5	2	0	0	0	3	8	0	[-115 -100]	13
8442.878350063202	4.11489999999867	trials	8443.960350063202	8444.808350063202	0.36	8445.135350063201	8445.545350063201	0	1	3	0	0	4	1	1	0	0	[-144  -52]	13
8443.422116729867	4.345699999999852	trials	8444.281116729868	8444.945116729867	0.43	8445.339116729867	8446.074116729867	0	1	33	2	0	90	1	3	9	0	[134 -46]	13
8447.568483396533	4.160633333334772	trials	8448.479483396533	8449.044483396534	0.425	8449.435483396534	8449.975483396533	0	1	8	2	0	18	1	3	8	0	[-115 -100]	13
8447.884250063202	4.2149999999983265	trials	8448.8532500632	8449.568250063201	0.485	8450.021250063202	8450.511250063202	0	1	11	2	0	24	1	3	9	0	[121 -76]	13
8448.496983396533	3.650000000001455	trials	8449.282983396533	8449.830983396534	0.385	8450.178983396534	8450.603983396533	0	1	35	1	0	95	1	1	9	0	[123   9]	13
8452.418483396534	4.559866666666494	trials	8453.215483396534	8454.029483396534	0.33	8455.150483396534	8455.485483396533	0	1	9	2	0	0	0	3	9	0	[ -9 110]	13
8453.041983396533	4.02503333333334	trials	8454.134983396534	8454.732983396534	0.38	8455.078983396534	8455.558983396533	0	1	19	1	0	47	1	1	9	0	[139  -7]	13
8455.189383396533	3.4746000000013737	trials	8455.990383396533	8456.538383396533	0.42	8456.921383396533	8457.236383396534	0	1	25	0	0	55	1	1	0	0	[  8 102]	13
8457.518383396535	4.134833333333518	trials	8458.584383396535	8459.399383396534	0.4	8459.770383396535	8460.205383396535	0	1	4	0	0	7	1	1	0	0	[125 -18]	13
8458.031983396533	4.049866666668095	trials	8459.053983396534	8460.018983396532	0.375	8460.348983396532	8460.703983396534	0	1	3	0	0	4	1	1	0	0	[-144  -52]	13
8459.474116729867	3.9998333333332994	trials	8460.559116729866	8461.257116729867	0.36	8461.581116729867	8462.011116729867	0	1	29	0	0	67	1	1	0	0	[-114   11]	13
8462.3183500632	4.040000000000873	trials	8463.2533500632	8463.9343500632	0.39	8464.2903500632	8464.8253500632	0	1	24	1	0	80	1	1	7	0	[ 95 -89]	13
8463.192116729868	4.404866666665839	trials	8464.040116729868	8464.571116729869	0.32	8465.859116729867	8466.164116729868	0	1	9	2	0	0	0	3	9	0	[ -9 110]	13
8464.299116729868	3.599833333333663	trials	8465.244116729868	8465.709116729868	0.36	8466.041116729868	8466.421116729867	0	1	4	0	0	7	1	1	0	0	[125 -18]	13
8467.228483396535	4.294999999998254	trials	8468.255483396535	8468.987483396535	0.43	8469.385483396534	8469.920483396534	0	1	18	2	0	45	1	3	9	0	[114 -86]	13
8469.187350063201	3.659766666665746	trials	8470.143350063201	8470.3913500632	0.42	8470.7743500632	8471.259350063201	0	1	13	2	0	30	1	3	9	0	[-117   88]	13
8475.842216729867	4.549766666666983	trials	8476.946216729866	8477.744216729867	0.47	8478.174216729867	8478.709216729867	0	1	39	1	0	107	1	1	9	0	[-90 -82]	13
8476.428583396533	4.019766666668147	trials	8477.210583396532	8478.108583396534	0.43	8478.500583396533	8478.890583396533	0	1	28	1	0	65	1	1	9	0	[110  79]	13
8481.111983396535	3.9699666666656412	trials	8481.998983396536	8482.646983396535	0.37	8482.978983396535	8483.523983396535	0	1	6	1	0	11	1	1	8	0	[-13 111]	13
8483.878583396534	3.7554999999993015	trials	8484.997583396535	8484.994583396534	0.455	8485.410583396533	8485.900583396535	0	1	30	1	0	71	1	1	9	0	[-106  -80]	13
8484.579316729867	3.6596333333345683	trials	8485.504316729866	8486.018316729867	0.405	8486.391316729867	8486.791316729867	0	1	38	0	0	103	1	1	0	0	[105 -83]	13
8485.871983396533	3.6648333333341725	trials	8486.650983396534	8487.315983396533	0.37	8487.653983396533	8488.083983396533	0	1	12	0	0	25	1	1	0	0	[-136  -23]	13
8488.483350063201	4.119899999999689	trials	8489.532350063202	8490.197350063201	0.455	8490.6153500632	8491.0953500632	0	1	0	11	0	0	0	1	4	1	[141   6]	13
8489.109083396534	4.365033333333486	trials	8490.073083396534	8491.038083396534	0.395	8491.401083396533	8491.931083396534	0	1	10	1	0	20	1	1	9	0	[ -9 110]	13
8490.2969500632	3.6398666666664212	trials	8491.236950063201	8491.7509500632	0.38	8492.093950063201	8492.503950063201	0	1	38	0	0	103	1	1	0	0	[105 -83]	13
8495.603583396534	3.889600000000428	trials	8496.736583396534	8497.250583396535	0.36	8497.570583396535	8498.040583396534	0	1	8	0	0	16	1	1	0	0	[-115 -100]	13
8500.009216729868	4.354999999999563	trials	8500.845216729867	8501.776216729868	0.4	8502.136216729868	8502.741216729868	0	1	29	2	0	69	1	3	9	0	[-114   11]	13
8500.3183500632	4.614833333333081	trials	8501.2213500632	8501.9193500632	0.405	8503.0753500632	8503.4603500632	0	1	1	1	0	0	0	1	7	0	[114  91]	13
8502.607083396535	4.019999999998618	trials	8503.693083396534	8504.224083396535	0.395	8504.574083396536	8504.999083396535	0	1	28	2	0	66	1	3	9	0	[110  79]	13
8505.8333500632	4.004833333334318	trials	8506.8243500632	8507.588350063199	0.43	8507.9803500632	8508.400350063199	0	1	34	0	0	91	1	1	0	0	[122 -81]	13
8507.489316729867	4.179600000001301	trials	8508.448316729868	8509.446316729867	0.455	8509.861316729866	8510.236316729866	0	1	14	0	0	31	1	1	0	0	[141   6]	13
8509.487183396534	4.874633333332895	trials	8510.429183396533	8511.227183396533	0.375	8512.499183396534	8512.899183396534	0	1	9	0	0	0	0	1	9	0	[-136  -23]	13
8510.853416729868	4.049999999999272	trials	8511.876416729867	8512.457416729867	0.43	8512.855416729868	8513.335416729868	0	1	2	2	0	3	1	3	7	0	[114  91]	13
8512.634216729868	4.2150000000001455	trials	8513.784216729868	8514.399216729867	0.41	8514.766216729868	8515.251216729868	0	1	28	2	0	66	1	3	9	0	[110  79]	13
8514.986950063201	4.924833333332572	trials	8516.0989500632	8516.7959500632	0.315	8518.033950063202	8518.4389500632	0	1	9	1	0	0	0	1	9	0	[121 -76]	13
8517.9135500632	3.7996333333339862	trials	8518.6805500632	8519.4945500632	0.415	8519.8655500632	8520.2605500632	0	1	28	0	0	64	1	1	0	0	[110  79]	13
8522.403316729868	3.464866666667149	trials	8523.265316729867	8523.696316729867	0.365	8524.020316729868	8524.415316729868	0	1	32	0	0	85	1	1	0	0	[-117  -86]	13
8524.669316729867	3.899600000000646	trials	8525.723316729867	8526.455316729867	0.415	8526.831316729867	8527.126316729868	0	1	23	0	0	76	1	1	0	0	[-4 93]	13
8526.678350063201	2.8197999999993044	trials	8527.6673500632	8528.2483500632	0.41	8528.6203500632		0	0	29	0	0	67	0	1	0	0	[-114   11]	13
8529.4790500632	3.8848666666672216	trials	8530.392050063201	8531.1740500632	0.405	8531.536050063201	8531.9210500632	0	1	32	0	0	85	1	1	0	0	[-117  -86]	13
8534.319183396534	4.735033333332467	trials	8535.228183396533	8536.226183396533	0.595	8536.781183396533	8537.356183396534	0	1	39	2	0	108	1	3	9	0	[-90 -82]	13
8539.919050063201	3.9948333333322807	trials	8540.931050063202	8541.662050063202	0.41	8542.0310500632	8542.476050063202	0	1	30	0	0	70	1	1	0	0	[-106  -80]	13
8544.704050063201	4.20986666666613	trials	8545.833050063202	8546.681050063202	0.41	8547.061050063201	8547.456050063201	0	1	24	0	0	79	1	1	0	0	[ 95 -89]	13
8549.8440500632	3.7898333333341725	trials	8550.7690500632	8551.4330500632	0.42	8551.8160500632	8552.1910500632	0	1	20	0	0	49	1	1	0	0	[-132   83]	13
8554.1840500632	4.175699999999779	trials	8555.204050063201	8555.7350500632	0.43	8556.1260500632	8556.641050063201	0	1	34	1	0	92	1	1	9	0	[122 -81]	13
8559.1591500632	4.115033333333486	trials	8560.1571500632	8560.805150063201	0.405	8561.171150063201	8561.7011500632	0	1	35	2	0	96	1	3	9	0	[123   9]	13
8560.053516729868	4.365433333332476	trials	8561.033516729867	8561.681516729868	0.45	8562.090516729868	8562.695516729867	0	1	20	1	0	50	1	1	9	0	[-132   83]	13
8565.178283396534	3.959866666667949	trials	8566.086283396533	8566.867283396534	0.4	8567.230283396533	8567.650283396533	0	1	39	0	0	106	1	1	0	0	[-90 -82]	13
8566.6292500632	4.3047999999998865	trials	8567.560250063201	8568.292250063201	0.39	8568.6462500632	8569.3312500632	0	1	13	1	0	29	1	1	9	0	[-117   88]	13
8571.188550063202	3.7897333333330607	trials	8572.189550063202	8572.486550063202	0.385	8572.835550063202	8573.435550063201	0	1	14	1	0	32	1	1	9	0	[141   6]	13
8575.893383396535	4.224999999998545	trials	8576.908383396534	8577.506383396534	0.42	8577.890383396534	8578.485383396535	0	1	3	2	0	6	1	3	7	0	[-144  -52]	13
8577.804016729868	3.6898666666656936	trials	8578.716016729868	8579.230016729867	0.39	8579.591016729868	8580.026016729867	0	1	31	0	0	82	1	1	0	0	[-121   68]	13
8578.776883396535	3.835033333332831	trials	8579.612883396534	8580.259883396535	0.395	8580.618883396535	8581.048883396536	0	1	37	1	0	101	1	1	9	0	[119  80]	13
8580.908283396533	4.305000000000291	trials	8581.943283396533	8582.858283396534	0.37	8583.190283396532	8583.650283396533	0	1	28	1	0	65	1	1	9	0	[110  79]	13
8582.3090500632	4.024966666665932	trials	8583.2180500632	8583.882050063201	0.41	8584.2610500632	8584.8060500632	0	1	6	1	0	11	1	1	8	0	[-13 111]	13
8583.5171500632	4.2497666666658915	trials	8584.6151500632	8585.3461500632	0.355	8585.6691500632	8586.1691500632	0	1	29	1	0	68	1	1	9	0	[-114   11]	13
8586.0282500632	4.140033333334941	trials	8586.8962500632	8587.6942500632	0.38	8588.0402500632	8588.5702500632	0	1	14	1	0	32	1	1	9	0	[141   6]	13
8586.959150063201	4.349999999998545	trials	8587.9201500632	8588.7511500632	0.44	8589.156150063201	8589.726150063201	0	1	17	2	0	42	0	3	9	0	[117  86]	13
8591.0433500632	3.905000000000655	trials	8591.948350063201	8592.4793500632	0.405	8592.8453500632	8593.375350063201	0	1	2	2	0	3	1	3	7	0	[114  91]	13
8593.5492500632	3.8946333333333314	trials	8594.373250063201	8595.255250063201	0.365	8595.5762500632	8595.9762500632	0	1	3	0	0	4	1	1	0	0	[-144  -52]	13
8595.2872500632	4.6846333333342045	trials	8596.1872500632	8596.818250063201	0.34	8598.0742500632	8598.4492500632	0	1	1	2	0	0	0	3	7	0	[-144  -52]	13
8595.8132500632	2.8998333333347546	trials	8596.5672500632	8596.6482500632	0.355	8596.9702500632	8597.2652500632	0	1	10	0	0	19	1	1	0	0	[ -9 110]	13
8598.589016729868	4.135033333332103	trials	8599.609016729868	8600.307016729868	0.47	8600.736016729868	8601.216016729868	0	1	0	0	0	0	0	1	2	1	[-70 -68]	13
8599.508250063202	3.5948666666663485	trials	8600.653250063202	8600.917250063201	0.415	8601.300250063201	8601.685250063201	0	1	2	0	0	1	1	1	0	0	[114  91]	13
8600.766883396534	3.659866666666858	trials	8601.589883396535	8602.237883396534	0.365	8602.573883396535	8602.968883396534	0	1	29	0	0	67	1	1	0	0	[-114   11]	13
8603.729016729867	3.6749999999992724	trials	8604.828016729867	8604.893016729868	0.425	8605.286016729868	8605.826016729867	0	1	14	1	0	32	1	1	9	0	[141   6]	13
8604.983616729867	4.0745999999999185	trials	8605.922616729868	8606.069616729867	0.335	8607.270616729867	8607.540616729868	0	1	9	2	0	0	0	3	9	0	[ -9 110]	13
8605.196883396533	4.134833333333518	trials	8606.341883396533	8607.306883396534	0.28	8607.558883396532	8607.868883396533	0	1	6	0	0	10	1	1	0	0	[-13 111]	13
8608.494016729866	4.075000000000728	trials	8609.264016729867	8610.112016729867	0.41	8610.481016729866	8611.006016729867	0	1	38	1	0	104	1	1	9	0	[105 -83]	13
8610.1868500632	3.864866666666785	trials	8611.0608500632	8611.8918500632	0.43	8612.278850063201	8612.608850063201	0	1	10	0	0	19	1	1	0	0	[ -9 110]	13
8612.093483396533	3.6097333333345887	trials	8612.858483396532	8613.406483396533	0.385	8613.750483396532	8614.200483396533	0	1	2	1	0	2	1	1	7	0	[114  91]	13
8613.599016729868	4.35570000000007	trials	8614.666016729867	8615.231016729867	0.475	8615.666016729867	8616.191016729868	0	1	12	1	0	26	1	1	9	0	[-136  -23]	13
8618.548483396535	4.574733333332915	trials	8619.678483396534	8620.593483396535	0.405	8620.955483396534	8621.550483396535	0	1	3	1	0	5	1	1	7	0	[-144  -52]	13
8618.949016729868	4.229833333332863	trials	8619.785016729867	8620.250016729868	0.345	8621.286016729868	8621.681016729868	0	1	1	1	0	0	0	1	7	0	[-144  -52]	13
8621.3968500632	3.38986666666824	trials	8622.4998500632	8622.5478500632	0.335	8622.838850063199	8623.3088500632	0	1	30	0	0	70	1	1	0	0	[-106  -80]	13
8623.7633500632	3.890000000001237	trials	8624.6813500632	8625.2793500632	0.4	8625.6453500632	8626.0553500632	0	1	28	2	0	66	1	3	9	0	[110  79]	13
8625.476983396533	4.325700000001234	trials	8626.267983396532	8627.132983396534	0.4	8627.503983396533	8628.018983396532	0	1	34	2	0	93	1	3	9	0	[122 -81]	13
8626.484350063201	4.479666666666162	trials	8627.439350063201	8628.404350063201	0.46	8628.831350063201	8629.441350063202	0	1	0	12	0	0	0	3	3	1	[125 -18]	13
8628.628316729868	4.27503333333334	trials	8629.683316729868	8630.414316729868	0.375	8630.750316729867	8631.275316729869	0	1	29	2	0	69	1	3	9	0	[-114   11]	13
8630.4818500632	4.084833333332426	trials	8631.387850063202	8632.351850063202	0.375	8632.698850063201	8633.0888500632	0	1	30	0	0	70	1	1	0	0	[-106  -80]	13
8633.473216729868	4.210033333332831	trials	8634.502216729868	8635.300216729867	0.35	8635.620216729869	8636.100216729868	0	1	29	1	0	68	1	1	9	0	[-114   11]	13
8635.049216729867	3.665500000000975	trials	8636.027216729866	8636.024216729867	0.49	8636.471216729868	8636.971216729868	0	1	34	1	0	92	1	1	9	0	[122 -81]	13
8635.4269500632	4.140000000001237	trials	8636.3729500632	8637.0709500632	0.405	8637.4439500632	8637.9489500632	0	1	3	2	0	6	1	3	7	0	[-144  -52]	13
8638.543216729868	3.714833333333445	trials	8639.321216729868	8640.119216729867	0.36	8640.445216729868	8640.785216729868	0	1	2	0	0	1	1	1	0	0	[114  91]	13
8639.573983396534	2.9948666666659847	trials	8640.328983396534	8641.242983396534	0.48	8641.690983396535		0	0	16	0	0	37	0	1	0	0	[-108   82]	13
8640.506983396534	3.8299999999999272	trials	8641.391983396534	8641.856983396534	0.4	8642.213983396534	8642.693983396533	0	1	16	2	0	39	1	3	9	0	[-108   82]	13
8644.967183396533	4.194800000001123	trials	8645.945183396532	8646.492183396533	0.44	8646.899183396534	8647.484183396533	0	1	20	2	0	51	1	3	9	0	[-132   83]	13
8650.0168500632	4.189833333333809	trials	8651.1468500632	8651.9948500632	0.39	8652.3538500632	8652.7738500632	0	1	39	0	0	106	1	1	0	0	[-90 -82]	13
8650.899116729866	4.09496666666746	trials	8651.918116729867	8652.249116729867	0.5	8652.716116729865	8653.331116729867	0	1	3	2	0	6	1	3	7	0	[-144  -52]	13
8652.388216729867	3.589866666667149	trials	8653.245216729867	8653.692216729867	0.415	8654.075216729867	8654.520216729867	0	1	29	0	0	67	1	1	0	0	[-114   11]	13
8655.166816729867	3.6498666666666395	trials	8656.265816729867	8656.730816729867	0.39	8657.083816729866	8657.363816729867	0	1	25	0	0	55	1	1	0	0	[  8 102]	13
8655.988983396534	3.5948666666681675	trials	8656.819983396534	8657.434983396533	0.38	8657.770983396533	8658.140983396534	0	1	21	0	0	52	1	1	0	0	[-134  -83]	13
8656.533316729867	4.135000000000218	trials	8657.580316729867	8658.128316729866	0.39	8658.485316729866	8659.020316729866	0	1	21	2	0	54	1	3	9	0	[-134  -83]	13
8661.318216729867	3.9104333333325485	trials	8662.132216729868	8662.713216729868	0.41	8663.085216729867	8663.610216729867	0	1	4	1	1	8	1	1	7	0	[125 -18]	13
8661.677050063201	4.0596333333323855	trials	8662.786050063201	8663.617050063202	0.355	8663.9440500632	8664.284050063201	0	1	2	0	0	1	1	1	0	0	[114  91]	13
8661.859216729867	3.7854333333343675	trials	8663.006216729867	8663.954216729866	0.46	8664.386216729867		0	0	7	1	0	14	0	1	8	0	[136  87]	13
8666.123316729867	4.250533333333806	trials	8667.135316729868	8667.799316729866	0.42	8668.175316729867	8668.680316729868	0	1	4	2	1	9	1	3	7	0	[125 -18]	13
8666.761816729868	3.58486666666613	trials	8667.737816729868	8668.135816729868	0.425	8668.518816729867	8668.913816729868	0	1	8	0	1	16	1	1	0	0	[-115 -100]	13
8670.3539500632	4.154866666667658	trials	8671.376950063199	8672.3079500632	0.415	8672.6909500632	8673.0759500632	0	1	35	0	0	94	1	1	0	0	[123   9]	13
8671.051816729867	3.0899000000008527	trials	8672.156816729866	8672.704816729867	0.365	8673.028816729868		0	0	8	0	0	16	0	1	0	0	[-115 -100]	13
8671.548283396534	4.120733333333192	trials	8672.604283396535	8673.135283396534	0.445	8673.545283396534	8674.000283396534	0	1	30	2	0	72	1	3	9	0	[-106  -80]	13
8675.2170500632	3.7096333333338407	trials	8676.1260500632	8676.5900500632	0.445	8676.9940500632	8677.4540500632	0	1	4	0	0	7	1	1	0	0	[125 -18]	13
8675.488950063202	4.255699999999706	trials	8676.295950063202	8676.960950063201	0.455	8677.385950063202	8678.0209500632	0	1	12	1	0	26	1	1	9	0	[-136  -23]	13
8676.548316729868	5.0248666666666395	trials	8677.506316729869	8678.471316729869	0.355	8679.725316729868	8680.095316729869	0	1	1	2	0	0	0	3	7	0	[-144  -52]	13
8679.696850063201	3.729833333332863	trials	8680.4608500632	8681.2928500632	0.325	8681.5888500632	8681.948850063201	0	1	26	0	0	58	1	1	0	0	[-115   70]	13
8680.7889500632	4.170000000000073	trials	8681.648950063201	8682.5469500632	0.4	8682.905950063201	8683.4309500632	0	1	22	1	0	74	1	1	7	0	[126  82]	13
8682.213183396534	3.6898333333338087	trials	8683.059183396534	8683.824183396535	0.38	8684.165183396533	8684.505183396534	0	1	6	0	0	10	1	1	0	0	[-13 111]	13
8685.968950063201	3.7598666666672216	trials	8686.817950063201	8687.5989500632	0.385	8687.950950063201	8688.2709500632	0	1	10	0	0	19	1	1	0	0	[ -9 110]	13
8690.107050063201	4.214766666666037	trials	8691.116050063201	8692.031050063202	0.3	8692.289050063202	8692.7290500632	0	1	36	1	0	98	1	1	9	0	[-115   77]	13
8690.3389500632	4.104866666666567	trials	8691.4529500632	8692.2509500632	0.41	8692.6159500632	8693.0059500632	0	1	12	0	0	25	1	1	0	0	[-136  -23]	13
8692.108383396535	3.964766666666037	trials	8693.131383396534	8693.528383396535	0.43	8693.925383396534	8694.480383396534	0	1	13	1	0	29	1	1	9	0	[-117   88]	13
8696.179316729867	4.219766666667056	trials	8697.206316729867	8697.654316729868	0.52	8698.136316729868	8698.786316729867	0	1	6	2	0	12	1	3	8	0	[-13 111]	13
8696.788183396533	3.894833333333736	trials	8697.633183396532	8698.531183396533	0.345	8698.840183396533	8699.230183396532	0	1	34	0	0	91	1	1	0	0	[122 -81]	13
8703.798383396534	3.4297666666680016	trials	8704.619383396534	8704.734383396533	0.41	8705.105383396534	8705.675383396534	0	1	35	1	0	95	1	1	9	0	[123   9]	13
8703.874216729868	3.109566666666069	trials	8704.626216729868	8704.757216729868	0.365	8705.091216729868	8705.551216729868	0	1	30	0	0	70	1	1	0	0	[-106  -80]	13
8706.816783396534	5.109866666665766	trials	8707.957783396534	8708.688783396534	0.305	8710.023783396535	8710.463783396535	0	1	1	1	0	0	0	1	7	0	[-144  -52]	13
8707.9139500632	4.094999999999345	trials	8708.711950063202	8709.6099500632	0.39	8709.970950063202	8710.4759500632	0	1	28	1	0	65	1	1	9	0	[110  79]	13
8708.023183396534	4.505666666667821	trials	8709.172183396533	8709.920183396534	0.385	8710.270183396533	8710.780183396533	0	1	30	1	0	71	1	1	9	0	[-106  -80]	13
8712.511916729867	4.245533333332787	trials	8713.276916729867	8714.107916729867	0.445	8714.513916729868	8715.063916729867	0	1	4	2	0	9	1	3	7	0	[125 -18]	13
8713.423150063201	4.21559999999954	trials	8714.391150063202	8714.8391500632	0.555	8715.3651500632	8715.980150063202	0	1	26	1	0	59	0	1	8	0	[-115   70]	13
8717.441916729867	3.9400000000005093	trials	8718.495916729868	8718.843916729867	0.46	8719.263916729868	8719.763916729868	0	1	17	2	0	42	1	3	9	0	[117  86]	13
8727.381783396533	4.375	trials	8728.417783396533	8729.315783396532	0.38	8729.653783396534	8730.178783396534	0	1	29	1	0	68	1	1	9	0	[-114   11]	13
8732.501783396534	3.894833333333736	trials	8733.536783396534	8734.217783396534	0.415	8734.593783396534	8734.958783396534	0	1	16	0	0	37	1	1	0	0	[-108   82]	13
8734.273916729868	3.8448666666663485	trials	8735.357916729869	8735.821916729868	0.46	8736.245916729868	8736.665916729868	0	1	2	0	0	1	1	1	0	0	[114  91]	13
8735.523483396533	4.760466666666616	trials	8736.585483396533	8737.483483396532	0.44	8737.890483396533	8738.490483396534	0	1	30	2	0	72	1	3	9	0	[-106  -80]	13
8736.981783396534	3.6798333333335904	trials	8738.005783396533	8738.503783396534	0.37	8738.828783396533	8739.208783396534	0	1	35	0	0	94	1	1	0	0	[123   9]	13
8739.054050063201	4.390033333333122	trials	8740.160050063201	8740.842050063202	0.405	8741.2110500632	8741.7910500632	0	1	13	2	0	30	1	3	9	0	[-117   88]	13
8741.402116729867	3.9447666666674195	trials	8742.241116729867	8742.889116729866	0.4	8743.244116729868	8743.744116729868	0	1	10	2	0	21	1	3	9	0	[ -9 110]	13
8743.458483396535	4.304766666666183	trials	8744.555483396534	8745.187483396534	0.43	8745.580483396534	8746.260483396534	0	1	17	2	0	42	1	3	9	0	[117  86]	13
8744.114050063201	4.329966666666223	trials	8745.2290500632	8745.9610500632	0.435	8746.3610500632	8746.856050063201	0	1	22	2	0	75	1	3	7	0	[126  82]	13
8746.1267500632	4.240033333333486	trials	8747.076750063201	8747.8577500632	0.375	8748.1887500632	8748.7037500632	0	1	20	1	0	50	1	1	9	0	[-132   83]	13
8748.608116729867	3.7448666666659847	trials	8749.508116729867	8750.239116729867	0.395	8750.605116729866	8750.985116729868	0	1	20	0	0	49	1	1	0	0	[-132   83]	13
8749.204016729867	4.210066666666535	trials	8750.048016729867	8750.980016729867	0.39	8751.326016729867	8751.811016729867	0	1	36	2	0	99	1	3	9	0	[-115   77]	13
8753.183116729868	3.4398666666656936	trials	8754.010116729867	8754.474116729867	0.43	8754.860116729868	8755.260116729867	0	1	22	0	0	73	1	1	0	0	[126  82]	13
8754.343916729867	4.1049666666658595	trials	8755.133916729868	8755.981916729868	0.41	8756.360916729867	8756.935916729868	0	1	24	1	0	80	1	1	7	0	[ 95 -89]	13
8755.222116729867	4.144766666668147	trials	8756.265116729866	8756.862116729866	0.4	8757.219116729866	8757.709116729866	0	1	35	2	0	96	1	3	9	0	[123   9]	13
8760.4333500632	3.924766666666983	trials	8761.2133500632	8762.178350063201	0.38	8762.5253500632	8762.9203500632	0	1	0	1	0	0	0	1	2	1	[100 -51]	13
8761.3491500632	4.114766666665673	trials	8762.254150063201	8762.752150063201	0.45	8763.171150063201	8763.8361500632	0	1	20	1	0	50	1	1	9	0	[-132   83]	13
8765.363216729867	3.9200333333337767	trials	8766.399216729867	8766.897216729867	0.395	8767.260216729868	8767.735216729867	0	1	36	2	0	99	1	3	9	0	[-115   77]	13
8766.438916729867	3.7748666666666395	trials	8767.372916729866	8768.054916729867	0.405	8768.415916729868	8768.780916729867	0	1	17	0	0	40	1	1	0	0	[117  86]	13
8766.632083396535	4.184799999999086	trials	8767.587083396535	8767.651083396535	1.015	8768.629083396534	8769.199083396534	0	1	19	2	0	48	1	3	9	0	[139  -7]	13
8770.163116729867	3.034833333333154	trials	8771.068116729868	8771.066116729868	0.39	8771.425116729868	8771.815116729867	0	1	16	0	0	37	1	1	0	0	[-108   82]	13
8771.881750063201	3.8598333333338815	trials	8773.0227500632	8773.536750063202	0.36	8773.863750063201	8774.2637500632	0	1	21	0	0	52	1	1	0	0	[-134  -83]	13
8772.484316729868	4.134733333332406	trials	8773.610316729868	8774.108316729868	0.425	8774.491316729867	8775.041316729868	0	1	19	2	0	48	1	3	9	0	[139  -7]	13
8774.088216729868	4.585033333332831	trials	8775.187216729868	8776.118216729868	0.415	8776.495216729867	8777.110216729869	0	1	3	2	0	6	1	3	7	0	[-144  -52]	13
8778.4992500632	4.259766666667929	trials	8779.4462500632	8780.2112500632	0.49	8780.6712500632	8781.1512500632	0	1	16	2	0	39	1	3	9	0	[-108   82]	13
8782.0434500632	3.9998000000014144	trials	8782.8404500632	8783.5554500632	0.34	8783.8604500632	8784.4504500632	0	1	6	2	0	12	1	3	8	0	[-13 111]	13
8783.614016729867	4.255033333332904	trials	8784.382016729867	8785.213016729867	0.45	8785.631016729867	8786.221016729867	0	1	13	2	0	30	1	3	9	0	[-117   88]	13
8788.548450063201	4.274766666665528	trials	8789.5104500632	8790.2424500632	0.435	8790.640450063202	8791.195450063202	0	1	10	2	0	21	1	3	9	0	[ -9 110]	13
8788.643883396533	4.179866666667294	trials	8789.717883396534	8790.581883396533	0.41	8790.955883396533	8791.385883396533	0	1	19	0	0	46	1	1	0	0	[139  -7]	13
8793.749016729867	3.8400000000001455	trials	8794.637016729868	8795.084016729867	0.475	8795.521016729868	8795.981016729867	0	1	7	2	0	15	1	3	8	0	[136  87]	13
8793.803216729868	4.269999999998618	trials	8794.913216729869	8795.511216729868	0.395	8795.875216729868	8796.440216729869	0	1	10	2	0	21	1	3	9	0	[ -9 110]	13
8803.123416729868	4.059799999999086	trials	8803.901416729868	8804.599416729869	0.445	8805.010416729869	8805.560416729868	0	1	10	2	0	21	1	3	9	0	[ -9 110]	13
8804.2191500632	3.774600000000646	trials	8805.2581500632	8805.7401500632	0.45	8806.1511500632	8806.5611500632	0	1	7	0	0	13	1	1	0	0	[136  87]	13
8805.082083396534	4.299766666666983	trials	8805.905083396534	8806.653083396533	0.535	8807.144083396533	8807.679083396533	0	1	21	2	0	54	0	3	9	0	[-134  -83]	13
8809.003983396535	4.130733333331591	trials	8809.943983396535	8810.357983396534	0.48	8810.800983396535	8811.335983396535	0	1	30	2	0	72	1	3	9	0	[-106  -80]	13
8810.011716729867	3.7598333333335177	trials	8811.007716729866	8811.521716729867	0.385	8811.873716729866	8812.303716729866	0	1	19	0	0	46	1	1	0	0	[139  -7]	13
8813.063183396534	4.500733333332391	trials	8814.056183396535	8814.703183396534	0.455	8815.125183396534	8815.765183396534	0	1	15	2	0	36	1	3	9	0	[-113  -78]	13
8814.536716729868	4.309999999999491	trials	8815.509716729868	8816.407716729867	0.38	8816.758716729868	8817.343716729869	0	1	22	1	0	74	1	1	7	0	[126  82]	13
8821.1288500632	3.895700000000943	trials	8821.9658500632	8822.3308500632	0.5	8822.7958500632	8823.2858500632	0	1	32	1	0	86	1	1	9	0	[-117  -86]	13
8821.666950063202	4.024633333332531	trials	8822.7969500632	8823.477950063201	0.37	8823.808950063201	8824.2339500632	0	1	28	0	0	64	1	1	0	0	[110  79]	13
8823.183283396535	3.9398000000001048	trials	8824.177283396535	8824.642283396535	0.44	8825.040283396535	8825.490283396535	0	1	13	1	0	29	1	1	9	0	[-117   88]	13
8825.723883396535	4.144999999998618	trials	8826.834883396536	8827.349883396535	0.435	8827.755883396534	8828.230883396534	0	1	13	1	0	29	1	1	9	0	[-117   88]	13
8827.8330500632	4.540600000000268	trials	8828.9630500632	8829.6770500632	0.41	8830.0550500632	8830.7100500632	0	1	26	1	0	59	1	1	8	0	[-115   70]	13
8832.3869500632	4.069600000000719	trials	8833.351950063201	8834.315950063201	0.365	8834.648950063201	8834.9989500632	0	1	37	0	0	100	1	1	0	0	[119  80]	13
8832.999116729867	3.884600000001228	trials	8833.972116729867	8834.653116729867	0.41	8835.021116729868	8835.446116729867	0	1	13	0	0	28	1	1	0	0	[-117   88]	13
8833.178216729868	4.240666666666584	trials	8834.199216729869	8834.730216729868	0.43	8835.120216729867	8835.645216729868	0	1	30	2	0	72	1	3	9	0	[-106  -80]	13
8837.106683396534	3.8998666666666395	trials	8837.986683396533	8838.884683396534	0.33	8839.173683396533	8839.543683396534	0	1	36	0	0	97	1	1	0	0	[-115   77]	13
8837.478983396533	4.54563333333499	trials	8838.373983396534	8839.371983396533	0.425	8839.755983396533	8840.245983396533	0	1	15	2	1	36	1	3	9	0	[-113  -78]	13
8838.198183396535	4.470666666666148	trials	8839.134183396534	8839.899183396534	0.46	8840.315183396535	8840.865183396534	0	1	30	2	0	72	1	3	9	0	[-106  -80]	13
8842.8888500632	3.1198666666678037	trials	8843.7438500632	8843.8078500632	0.395	8844.1708500632	8844.5658500632	0	1	11	0	0	22	1	1	0	0	[121 -76]	13
8843.6380500632	4.109966666666878	trials	8844.4200500632	8845.3520500632	0.395	8845.7150500632	8846.2000500632	0	1	24	1	0	80	1	1	7	0	[ 95 -89]	13
8848.026916729868	3.8545999999987544	trials	8848.925916729868	8849.623916729868	0.46	8850.043916729868	8850.438916729869	0	1	34	0	0	91	1	1	0	0	[122 -81]	13
8848.944083396535	3.9096666666664532	trials	8849.997083396534	8850.745083396534	0.36	8851.071083396535	8851.421083396535	0	1	28	0	0	64	1	1	0	0	[110  79]	13
8852.691683396533	4.2849999999998545	trials	8853.611683396533	8854.525683396534	0.4	8854.883683396532	8855.398683396534	0	1	17	1	0	41	1	1	9	0	[117  86]	13
8853.673983396533	4.100033333334068	trials	8854.815983396533	8855.212983396534	0.4	8855.570983396534	8856.090983396532	0	1	21	2	0	54	1	3	9	0	[-134  -83]	13
8855.548283396534	4.060466666665889	trials	8856.376283396534	8857.091283396534	0.38	8857.435283396535	8857.885283396534	0	1	32	1	0	86	1	1	9	0	[-117  -86]	13
8857.671683396533	3.790000000000873	trials	8858.563683396533	8859.177683396532	0.345	8859.493683396533	8859.888683396533	0	1	16	1	0	38	1	1	9	0	[-108   82]	13
8858.4988500632	4.229999999999563	trials	8859.484850063202	8860.3988500632	0.37	8860.725850063202	8861.1858500632	0	1	16	1	0	38	1	1	9	0	[-108   82]	13
8861.793283396535	3.7346999999990658	trials	8862.562283396535	8863.043283396535	0.495	8863.495283396534	8863.985283396534	0	1	24	1	0	80	1	1	7	0	[ 95 -89]	13
8862.0616500632	3.989866666666785	trials	8862.9826500632	8863.9466500632	0.395	8864.3136500632	8864.6036500632	0	1	25	0	0	55	1	1	0	0	[  8 102]	13
8864.664083396534	4.189766666666401	trials	8865.471083396535	8866.419083396533	0.39	8866.771083396534	8867.291083396534	0	1	14	1	0	32	1	1	9	0	[141   6]	13
8866.538150063201	4.585699999999633	trials	8867.681150063201	8868.379150063201	0.39	8868.735150063201	8869.345150063202	0	1	15	2	0	36	1	3	9	0	[-113  -78]	13
8866.736783396535	4.144999999998618	trials	8867.717783396534	8868.465783396534	0.365	8868.798783396534	8869.278783396534	0	1	38	2	0	105	1	3	9	0	[105 -83]	13
8871.541683396534	3.854833333332863	trials	8872.586683396534	8873.134683396534	0.45	8873.548683396533	8873.938683396535	0	1	22	0	0	73	1	1	0	0	[126  82]	13
8871.9780500632	4.204933333334338	trials	8872.8170500632	8873.7650500632	0.395	8874.1300500632	8874.7100500632	0	1	24	1	0	80	1	1	7	0	[ 95 -89]	13
8876.221683396534	3.7199666666656412	trials	8877.022683396533	8877.520683396535	0.36	8877.843683396533	8878.388683396533	0	1	3	1	0	5	1	1	7	0	[-144  -52]	13
8876.754216729867	3.87976666666691	trials	8877.527216729866	8878.124216729868	0.435	8878.526216729868	8879.026216729868	0	1	11	2	0	24	1	3	9	0	[121 -76]	13
8878.3432500632	3.4796000000005733	trials	8879.1702500632	8879.6182500632	0.495	8880.0852500632	8880.425250063201	0	1	7	0	0	13	1	1	0	0	[136  87]	13
8880.581783396534	4.500033333333704	trials	8881.524783396533	8882.439783396534	0.39	8882.783783396533	8883.413783396534	0	1	39	2	0	108	1	3	9	0	[-90 -82]	13
8882.763116729868	3.844999999999345	trials	8883.539116729868	8884.304116729867	0.39	8884.655116729868	8885.075116729868	0	1	37	2	1	102	1	3	9	0	[119  80]	13
8885.801783396535	4.3906333333325165	trials	8886.910783396535	8887.625783396536	0.435	8888.023783396535	8888.473783396536	0	1	27	2	0	63	1	3	8	0	[115 -80]	13
8887.598116729867	4.335699999999633	trials	8888.442116729866	8889.156116729868	0.49	8889.595116729866	8890.245116729868	0	1	33	2	0	90	1	3	9	0	[134 -46]	13
8890.851650063201	4.014999999999418	trials	8891.962650063202	8892.5446500632	0.415	8892.923650063201	8893.298650063201	0	1	28	1	0	65	1	1	9	0	[110  79]	13
8894.0133500632	4.375299999999697	trials	8895.1613500632	8895.8263500632	0.46	8896.2553500632	8896.7803500632	0	1	4	2	0	9	1	3	7	0	[125 -18]	13
8899.537983396534	4.305000000000291	trials	8900.446983396534	8901.394983396534	0.33	8901.694983396534	8902.314983396534	0	1	6	1	0	11	1	1	8	0	[-13 111]	13
8904.501650063201	3.8448333333326445	trials	8905.4026500632	8906.1676500632	0.38	8906.503650063201	8906.8936500632	0	1	27	0	0	61	1	1	0	0	[115 -80]	13
8904.7890500632	3.6446333333333314	trials	8905.8240500632	8906.2050500632	0.405	8906.5760500632	8906.9710500632	0	1	19	0	0	46	1	1	0	0	[139  -7]	13
8909.228816729868	4.389999999999418	trials	8910.225816729868	8911.023816729868	0.415	8911.405816729868	8912.045816729868	0	1	14	1	0	32	1	1	9	0	[141   6]	13
8912.988383396534	3.610399999999572	trials	8913.837383396534	8914.001383396535	0.395	8914.365383396535	8914.805383396533	0	1	30	2	0	72	1	3	9	0	[-106  -80]	13
8914.293816729867	3.589833333333445	trials	8915.244816729866	8915.692816729867	0.43	8916.080816729867	8916.450816729866	0	1	36	0	0	97	1	1	0	0	[-115   77]	13
8915.196850063201	4.294766666665964	trials	8916.2748500632	8917.039850063202	0.37	8917.3738500632	8917.9538500632	0	1	25	1	0	56	1	1	8	0	[  8 102]	13
8918.748916729866	4.150000000001455	trials	8919.679916729867	8920.444916729866	0.445	8920.855916729866	8921.280916729866	0	1	7	2	0	15	1	3	8	0	[136  87]	13
8919.6383500632	4.345466666667562	trials	8920.4073500632	8921.3053500632	0.385	8921.6603500632	8922.1953500632	0	1	15	2	0	36	1	3	9	0	[-113  -78]	13
8920.3566500632	3.6497666666673467	trials	8921.1436500632	8921.7586500632	0.37	8922.0936500632	8922.538650063201	0	1	15	0	0	34	1	1	0	0	[-113  -78]	13
8924.686716729868	4.225000000000364	trials	8925.795716729868	8926.477716729867	0.38	8926.818716729867	8927.318716729867	0	1	23	2	0	78	1	3	7	0	[-4 93]	13
8926.019183396535	4.129699999999502	trials	8926.984183396535	8927.748183396534	0.375	8928.091183396535	8928.586183396534	0	1	23	2	0	78	1	3	7	0	[-4 93]	13
8931.043783396533	3.8300000000017462	trials	8931.868783396534	8932.500783396534	0.375	8932.840783396534	8933.315783396534	0	1	16	1	0	38	1	1	9	0	[-108   82]	13
8932.2218500632	3.579633333332822	trials	8933.099850063201	8933.6478500632	0.335	8933.9538500632	8934.348850063201	0	1	13	0	0	28	1	1	0	0	[-117   88]	13
8935.318316729867	4.320433333334222	trials	8936.215316729867	8936.946316729867	0.38	8937.285316729867	8937.875316729867	0	1	15	2	0	36	1	3	9	0	[-113  -78]	13
8935.678816729867	4.284833333333154	trials	8936.821816729867	8937.736816729868	0.425	8938.120816729866	8938.525816729867	0	1	16	0	0	37	1	1	0	0	[-108   82]	13
8936.381616729868	3.8598666666657664	trials	8937.268616729869	8937.999616729869	0.38	8938.343616729868	8938.763616729868	0	1	29	0	0	67	1	1	0	0	[-114   11]	13
8940.433083396534	4.110033333332467	trials	8941.534083396535	8941.865083396535	0.395	8942.220083396534	8942.865083396535	0	1	20	2	0	51	1	3	9	0	[-132   83]	13
8940.866583396535	4.250733333332391	trials	8941.720583396534	8942.451583396534	0.43	8942.843583396536	8943.398583396534	0	1	34	1	0	92	1	1	9	0	[122 -81]	13
8945.659016729867	3.34956666666767	trials	8946.427016729867	8946.774016729867	0.365	8947.096016729867	8947.526016729867	0	1	32	0	0	85	1	1	0	0	[-117  -86]	13
8945.981716729868	4.430033333332176	trials	8947.022716729867	8947.870716729867	0.44	8948.273716729867	8948.773716729867	0	1	19	2	0	48	1	3	9	0	[139  -7]	13
8949.943783396535	4.285033333333558	trials	8950.711783396535	8951.492783396536	0.385	8951.845783396535	8952.530783396534	0	1	39	1	0	107	1	1	9	0	[-90 -82]	13
8950.2229500632	4.009966666666514	trials	8951.021950063201	8951.8029500632	0.425	8952.1949500632	8952.7099500632	0	1	24	1	0	80	1	1	7	0	[ 95 -89]	13
8951.166750063201	4.310699999999997	trials	8952.041750063201	8952.723750063202	0.44	8953.123750063201	8953.688750063202	0	1	12	2	0	27	1	3	9	0	[-136  -23]	13
8955.178050063201	4.054966666666587	trials	8956.007050063201	8956.705050063201	0.49	8957.160050063201	8957.645050063202	0	1	24	2	0	81	1	3	7	0	[ 95 -89]	13
8956.261716729867	4.070033333333413	trials	8957.211716729867	8957.792716729868	0.405	8958.153716729867	8958.698716729867	0	1	29	2	0	69	1	3	9	0	[-114   11]	13
8960.092950063201	4.154999999998836	trials	8961.2429500632	8961.824950063201	0.38	8962.1599500632	8962.6449500632	0	1	10	1	0	20	1	1	9	0	[ -9 110]	13
8960.979150063202	4.495433333331675	trials	8962.067150063202	8962.732150063202	0.51	8963.196150063202	8963.681150063201	0	1	21	2	0	54	1	3	9	0	[-134  -83]	13
8963.3268500632	4.224600000001374	trials	8964.3648500632	8965.3458500632	0.41	8965.7188500632	8966.1038500632	0	1	7	0	1	13	1	1	0	0	[136  87]	13
8966.663316729868	4.144733333332624	trials	8967.546316729868	8968.194316729869	0.48	8968.635316729868	8969.305316729868	0	1	24	2	0	81	1	3	7	0	[ 95 -89]	13
8967.859016729868	3.649599999998827	trials	8968.621016729869	8969.319016729867	0.38	8969.661016729868	8970.081016729868	0	1	18	0	0	43	1	1	0	0	[114 -86]	13
8970.716983396534	4.369699999999284	trials	8971.701983396535	8972.482983396534	0.475	8972.918983396534	8973.518983396534	0	1	22	2	0	75	1	3	7	0	[126  82]	13
8972.203783396533	4.029966666666951	trials	8973.105783396533	8973.936783396533	0.35	8974.245783396533	8974.695783396533	0	1	7	1	0	14	1	1	8	0	[136  87]	13
8975.826583396534	3.629866666666203	trials	8976.687583396535	8977.201583396534	0.465	8977.633583396535	8978.008583396535	0	1	31	0	0	82	1	1	0	0	[-121   68]	13
8977.208783396534	4.5049999999992	trials	8978.324783396534	8979.189783396534	0.41	8979.555783396534	8980.145783396534	0	1	18	1	0	44	1	1	9	0	[114 -86]	13
8978.973183396534	4.0695999999989	trials	8980.052183396534	8980.834183396535	0.495	8981.285183396534	8981.680183396535	0	1	17	0	0	40	1	1	0	0	[117  86]	13
8980.211583396534	4.654833333332135	trials	8981.139583396534	8981.953583396535	0.335	8983.058583396534	8983.413583396534	0	1	1	0	0	0	0	1	7	0	[125 -18]	13
8982.5987500632	3.9398666666675126	trials	8983.7107500632	8984.3757500632	0.38	8984.7157500632	8985.1057500632	0	1	20	0	0	49	1	1	0	0	[-132   83]	13
8983.827916729868	3.824899999999616	trials	8984.654916729867	8985.502916729867	0.33	8985.789916729867	8986.194916729868	0	1	36	0	0	97	1	1	0	0	[-115   77]	13
8987.856816729867	3.460399999999936	trials	8988.676816729867	8988.707816729868	0.435	8989.098816729867	8989.603816729867	0	1	32	1	0	86	1	1	9	0	[-117  -86]	13
8988.393050063201	4.199999999998909	trials	8989.207050063202	8990.1050500632	0.37	8990.445050063201	8990.965050063201	0	1	35	2	0	96	1	3	9	0	[123   9]	13
8989.914116729868	4.00476666666691	trials	8990.698116729867	8991.379116729868	0.4	8991.736116729868	8992.281116729868	0	1	21	2	0	54	1	3	9	0	[-134  -83]	13
8992.231583396533	4.165000000000873	trials	8993.011583396534	8993.893583396533	0.385	8994.238583396533	8994.743583396534	0	1	21	1	0	53	1	1	9	0	[-134  -83]	13
8994.693750063201	4.115033333333486	trials	8995.683750063201	8996.214750063202	0.415	8996.6007500632	8997.175750063201	0	1	20	1	0	50	1	1	9	0	[-132   83]	13
8997.1615500632	3.940666666667312	trials	8998.1645500632	8998.478550063199	0.425	8998.863550063199	8999.3685500632	0	1	15	1	1	35	1	1	9	0	[-113  -78]	13
8999.678750063202	3.784866666665039	trials	9000.468750063203	9001.300750063201	0.36	9001.630750063201	9002.015750063201	0	1	21	0	0	52	1	1	0	0	[-134  -83]	13
9005.958983396535	4.549733333333279	trials	9007.088983396534	9008.020983396535	0.43	9008.415983396535	9008.935983396535	0	1	23	1	0	77	1	1	7	0	[-4 93]	13
9006.426916729868	4.409766666665746	trials	9007.518916729869	9008.450916729867	0.405	9008.823916729869	9009.233916729869	0	1	37	2	0	102	1	3	9	0	[119  80]	13
9008.658283396533	4.620500000000902	trials	9009.783283396533	9010.681283396532	0.405	9011.045283396534	9011.490283396533	0	1	15	2	0	36	1	3	9	0	[-113  -78]	13
9011.4587500632	4.350000000000364	trials	9012.5747500632	9013.389750063201	0.45	9013.800750063201	9014.220750063201	0	1	36	1	0	98	1	1	9	0	[-115   77]	13
9011.551550063201	4.234866666665766	trials	9012.6215500632	9013.6195500632	0.345	9013.9335500632	9014.3335500632	0	1	27	0	0	61	1	1	0	0	[115 -80]	13
9014.027916729867	3.8906666666680394	trials	9014.935916729866	9015.383916729867	0.41	9015.749916729867	9016.189916729867	0	1	30	1	0	71	1	1	9	0	[-106  -80]	13
9016.626683396535	3.9899999999997817	trials	9017.723683396534	9018.088683396534	0.41	9018.463683396534	9018.993683396535	0	1	38	2	0	105	1	3	9	0	[105 -83]	13
9018.708016729866	4.060733333333701	trials	9019.588016729866	9020.153016729866	0.38	9020.490016729866	9020.975016729866	0	1	15	2	0	36	1	3	9	0	[-113  -78]	13
9021.346550063201	4.1299999999992	trials	9022.125550063201	9022.856550063201	0.375	9023.198550063202	9023.9135500632	0	1	7	1	0	14	1	1	8	0	[136  87]	13
9022.109083396534	3.6498000000010506	trials	9022.963083396533	9023.261083396534	0.46	9023.676083396533	9024.151083396533	0	1	10	2	0	21	1	3	9	0	[ -9 110]	13
9023.508016729867	4.175699999999779	trials	9024.374016729867	9025.138016729867	0.42	9025.515016729867	9025.990016729867	0	1	15	2	0	36	1	3	9	0	[-113  -78]	13
9026.286683396534	3.610000000000582	trials	9027.228683396534	9027.359683396535	0.43	9027.743683396535	9028.268683396534	0	1	17	2	0	42	1	3	9	0	[117  86]	13
9026.553716729868	3.6748666666662757	trials	9027.548716729869	9028.013716729867	0.415	9028.385716729868	9028.800716729867	0	1	11	0	0	22	1	1	0	0	[121 -76]	13
9031.1238500632	4.524999999999636	trials	9032.234850063202	9032.982850063201	0.405	9033.350850063202	9033.990850063201	0	1	14	2	0	33	1	3	9	0	[141   6]	13
9033.377883396533	3.824866666667731	trials	9034.244883396534	9034.942883396534	0.41	9035.314883396533	9035.744883396534	0	1	11	0	0	22	1	1	0	0	[121 -76]	13
9033.481783396534	3.4945999999999913	trials	9034.264783396533	9034.829783396533	0.355	9035.153783396534	9035.518783396534	0	1	17	0	0	40	1	1	0	0	[117  86]	13
9038.342883396534	4.124866666667003	trials	9039.447883396533	9040.311883396533	0.345	9040.619883396534	9041.004883396534	0	1	13	0	0	28	1	1	0	0	[-117   88]	13
9041.273983396533	3.9547666666676378	trials	9042.222983396534	9042.686983396534	0.43	9043.080983396534	9043.610983396533	0	1	21	1	0	53	1	1	9	0	[-134  -83]	13
9046.053716729868	3.944999999999709	trials	9046.857716729868	9047.572716729868	0.415	9047.950716729869	9048.440716729869	0	1	11	1	0	23	1	1	9	0	[121 -76]	13
9048.107983396534	4.029999999998836	trials	9048.868983396535	9049.483983396534	0.48	9049.919983396534	9050.549983396533	0	1	22	2	0	75	1	3	7	0	[126  82]	13
9049.476516729868	4.779866666665839	trials	9050.422516729868	9051.204516729867	0.335	9052.493516729868	9052.858516729868	0	1	5	0	0	0	0	1	8	0	[136  87]	13
9050.843716729867	4.105633333334481	trials	9051.826716729867	9052.408716729868	0.45	9052.815716729867	9053.295716729866	0	1	27	1	0	62	1	1	8	0	[115 -80]	13
9055.066516729868	4.049866666664457	trials	9056.125516729868	9056.99051672987	0.37	9057.323516729868	9057.708516729868	0	1	24	0	0	79	1	1	0	0	[ 95 -89]	13
9055.853716729867	3.794866666667076	trials	9056.862716729867	9057.410716729868	0.425	9057.805716729867	9058.200716729867	0	1	22	0	1	73	1	1	0	0	[126  82]	13
9059.718116729868	3.6995999999999185	trials	9060.658116729868	9061.239116729868	0.375	9061.580116729867	9061.975116729867	0	1	32	0	0	85	1	1	0	0	[-117  -86]	13
9059.946516729868	3.950699999999415	trials	9060.911516729868	9061.392516729868	0.395	9061.753516729868	9062.278516729868	0	1	12	1	0	26	1	1	9	0	[-136  -23]	13
9060.458850063202	4.224966666664841	trials	9061.614850063203	9062.312850063201	0.38	9062.655850063202	9063.075850063202	0	1	28	2	0	66	1	3	9	0	[110  79]	13
9064.217983396535	3.5599999999994907	trials	9064.976983396535	9065.407983396535	0.39	9065.764983396535	9066.179983396534	0	1	28	2	0	66	1	3	9	0	[110  79]	13
9066.514083396534	3.6847333333334973	trials	9067.652083396535	9067.749083396535	0.45	9068.166083396534	9068.711083396534	0	1	22	2	0	75	1	3	7	0	[126  82]	13
9067.141750063201	3.6296333333320945	trials	9068.064750063202	9068.562750063202	0.38	9068.898750063201	9069.308750063201	0	1	32	0	0	85	1	1	0	0	[-117  -86]	13
9071.113716729868	4.599833333333663	trials	9071.953716729868	9072.434716729867	0.685	9073.925716729867	9074.320716729868	0	1	1	1	0	0	0	1	7	0	[125 -18]	13
9071.401516729868	3.2598333333335177	trials	9072.383516729868	9072.447516729868	0.38	9072.783516729867	9073.213516729867	0	1	33	0	0	88	1	1	0	0	[134 -46]	13
9073.2528500632	3.5398666666678764	trials	9074.0138500632	9074.5958500632	0.405	9074.9598500632	9075.3698500632	0	1	38	0	0	103	1	1	0	0	[105 -83]	13
9075.371616729868	3.9456999999983964	trials	9076.301616729868	9076.582616729867	0.46	9076.998616729868	9077.538616729867	0	1	34	2	0	93	1	3	9	0	[122 -81]	13
9076.568816729867	3.9548666666669305	trials	9077.355816729867	9078.287816729866	0.385	9078.640816729867	9079.065816729866	0	1	0	10	0	0	0	3	0	1	[-90 -82]	13
9077.612883396534	3.554966666666587	trials	9078.466883396533	9078.847883396535	0.38	9079.184883396534	9079.609883396533	0	1	28	1	0	65	1	1	9	0	[110  79]	13
9080.196483396534	4.030000000000655	trials	9080.987483396533	9081.818483396533	0.355	9082.143483396534	9082.683483396533	0	1	24	1	1	80	1	1	7	0	[ 95 -89]	13
9081.493716729867	3.970600000000559	trials	9082.258716729866	9082.856716729866	0.485	9083.310716729866	9083.810716729866	0	1	32	1	0	86	1	1	9	0	[-117  -86]	13
9083.618116729867	3.3797333333332062	trials	9084.470116729868	9084.467116729867	0.475	9084.890116729868	9085.445116729867	0	1	33	1	0	89	1	1	9	0	[134 -46]	13
9085.076616729868	4.2806000000000495	trials	9086.073616729867	9086.637616729868	0.44	9087.038616729867	9087.613616729868	0	1	27	2	0	63	1	3	8	0	[115 -80]	13
9086.423683396533	3.930000000000291	trials	9087.460683396534	9087.925683396534	0.48	9088.360683396533	9088.885683396533	0	1	4	1	0	8	1	1	7	0	[125 -18]	13
9090.091483396534	4.05563333333339	trials	9090.992483396534	9091.573483396534	0.53	9092.058483396535	9092.523483396535	0	1	27	1	0	62	1	1	8	0	[115 -80]	13
9090.7730500632	4.084633333333841	trials	9091.8060500632	9092.6710500632	0.4	9093.0300500632	9093.420050063201	0	1	39	0	0	106	1	1	0	0	[-90 -82]	13
9091.308683396534	4.310699999999997	trials	9092.463683396534	9092.911683396533	0.6	9093.480683396534	9093.990683396534	0	1	34	1	0	92	1	1	9	0	[122 -81]	13
9094.861516729867	3.3148333333338087	trials	9095.928516729866	9096.042516729867	0.36	9096.373516729867	9096.743516729866	0	1	2	0	0	1	1	1	0	0	[114  91]	13
9096.683083396534	4.255433333333713	trials	9097.626083396533	9098.307083396534	0.445	9098.720083396534	9099.210083396534	0	1	21	1	0	53	1	1	9	0	[-134  -83]	13
9098.916616729868	4.295599999999467	trials	9099.980616729868	9100.527616729869	0.445	9100.938616729869	9101.468616729868	0	1	8	2	0	18	1	3	8	0	[-115 -100]	13
9103.811483396534	4.220766666667259	trials	9104.932483396533	9105.396483396533	0.49	9105.848483396534	9106.308483396533	0	1	32	1	0	86	1	1	9	0	[-117  -86]	13
9104.643683396534	3.7748333333329356	trials	9105.602683396535	9106.217683396535	0.405	9106.590683396535	9106.975683396535	0	1	17	0	0	40	1	1	0	0	[117  86]	13
9106.257816729867	3.8649999999997817	trials	9107.013816729866	9107.777816729867	0.38	9108.124816729867	9108.559816729867	0	1	7	1	0	14	1	1	8	0	[136  87]	13
9108.736583396534	3.6300333333329036	trials	9109.601583396534	9109.899583396535	0.46	9110.318583396534	9110.773583396534	0	1	37	2	0	102	1	3	9	0	[119  80]	13
9110.964016729868	3.9847666666664736	trials	9111.856016729867	9112.504016729868	0.445	9112.911016729868	9113.366016729868	0	1	11	2	0	24	1	3	9	0	[121 -76]	13
9115.1380500632	4.3747666666677105	trials	9116.1180500632	9117.0490500632	0.36	9117.3800500632	9118.0150500632	0	1	17	1	0	41	1	1	9	0	[117  86]	13
9122.346483396534	4.064866666667513	trials	9123.391483396534	9124.239483396534	0.385	9124.593483396533	9124.948483396534	0	1	17	0	0	40	1	1	0	0	[117  86]	13
9126.302816729867	4.069866666666712	trials	9127.323816729868	9128.204816729867	0.38	9128.549816729867	9128.924816729867	0	1	27	0	0	61	1	1	0	0	[115 -80]	13
9127.166583396534	3.9200333333319577	trials	9128.093583396534	9128.558583396534	0.47	9128.983583396534	9129.493583396534	0	1	17	2	0	42	1	3	9	0	[117  86]	13
9130.878783396534	3.930033333332176	trials	9131.815783396534	9132.313783396534	0.43	9132.700783396534	9133.190783396534	0	1	35	2	0	96	1	3	9	0	[123   9]	13
9132.121450063201	3.4250666666666802	trials	9133.062450063202	9133.210450063201	0.38	9133.553450063202	9134.013450063201	0	1	0	2	0	0	0	1	2	1	[-119  -80]	13
9132.638150063201	4.469799999998941	trials	9133.593150063201	9134.4911500632	0.42	9134.870150063201	9135.505150063202	0	1	14	2	0	33	1	3	9	0	[141   6]	13
9135.648650063202	3.4848666666657664	trials	9136.467650063201	9136.932650063201	0.415	9137.310650063202	9137.705650063202	0	1	12	0	0	25	1	1	0	0	[-136  -23]	13
9136.441450063201	4.160633333332953	trials	9137.381450063202	9138.112450063201	0.41	9138.478450063201	9139.068450063201	0	1	8	1	0	17	1	1	8	0	[-115 -100]	13
9139.983650063201	4.58986666666533	trials	9140.9366500632	9141.317650063202	0.355	9142.6956500632	9143.1256500632	0	1	9	1	0	0	0	1	9	0	[121 -76]	13
9140.348050063201	3.900466666666034	trials	9141.114050063201	9141.678050063201	0.39	9142.025050063201	9142.5050500632	0	1	34	1	0	92	1	1	9	0	[122 -81]	13
9141.636483396534	4.025633333332735	trials	9142.400483396534	9142.998483396534	0.5	9143.453483396534	9144.003483396535	0	1	8	1	0	17	1	1	8	0	[-115 -100]	13
9144.852950063201	4.47059999999874	trials	9145.681950063201	9146.646950063201	0.38	9146.9849500632	9147.539950063201	0	1	26	2	0	60	1	3	8	0	[-115   70]	13
9145.718783396534	4.6049666666658595	trials	9146.856783396535	9147.770783396534	0.485	9148.210783396535	9148.745783396535	0	1	4	2	0	9	1	3	7	0	[125 -18]	13
9149.877816729868	4.309966666665787	trials	9151.017816729867	9151.599816729868	0.435	9151.994816729868	9152.574816729868	0	1	29	1	0	68	1	1	9	0	[-114   11]	13
9151.221483396534	4.049733333333279	trials	9152.205483396534	9153.053483396534	0.405	9153.423483396533	9153.843483396533	0	1	8	0	0	16	1	1	0	0	[-115 -100]	13
9151.2686500632	3.930000000000291	trials	9152.075650063201	9152.539650063201	0.39	9152.895650063201	9153.510650063201	0	1	39	1	0	107	1	1	9	0	[-90 -82]	13
9154.742783396534	3.5698666666667123	trials	9155.586783396533	9156.051783396533	0.405	9156.424783396535	9156.814783396534	0	1	21	0	0	52	1	1	0	0	[-134  -83]	13
9155.9086500632	3.9298666666672943	trials	9156.7946500632	9157.608650063201	0.41	9157.9756500632	9158.3806500632	0	1	27	0	0	61	1	1	0	0	[115 -80]	13
9159.057783396534	3.535633333332953	trials	9159.872783396535	9159.886783396534	0.435	9160.269783396534	9160.914783396534	0	1	26	1	0	59	1	1	8	0	[-115   70]	13
9160.686550063201	3.8500333333322487	trials	9161.7095500632	9162.0405500632	0.455	9162.463550063201	9162.9885500632	0	1	19	2	0	48	1	3	9	0	[139  -7]	13
9160.6936500632	3.534833333334973	trials	9161.5296500632	9161.9946500632	0.385	9162.3406500632	9162.7606500632	0	1	34	0	0	91	1	1	0	0	[122 -81]	13
9163.247783396535	4.954833333333227	trials	9164.257783396535	9164.938783396536	0.37	9166.354783396535	9166.724783396536	0	1	1	0	0	0	0	1	7	0	[-144  -52]	13
9165.2986500632	3.2748666666666395	trials	9166.1656500632	9166.3466500632	0.385	9166.7006500632	9167.1206500632	0	1	38	0	0	103	1	1	0	0	[105 -83]	13
9165.5915500632	4.884866666667222	trials	9166.4285500632	9167.4265500632	0.4	9168.7485500632	9169.0485500632	0	1	9	2	0	0	0	3	9	0	[ -9 110]	13
9169.0227500632	3.7898999999997613	trials	9169.8607500632	9170.7417500632	0.365	9171.0647500632	9171.3697500632	0	1	6	0	0	10	1	1	0	0	[-13 111]	13
9169.498750063201	4.480733333331955	trials	9170.500750063202	9171.282750063201	0.42	9171.660750063202	9172.1657500632	0	1	34	2	0	93	1	3	9	0	[122 -81]	13
9171.156450063201	4.069833333333008	trials	9172.281450063201	9173.0294500632	0.425	9173.418450063202	9173.838450063202	0	1	7	0	0	13	1	1	0	0	[136  87]	13
9173.442883396534	4.52503333333334	trials	9174.562883396535	9175.460883396534	0.35	9175.769883396533	9176.304883396533	0	1	10	2	0	21	1	3	9	0	[ -9 110]	13
9174.6537500632	4.3906333333343355	trials	9175.5037500632	9176.3017500632	0.48	9176.7507500632	9177.2957500632	0	1	27	2	1	63	1	3	8	0	[115 -80]	13
9176.0215500632	3.850000000000364	trials	9177.1005500632	9177.3985500632	0.45	9177.8185500632	9178.293550063201	0	1	7	2	0	15	1	3	8	0	[136  87]	13
9178.777916729867	4.439966666666805	trials	9179.698916729867	9180.646916729867	0.4	9181.009916729867	9181.594916729866	0	1	29	2	0	69	1	3	9	0	[-114   11]	13
9179.758616729867	4.04989999999998	trials	9180.755616729866	9181.520616729867	0.42	9181.900616729867	9182.315616729868	0	1	0	2	0	0	0	1	2	1	[-94 103]	13
9180.791416729868	3.7448666666659847	trials	9181.702416729868	9182.367416729867	0.36	9182.698416729867	9183.103416729868	0	1	12	0	0	25	1	1	0	0	[-136  -23]	13
9183.9327500632	4.879866666666203	trials	9184.917750063201	9185.7327500632	0.34	9186.954750063202	9187.3597500632	0	1	9	0	0	0	0	1	9	0	[-136  -23]	13
9184.773616729868	2.7699333333330287	trials	9185.691616729868	9186.189616729867	0.51	9186.665616729868		0	0	19	0	0	46	0	1	0	0	[139  -7]	13
9185.396416729867	3.8400333333338494	trials	9186.355416729868	9186.819416729868	0.4	9187.178416729867	9187.623416729868	0	1	31	1	0	83	1	1	9	0	[-121   68]	13
9188.758850063201	4.469633333334059	trials	9189.5608500632	9190.091850063201	0.425	9191.4008500632	9191.770850063202	0	1	1	0	0	0	0	1	7	0	[125 -18]	13
9189.4927500632	3.659866666666858	trials	9190.353750063201	9190.9017500632	0.43	9191.299750063201	9191.6847500632	0	1	39	0	0	106	1	1	0	0	[-90 -82]	13
9193.9227500632	3.934900000000198	trials	9194.9057500632	9195.720750063201	0.37	9196.049750063201	9196.4197500632	0	1	31	0	0	82	1	1	0	0	[-121   68]	13
9194.2587500632	4.690000000000509	trials	9195.3467500632	9196.2107500632	0.41	9196.5807500632	9197.3557500632	0	1	25	2	0	57	1	3	8	0	[  8 102]	13
9197.5565500632	3.3399666666664416	trials	9198.3445500632	9198.3755500632	0.395	9198.7385500632	9199.2935500632	0	1	6	2	0	12	1	3	8	0	[-13 111]	13
9198.4027500632	4.0349999999998545	trials	9199.2247500632	9200.0397500632	0.345	9200.3497500632	9200.8497500632	0	1	38	1	0	104	1	1	9	0	[105 -83]	13
9202.728983396533	3.9847666666682926	trials	9203.500983396534	9204.064983396533	0.46	9204.470983396533	9205.070983396534	0	1	20	2	0	51	1	3	9	0	[-132   83]	13
9203.3227500632	3.7098333333342453	trials	9204.0937500632	9204.8417500632	0.355	9205.1597500632	9205.5897500632	0	1	30	0	0	70	1	1	0	0	[-106  -80]	13
9207.5737500632	4.095699999999852	trials	9208.4027500632	9208.9837500632	0.405	9209.3507500632	9209.8707500632	0	1	21	2	0	54	1	3	9	0	[-134  -83]	13
9210.363016729867	4.315433333333203	trials	9211.464016729868	9211.945016729867	0.44	9212.345016729867	9212.955016729868	0	1	19	1	0	47	1	1	9	0	[139  -7]	13
9212.373583396533	3.839866666667149	trials	9213.388583396532	9213.986583396532	0.36	9214.310583396533	9214.735583396532	0	1	39	0	0	106	1	1	0	0	[-90 -82]	13
9214.661383396535	3.8298666666669305	trials	9215.819383396534	9216.267383396535	0.465	9216.693383396534	9217.058383396536	0	1	20	0	0	49	1	1	0	0	[-132   83]	13
9215.512716729867	4.2049000000006345	trials	9216.282716729867	9216.863716729868	0.33	9217.949716729867	9218.259716729866	0	1	5	0	0	0	0	1	8	0	[-13 111]	13
9216.988583396535	3.50573333333341	trials	9217.890583396535	9218.771583396534	0.4	9219.135583396535	9219.650583396535	0	0	13	1	0	29	0	1	9	0	[-117   88]	13
9220.5928500632	4.419966666668188	trials	9221.6858500632	9222.4168500632	0.41	9222.7948500632	9223.4248500632	0	1	24	2	0	81	1	3	7	0	[ 95 -89]	13
9221.9638500632	3.999599999999191	trials	9222.7928500632	9223.7578500632	0.365	9224.090850063201	9224.520850063202	0	1	24	0	0	79	1	1	0	0	[ 95 -89]	13
9224.626516729868	4.710699999999633	trials	9225.674516729869	9226.672516729868	0.42	9227.048516729868	9227.553516729868	0	1	15	2	0	36	1	3	9	0	[-113  -78]	13
9231.823083396534	4.145500000000538	trials	9232.708083396534	9233.322083396533	0.45	9233.730083396533	9234.210083396534	0	1	34	2	0	93	1	3	9	0	[122 -81]	13
9232.436616729867	4.560366666666596	trials	9233.394616729867	9234.309616729866	0.435	9234.713616729867	9235.378616729866	0	1	26	1	1	59	1	1	8	0	[-115   70]	13
9234.213816729867	3.8598000000001775	trials	9235.182816729866	9235.629816729866	0.415	9236.005816729867	9236.510816729868	0	1	14	1	0	32	1	1	9	0	[141   6]	13
9237.681516729866	4.10570000000007	trials	9238.496516729867	9239.194516729867	0.425	9239.578516729867	9240.093516729867	0	1	34	2	0	93	1	3	9	0	[122 -81]	13
9242.247816729867	3.9100333333335584	trials	9243.112816729867	9243.676816729867	0.43	9244.074816729866	9244.549816729867	0	1	37	2	0	102	1	3	9	0	[119  80]	13
9242.576383396534	3.4799999999995634	trials	9243.482383396535	9243.747383396534	0.38	9244.093383396534	9244.548383396534	0	1	35	1	0	95	1	1	9	0	[123   9]	13
9247.006383396534	4.0499666666673875	trials	9247.784383396534	9248.682383396534	0.34	9248.988383396534	9249.563383396535	0	1	3	1	0	5	1	1	7	0	[-144  -52]	13
9247.0778500632	4.130000000001019	trials	9248.1148500632	9248.8628500632	0.375	9249.2048500632	9249.6098500632	0	1	28	2	0	66	1	3	9	0	[110  79]	13
9251.887683396533	4.11006666666799	trials	9252.867683396533	9253.765683396534	0.385	9254.109683396533	9254.499683396532	0	1	0	2	0	0	0	1	2	1	[120 -44]	13
9251.911383396535	3.7048333333332266	trials	9252.703383396534	9253.468383396536	0.355	9253.788383396535	9254.183383396536	0	1	11	0	0	22	1	1	0	0	[121 -76]	13
9256.762683396533	3.4398666666675126	trials	9257.669683396532	9258.117683396533	0.385	9258.469683396534	9258.749683396532	0	1	10	0	0	19	1	1	0	0	[ -9 110]	13
9258.336716729867	4.060466666665889	trials	9259.123716729868	9259.738716729868	0.435	9260.143716729868	9260.618716729867	0	1	15	2	0	36	1	3	9	0	[-113  -78]	13
9260.917683396534	4.049866666666276	trials	9261.921683396535	9262.752683396533	0.37	9263.094683396534	9263.504683396533	0	1	12	0	0	25	1	1	0	0	[-136  -23]	13
9264.613716729868	4.524999999999636	trials	9265.763716729867	9266.528716729868	0.425	9266.910716729868	9267.500716729868	0	1	14	2	0	33	1	3	9	0	[141   6]	13
9265.882683396534	3.7906999999995605	trials	9266.673683396533	9267.054683396535	0.425	9267.449683396533	9267.939683396535	0	1	30	1	0	71	1	1	9	0	[-106  -80]	13
9269.943583396534	3.5848333333324263	trials	9270.715583396535	9271.263583396534	0.45	9271.675583396534	9272.075583396534	0	1	38	0	1	103	1	1	0	0	[105 -83]	13
9270.506583396535	4.335466666665525	trials	9271.462583396535	9272.244583396534	0.435	9272.638583396534	9273.098583396535	0	1	32	1	0	86	1	1	9	0	[-117  -86]	13
9270.692683396534	3.8698666666678037	trials	9271.692683396534	9272.290683396533	0.425	9272.674683396534	9273.109683396533	0	1	26	0	0	58	1	1	0	0	[-115   70]	13
9274.4885500632	3.8998666666666395	trials	9275.3345500632	9276.1665500632	0.395	9276.5205500632	9276.945550063201	0	1	4	0	0	7	1	1	0	0	[125 -18]	13
9275.966383396535	4.315699999999197	trials	9276.748383396534	9277.513383396536	0.45	9277.928383396535	9278.543383396534	0	1	15	1	0	35	1	1	9	0	[-113  -78]	13
9279.203683396534	4.495033333334504	trials	9280.303683396534	9281.201683396534	0.375	9281.540683396533	9282.030683396533	0	1	13	2	0	30	1	3	9	0	[-117   88]	13
9281.1563500632	3.084866666667949	trials	9282.0843500632	9282.9323500632	0.47	9283.3633500632		0	0	29	0	0	67	0	1	0	0	[-114   11]	13
9284.3935500632	3.6948666666685313	trials	9285.3565500632	9285.8875500632	0.415	9286.2705500632	9286.6355500632	0	1	14	0	0	31	1	1	0	0	[141   6]	13
9285.612716729867	4.1049666666676785	trials	9286.516716729868	9287.164716729867	0.405	9287.524716729868	9288.099716729866	0	1	10	1	0	20	1	1	9	0	[ -9 110]	13
9290.266450063202	4.554866666665475	trials	9291.172450063203	9291.870450063201	0.415	9292.973450063202	9293.373450063202	0	1	1	2	0	0	0	3	7	0	[125 -18]	13
9290.407683396534	4.090700000000652	trials	9291.335683396534	9291.950683396533	0.415	9292.324683396533	9292.774683396534	0	1	30	1	0	71	1	1	9	0	[-106  -80]	13
9294.468683396533	4.515000000001237	trials	9295.477683396533	9296.225683396533	0.43	9296.615683396534	9297.255683396534	0	1	39	2	0	108	1	3	9	0	[-90 -82]	13
9295.651316729867	4.455033333333631	trials	9296.708316729868	9297.489316729867	0.43	9297.888316729866	9298.528316729868	0	1	33	1	0	89	1	1	9	0	[134 -46]	13
9297.827916729868	2.829633333332822	trials	9298.672916729867	9299.370916729868	0.445	9299.779916729867		0	0	36	0	0	97	0	1	0	0	[-115   77]	13
9299.653550063202	3.7800333333325398	trials	9300.413550063202	9300.978550063202	0.43	9301.365550063201	9301.835550063202	0	1	16	1	0	38	1	1	9	0	[-108   82]	13
9301.937883396535	4.219799999998941	trials	9302.907883396534	9303.739883396534	0.435	9304.144883396535	9304.584883396536	0	1	37	1	0	101	1	1	9	0	[119  80]	13
9302.471583396535	3.8945999999996275	trials	9303.344583396534	9304.192583396534	0.37	9304.518583396535	9304.958583396534	0	1	12	0	0	25	1	1	0	0	[-136  -23]	13
9304.078550063201	4.325000000000728	trials	9305.215550063202	9306.0305500632	0.36	9306.3605500632	9306.8255500632	0	1	38	1	0	104	1	1	9	0	[105 -83]	13
9306.9276500632	3.1648666666660574	trials	9307.726650063201	9307.9076500632	0.39	9308.2596500632	9308.654650063201	0	1	24	0	0	79	1	1	0	0	[ 95 -89]	13
9307.0413500632	4.050000000001091	trials	9308.0473500632	9308.7613500632	0.38	9309.1033500632	9309.5783500632	0	1	11	1	0	23	1	1	9	0	[121 -76]	13
9310.8536500632	3.7850333333335584	trials	9311.7856500632	9312.2666500632	0.395	9312.6256500632	9313.045650063199	0	1	16	2	0	39	1	3	9	0	[-108   82]	13
9313.372883396534	3.6396333333341317	trials	9314.330883396535	9314.827883396534	0.4	9315.184883396534	9315.554883396535	0	1	37	0	0	100	1	1	0	0	[119  80]	13
9315.428516729868	4.040033333332758	trials	9316.388516729867	9317.019516729868	0.375	9317.355516729867	9317.895516729868	0	1	29	1	0	68	1	1	9	0	[-114   11]	13
9316.6563500632	3.5848333333342453	trials	9317.6853500632	9318.1663500632	0.345	9318.4683500632	9318.8683500632	0	1	39	0	0	106	1	1	0	0	[-90 -82]	13
9317.647816729866	4.899833333334755	trials	9318.482816729866	9319.430816729866	0.35	9320.684816729867	9321.034816729867	0	1	5	2	0	0	0	3	8	0	[-13 111]	13
9320.273650063202	4.219999999999345	trials	9321.140650063202	9322.055650063201	0.435	9322.460650063202	9322.905650063201	0	1	7	2	0	15	1	3	8	0	[136  87]	13
9323.082650063201	4.229866666666567	trials	9324.184650063202	9325.182650063201	0.375	9325.519650063201	9325.894650063201	0	1	14	0	0	31	1	1	0	0	[141   6]	13
9328.017616729867	4.544866666667076	trials	9328.937616729867	9329.501616729867	0.34	9330.739616729867	9331.109616729867	0	1	5	1	0	0	0	1	8	0	[136  87]	13
9328.326650063202	4.230366666666669	trials	9329.324650063201	9329.921650063201	0.395	9330.273650063202	9330.808650063202	0	1	8	2	0	18	1	3	8	0	[-115 -100]	13
9333.1576500632	3.7898333333341725	trials	9334.0726500632	9334.7046500632	0.42	9335.0946500632	9335.4946500632	0	1	19	0	0	46	1	1	0	0	[139  -7]	13
9333.366316729867	4.1599999999998545	trials	9334.376316729868	9334.974316729867	0.42	9335.358316729868	9335.873316729867	0	1	20	1	0	50	1	1	9	0	[-132   83]	13
9337.582783396534	4.2150000000001455	trials	9338.508783396534	9339.156783396535	0.45	9339.569783396533	9340.194783396533	0	1	38	2	0	105	0	3	9	0	[105 -83]	13
9339.136516729868	3.9254666666656703	trials	9340.079516729867	9340.377516729868	0.42	9340.763516729869	9341.313516729868	0	1	39	1	0	107	1	1	9	0	[-90 -82]	13
9343.901283396533	4.074866666667731	trials	9344.931283396534	9345.779283396534	0.405	9346.143283396534	9346.523283396533	0	1	16	0	1	37	1	1	0	0	[-108   82]	13
9345.312883396535	3.6695999999992637	trials	9346.178883396535	9346.809883396534	0.375	9347.154883396535	9347.514883396534	0	1	14	0	0	31	1	1	0	0	[141   6]	13
9348.556283396534	3.4998666666670033	trials	9349.400283396533	9349.931283396534	0.355	9350.258283396533	9350.623283396533	0	1	17	0	0	40	1	1	0	0	[117  86]	13
9349.787650063201	4.555000000000291	trials	9350.814650063201	9351.7956500632	0.435	9352.1946500632	9352.7746500632	0	1	3	1	0	5	1	1	7	0	[-144  -52]	13
9355.1377500632	4.095000000001164	trials	9355.9507500632	9356.7147500632	0.455	9357.1247500632	9357.6197500632	0	1	17	2	0	42	1	3	9	0	[117  86]	13
9355.9416500632	3.674800000000687	trials	9356.7036500632	9357.1686500632	0.41	9357.5486500632	9358.0286500632	0	1	37	2	0	102	1	3	9	0	[119  80]	13
9360.396416729867	4.580633333333026	trials	9361.556416729867	9362.220416729868	0.415	9362.593416729867	9363.163416729867	0	1	12	2	0	27	1	3	9	0	[-136  -23]	13
9362.2378500632	4.209800000000541	trials	9363.0708500632	9363.901850063201	0.385	9364.2448500632	9364.9098500632	0	1	18	1	1	44	1	1	9	0	[114 -86]	13
9365.696283396534	3.529866666667658	trials	9366.508283396533	9367.206283396534	0.345	9367.513283396533	9367.768283396534	0	1	25	0	0	55	1	1	0	0	[  8 102]	13
9369.851283396534	4.074833333334027	trials	9370.877283396534	9371.742283396534	0.41	9372.108283396534	9372.473283396534	0	1	37	0	0	100	1	1	0	0	[119  80]	13
9372.462616729867	3.849866666667367	trials	9373.291616729866	9374.123616729867	0.365	9374.454616729867	9374.859616729867	0	1	11	0	0	22	1	1	0	0	[121 -76]	13
9374.551316729867	4.019966666666733	trials	9375.463316729867	9376.127316729866	0.435	9376.523316729867	9376.983316729868	0	1	38	1	0	104	1	1	9	0	[105 -83]	13
9377.092616729868	4.110033333332467	trials	9378.194616729868	9378.808616729868	0.415	9379.184616729868	9379.684616729868	0	1	0	0	0	0	0	1	2	1	[ 116 -108]	13
9382.066616729868	4.335466666665525	trials	9382.833616729868	9383.764616729868	0.415	9384.143616729867	9384.608616729867	0	1	21	2	0	54	1	3	9	0	[-134  -83]	13
9382.1527500632	3.9900000000016007	trials	9383.0797500632	9383.6447500632	0.43	9384.0297500632	9384.5397500632	0	1	19	2	0	48	1	3	9	0	[139  -7]	13
9387.0212500632	3.3606333333336806	trials	9387.7852500632	9387.8662500632	0.375	9388.2082500632	9388.7182500632	0	1	8	1	0	17	1	1	8	0	[-115 -100]	13
9390.292716729868	4.3950333333323215	trials	9391.383716729868	9392.065716729867	0.4	9392.434716729867	9392.979716729868	0	1	39	2	0	108	1	3	9	0	[-90 -82]	13
9391.2512500632	4.76986666666744	trials	9392.3372500632	9392.7852500632	0.375	9394.0582500632	9394.5082500632	0	1	5	0	0	0	0	1	8	0	[-115 -100]	13
9396.726383396533	4.115033333333486	trials	9397.707383396533	9398.438383396533	0.38	9398.778383396533	9399.228383396534	0	1	36	2	0	99	1	3	9	0	[-115   77]	13
9403.761616729867	4.404533333332438	trials	9404.560616729868	9405.091616729867	0.395	9406.263616729868	9406.668616729867	0	1	1	2	0	0	0	3	7	0	[-144  -52]	13
9408.9312500632	4.764866666666421	trials	9409.729250063201	9410.4102500632	0.415	9411.8332500632	9412.2632500632	0	1	9	1	0	0	0	1	9	0	[121 -76]	13
9414.9812500632	3.964833333335264	trials	9415.915250063199	9416.7302500632	0.365	9417.0532500632	9417.4732500632	0	1	8	0	0	16	1	1	0	0	[-115 -100]	13
9420.057816729866	3.7846000000008644	trials	9420.881816729867	9421.662816729866	0.425	9422.054816729866	9422.409816729867	0	1	34	0	0	91	1	1	0	0	[122 -81]	13
9425.117616729867	3.169833333333372	trials	9425.900616729867	9426.131616729866	0.39	9426.484616729867	9426.864616729867	0	1	2	0	0	1	1	1	0	0	[114  91]	13
9425.526250063202	3.7798333333321352	trials	9426.320250063201	9427.0852500632	0.395	9427.438250063202	9427.838250063201	0	1	26	0	1	58	1	1	0	0	[-115   70]	13
9428.952583396534	2.879866666666203	trials	9430.069583396535	9430.350583396534	0.395	9430.714583396535		0	0	8	0	0	16	0	1	0	0	[-115 -100]	13
9430.2162500632	3.449899999999616	trials	9431.3232500632	9432.238250063201	0.405	9432.6032500632		0	0	27	0	0	61	0	1	0	0	[115 -80]	13
9435.066216729867	4.225000000000364	trials	9436.109216729867	9436.790216729867	0.39	9437.148216729867	9437.723216729866	0	1	3	1	0	5	1	1	7	0	[-144  -52]	13
9436.9785500632	4.800733333333483	trials	9438.0305500632	9438.9615500632	0.435	9439.365550063201	9439.9955500632	0	1	32	2	0	87	1	3	9	0	[-117  -86]	13
9438.022916729868	4.38476666666611	trials	9439.173916729867	9439.988916729868	0.39	9440.334916729867	9440.804916729867	0	1	2	2	0	3	1	3	7	0	[114  91]	13
9440.0263500632	3.4548666666669305	trials	9441.144350063201	9441.1583500632	0.37	9441.493350063201	9441.9883500632	0	1	0	10	0	0	0	3	0	1	[-115 -100]	13
9443.1575500632	3.985033333332467	trials	9443.9255500632	9444.723550063201	0.425	9445.1095500632	9445.5495500632	0	1	11	1	1	23	1	1	9	0	[121 -76]	13
9443.913716729867	3.8945666666677425	trials	9444.783716729868	9445.614716729866	0.36	9445.940716729867	9446.375716729866	0	1	11	0	0	22	1	1	0	0	[121 -76]	13
9444.2813500632	4.730633333334481	trials	9445.2803500632	9446.2443500632	0.275	9446.4833500632	9447.2583500632	0	1	26	2	0	60	1	3	8	0	[-115   70]	13
9448.072683396535	3.9099666666661506	trials	9449.045683396535	9449.359683396535	0.44	9449.759683396534	9450.359683396535	0	1	23	2	0	78	1	3	7	0	[-4 93]	13
9448.7134500632	3.6098333333338815	trials	9449.5684500632	9450.0834500632	0.445	9450.485450063201	9450.8754500632	0	1	36	0	0	97	1	1	0	0	[-115   77]	13
9449.8162500632	3.960000000000946	trials	9450.649250063201	9451.2632500632	0.42	9451.6532500632	9452.1882500632	0	1	29	1	0	68	1	1	9	0	[-114   11]	13
9455.198650063201	3.939766666666401	trials	9456.3386500632	9456.7036500632	0.4	9457.0706500632	9457.600650063201	0	1	4	1	0	8	1	1	7	0	[125 -18]	13
9458.072883396533	4.084766666666837	trials	9458.833883396534	9459.647883396534	0.4	9460.004883396534	9460.589883396533	0	1	22	2	0	75	1	3	7	0	[126  82]	13
9460.053416729868	4.039866666666057	trials	9460.957416729869	9461.939416729869	0.37	9462.270416729869	9462.65541672987	0	1	15	0	0	34	1	1	0	0	[-113  -78]	13
9461.1663500632	2.9957666666668956	trials	9462.188350063201	9462.2523500632	0.435	9462.6533500632	9463.313350063201	0	0	20	2	0	51	0	3	9	0	[139  -7]	13
9463.972816729867	4.405333333334056	trials	9464.752816729868	9465.750816729867	0.44	9466.149816729867	9466.679816729868	0	1	8	1	0	17	1	1	8	0	[-115 -100]	13
9466.006216729867	4.455700000000434	trials	9467.090216729868	9467.788216729867	0.405	9468.163216729867	9468.738216729867	0	1	15	1	0	35	1	1	9	0	[-113  -78]	13
9469.207683396533	4.4650000000001455	trials	9470.322683396533	9471.220683396534	0.385	9471.564683396533	9472.039683396533	0	1	16	2	0	39	1	3	9	0	[-108   82]	13
9469.433783396535	4.190466666665088	trials	9470.229783396535	9470.943783396535	0.41	9471.310783396535	9471.825783396534	0	1	30	2	1	72	1	3	9	0	[-106  -80]	13
9471.6063500632	4.294966666666369	trials	9472.743350063201	9473.4073500632	0.415	9473.778350063201	9474.303350063201	0	1	23	2	0	78	1	3	7	0	[-4 93]	13
9474.3226500632	4.340700000000652	trials	9475.4076500632	9475.9556500632	0.425	9476.3496500632	9476.8746500632	0	1	15	2	0	36	1	3	9	0	[-113  -78]	13
9476.716216729867	4.165000000000873	trials	9477.729216729867	9478.527216729866	0.455	9478.938216729866	9479.353216729867	0	1	0	2	0	0	0	1	2	1	[-139   37]	13
9479.527516729868	4.3298666666669305	trials	9480.677516729867	9481.658516729867	0.4	9482.019516729868	9482.414516729868	0	1	27	0	0	61	1	1	0	0	[115 -80]	13
9484.832650063201	4.094999999999345	trials	9485.862650063202	9486.5446500632	0.37	9486.8746500632	9487.309650063202	0	1	14	2	0	33	1	3	9	0	[141   6]	13
9485.2686500632	4.27463333333435	trials	9486.0536500632	9486.5176500632	0.335	9487.745650063202	9488.0706500632	0	1	5	0	0	0	0	1	8	0	[-13 111]	13
9488.741416729867	3.749633333334714	trials	9489.568416729866	9490.249416729866	0.38	9490.593416729867	9491.033416729866	0	1	33	0	0	88	1	1	0	0	[134 -46]	13
9490.007516729867	4.579833333333227	trials	9490.815516729868	9491.429516729868	0.34	9492.749516729868	9493.114516729867	0	1	9	1	0	0	0	1	9	0	[121 -76]	13
9493.281316729866	3.885033333333922	trials	9494.103316729866	9494.734316729866	0.375	9495.078316729867	9495.508316729867	0	1	38	2	0	105	1	3	9	0	[105 -83]	13
9495.372516729867	4.25573333333341	trials	9496.217516729866	9497.049516729867	0.4	9497.414516729867	9497.879516729867	0	1	32	1	0	86	1	1	9	0	[-117  -86]	13
9497.1985500632	4.235000000000582	trials	9498.292550063199	9498.8235500632	0.52	9499.3055500632	9499.8155500632	0	1	29	2	0	69	1	3	9	0	[-114   11]	13
9498.096316729867	4.165033333332758	trials	9498.922316729866	9499.703316729867	0.48	9500.143316729867	9500.633316729867	0	1	10	2	0	21	1	3	9	0	[ -9 110]	13
9500.512516729868	4.225699999999051	trials	9501.503516729868	9502.084516729868	0.51	9502.554516729868	9503.014516729869	0	1	36	1	0	98	1	1	9	0	[-115   77]	13
9502.213416729868	4.284966666666151	trials	9503.178416729868	9504.042416729868	0.39	9504.395416729869	9504.965416729869	0	1	24	1	0	80	1	1	7	0	[ 95 -89]	13
9503.056183396533	4.2850000000016735	trials	9504.191183396533	9504.856183396532	0.42	9505.238183396534	9505.748183396532	0	1	10	1	0	20	1	1	9	0	[ -9 110]	13
9506.197716729868	3.164633333331949	trials	9507.189716729868	9507.204716729868	0.39	9507.559716729867	9507.934716729867	0	1	7	0	0	13	1	1	0	0	[136  87]	13
9507.643516729868	4.070033333333413	trials	9508.664516729868	9509.128516729868	0.435	9509.530516729868	9510.090516729868	0	1	18	2	0	45	1	3	9	0	[114 -86]	13
9508.156183396533	4.210000000000946	trials	9509.227183396533	9509.975183396533	0.38	9510.318183396534	9510.763183396533	0	1	37	1	0	101	1	1	9	0	[119  80]	13
9512.4927500632	4.009733333334225	trials	9513.3427500632	9513.8907500632	0.455	9514.3047500632	9514.9647500632	0	1	25	1	0	56	1	1	8	0	[  8 102]	13
9512.673383396534	4.544866666667076	trials	9513.483383396533	9514.164383396534	0.34	9515.350383396533	9515.750383396533	0	1	5	1	0	0	0	1	8	0	[-115 -100]	13
9513.221183396534	4.429966666666587	trials	9514.213183396534	9515.144183396535	0.375	9515.478183396533	9516.118183396535	0	1	6	1	0	11	1	1	8	0	[-13 111]	13
9517.402483396534	3.7998666666662757	trials	9518.295483396534	9518.993483396534	0.415	9519.364483396534	9519.764483396533	0	1	2	0	0	1	1	1	0	0	[114  91]	13
9519.248750063201	4.199766666666619	trials	9520.319750063201	9520.817750063201	0.505	9521.2907500632	9521.8157500632	0	1	6	2	0	12	1	3	8	0	[-13 111]	13
9521.842483396535	3.6398666666664212	trials	9522.897483396535	9523.311483396534	0.36	9523.639483396535	9524.029483396534	0	1	35	0	0	94	1	1	0	0	[123   9]	13
9522.101316729868	4.409966666666151	trials	9523.034316729869	9523.832316729868	0.475	9524.268316729867	9524.913316729868	0	1	25	2	0	57	1	3	8	0	[  8 102]	13
9524.298516729868	4.369999999998981	trials	9525.205516729868	9526.136516729868	0.44	9526.545516729868	9527.095516729869	0	1	24	2	0	81	1	3	7	0	[ 95 -89]	13
9527.047483396535	4.094999999999345	trials	9527.983483396534	9528.581483396534	0.56	9529.099483396534	9529.584483396535	0	1	22	1	0	74	1	1	7	0	[126  82]	13
9527.2761500632	3.7399999999997817	trials	9528.0531500632	9528.584150063201	0.445	9528.9881500632	9529.458150063201	0	1	7	1	0	14	1	1	8	0	[136  87]	13
9529.558383396534	3.6098333333338815	trials	9530.408383396534	9530.955383396535	0.38	9531.295383396533	9531.720383396534	0	1	32	0	0	85	1	1	0	0	[-117  -86]	13
9532.217616729868	3.985033333332467	trials	9533.085616729868	9533.733616729867	0.345	9534.039616729868	9534.544616729867	0	1	31	2	0	84	1	3	9	0	[-121   68]	13
9539.348616729867	3.5996333333332586	trials	9540.346616729867	9540.793616729867	0.36	9541.115616729867	9541.525616729867	0	1	15	0	0	34	1	1	0	0	[-113  -78]	13
9539.392716729868	4.5147333333334245	trials	9540.339716729868	9541.337716729868	0.56	9541.854716729868	9542.344716729867	0	1	24	1	0	80	1	1	7	0	[ 95 -89]	13
9541.211383396534	3.9747333333325514	trials	9542.093383396534	9542.791383396534	0.425	9543.173383396534	9543.668383396534	0	1	27	1	0	62	1	1	8	0	[115 -80]	13
9546.136150063201	3.904833333333954	trials	9547.1951500632	9547.710150063202	0.505	9548.1781500632	9548.568150063202	0	1	36	0	0	97	1	1	0	0	[-115   77]	13
9549.387883396534	4.269700000000739	trials	9550.494883396534	9551.058883396534	0.42	9551.449883396534	9552.019883396533	0	1	3	2	1	6	1	3	7	0	[-144  -52]	13
9551.968716729867	4.074800000000323	trials	9552.735716729867	9553.550716729867	0.45	9553.970716729867	9554.425716729867	0	1	11	2	0	24	1	3	9	0	[121 -76]	13
9552.411416729869	3.6595666666653415	trials	9553.248416729868	9553.830416729868	0.41	9554.208416729869	9554.59341672987	0	1	22	0	0	73	1	1	0	0	[126  82]	13
9554.577583396534	3.7056999999986147	trials	9555.346583396535	9555.627583396534	0.395	9555.979583396535	9556.494583396534	0	1	21	2	0	54	1	3	9	0	[-134  -83]	13
9556.781283396534	3.6356666666670208	trials	9557.567283396535	9557.698283396534	0.46	9558.123283396535	9558.633283396535	0	1	34	2	0	93	1	3	9	0	[122 -81]	13
9559.117483396534	4.209966666665423	trials	9560.148483396535	9560.796483396534	0.43	9561.189483396534	9561.804483396534	0	1	23	1	0	77	1	1	7	0	[-4 93]	13
9563.183716729867	4.314733333334516	trials	9564.107716729868	9564.905716729867	0.525	9565.395716729867	9565.900716729868	0	1	23	2	0	78	1	3	7	0	[-4 93]	13
9564.177450063202	3.3848666666654026	trials	9565.034450063202	9565.365450063202	0.41	9565.734450063203	9566.104450063202	0	1	28	0	0	64	1	1	0	0	[110  79]	13
9568.303383396535	4.0200333333323215	trials	9569.343383396536	9569.874383396535	0.39	9570.220383396534	9570.720383396534	0	1	35	1	0	95	1	1	9	0	[123   9]	13
9571.666483396533	4.094766666667056	trials	9572.808483396533	9573.339483396534	0.39	9573.693483396533	9574.148483396533	0	1	31	2	0	84	1	3	9	0	[-121   68]	13
9572.987816729867	4.169733333334079	trials	9574.088816729867	9574.603816729867	0.395	9574.964816729867	9575.504816729866	0	1	23	2	0	78	1	3	7	0	[-4 93]	13
9576.4511500632	4.009833333333518	trials	9577.5771500632	9578.2911500632	0.35	9578.608150063199	9579.0081500632	0	1	20	0	1	49	1	1	0	0	[-132   83]	13
9577.8924500632	4.079966666666223	trials	9578.9574500632	9579.4384500632	0.39	9579.7994500632	9580.369450063201	0	1	3	1	0	5	1	1	7	0	[-144  -52]	13
9578.383716729868	4.754599999998391	trials	9579.164716729869	9580.112716729867	0.41	9581.225716729869	9581.625716729868	0	1	5	2	0	0	0	3	8	0	[-115 -100]	13
9581.391116729868	4.009866666665403	trials	9582.379116729868	9583.194116729868	0.415	9583.568116729868	9583.958116729867	0	1	30	0	0	70	1	1	0	0	[-106  -80]	13
9582.777550063201	4.64066666666622	trials	9583.676550063201	9584.674550063202	0.43	9585.064550063202	9585.679550063202	0	1	8	2	0	18	1	3	8	0	[-115 -100]	13
9585.978716729867	4.4504666666671255	trials	9586.902716729868	9587.749716729868	0.4	9588.105716729868	9588.640716729868	0	1	12	2	0	27	1	3	9	0	[-136  -23]	13
9586.276116729867	4.014833333334536	trials	9587.382116729867	9588.013116729866	0.475	9588.443116729866	9588.838116729867	0	1	21	0	0	52	1	1	0	0	[-134  -83]	13
9588.652416729867	4.004866666668022	trials	9589.546416729867	9590.544416729866	0.385	9590.894416729867	9591.199416729867	0	1	25	0	0	55	1	1	0	0	[  8 102]	13
9591.161116729867	4.5349999999998545	trials	9592.317116729868	9593.282116729866	0.415	9593.653116729867	9594.128116729868	0	1	16	1	0	38	1	1	9	0	[-108   82]	13
9591.303350063201	3.9899999999997817	trials	9592.1043500632	9592.8193500632	0.395	9593.180350063201	9593.705350063201	0	1	10	1	0	20	1	1	9	0	[ -9 110]	13
9595.602683396533	4.289633333333768	trials	9596.749683396534	9597.697683396533	0.375	9598.029683396533	9598.439683396533	0	1	29	0	0	67	1	1	0	0	[-114   11]	13
9596.0083500632	3.915033333332758	trials	9596.8903500632	9597.7383500632	0.38	9598.0753500632	9598.4003500632	0	1	0	1	0	0	0	1	2	1	[70 69]	13
9601.146216729867	4.580700000000434	trials	9602.005216729867	9602.920216729866	0.42	9603.283216729867	9603.948216729867	0	1	30	2	0	72	1	3	9	0	[-106  -80]	13
9602.4726500632	3.8396333333330404	trials	9603.4536500632	9604.0846500632	0.425	9604.4646500632	9604.869650063201	0	1	30	0	0	70	1	1	0	0	[-106  -80]	13
9607.037416729867	4.090033333333849	trials	9608.188416729867	9608.653416729867	0.435	9609.054416729867	9609.529416729867	0	1	21	1	0	53	1	1	9	0	[-134  -83]	13
9607.3885500632	4.205500000000029	trials	9608.2455500632	9608.8265500632	0.425	9609.2105500632	9609.8755500632	0	1	33	1	0	89	1	1	9	0	[134 -46]	13
9608.5863500632	4.235400000001391	trials	9609.3423500632	9610.2903500632	0.415	9610.6733500632	9611.1583500632	0	1	8	1	0	17	1	1	8	0	[-115 -100]	13
9612.533316729867	3.964866666667149	trials	9613.564316729868	9614.329316729867	0.435	9614.735316729866	9615.040316729866	0	1	25	0	0	55	1	1	0	0	[  8 102]	13
9613.312783396534	4.3897333333334245	trials	9614.358783396534	9615.106783396534	0.4	9615.474783396534	9616.099783396534	0	1	25	2	0	57	1	3	8	0	[  8 102]	13
9613.906083396534	3.3998666666666395	trials	9614.678083396535	9615.193083396534	0.42	9615.583083396534	9615.878083396534	0	1	23	0	0	76	1	1	0	0	[-4 93]	13
9617.203316729867	3.904866666667658	trials	9618.167316729867	9618.915316729866	0.425	9619.310316729867	9619.675316729867	0	1	16	0	0	37	1	1	0	0	[-108   82]	13
9618.467416729867	3.655000000000655	trials	9619.344416729868	9619.625416729867	0.45	9620.039416729867	9620.559416729868	0	1	6	1	0	11	1	1	8	0	[-13 111]	13
9620.121216729867	3.8100333333331946	trials	9620.998216729868	9621.462216729868	0.42	9621.843216729867	9622.328216729868	0	1	36	2	0	99	1	3	9	0	[-115   77]	13
9621.913316729868	3.504866666666203	trials	9622.869316729868	9623.150316729867	0.39	9623.510316729868	9623.945316729867	0	1	12	0	0	25	1	1	0	0	[-136  -23]	13
9624.766083396535	3.899999999999636	trials	9625.683083396534	9626.148083396534	0.4	9626.513083396534	9627.118083396535	0	1	24	1	0	80	1	1	7	0	[ 95 -89]	13
9625.332616729867	4.419766666667783	trials	9626.397616729868	9627.395616729867	0.42	9627.774616729866	9628.299616729868	0	1	2	1	0	2	1	1	7	0	[114  91]	13
9626.133316729867	4.300000000001091	trials	9627.088316729867	9627.919316729867	0.33	9628.210316729866	9628.895316729868	0	1	25	1	0	56	1	1	8	0	[  8 102]	13
9631.303350063201	3.819999999999709	trials	9632.2403500632	9632.8713500632	0.4	9633.2403500632	9633.6203500632	0	1	0	1	0	0	0	1	2	1	[118 -17]	13
9635.107416729868	3.799833333332572	trials	9635.918416729868	9636.81641672987	0.35	9637.134416729868	9637.519416729869	0	1	36	0	0	97	1	1	0	0	[-115   77]	13
9635.863316729867	3.8698333333340997	trials	9636.909316729867	9637.490316729867	0.465	9637.925316729867	9638.280316729866	0	1	22	0	0	73	1	1	0	0	[126  82]	13
9639.657383396534	3.4548666666669305	trials	9640.504383396534	9640.968383396534	0.385	9641.309383396534	9641.724383396533	0	1	12	0	0	25	1	1	0	0	[-136  -23]	13
9640.846416729868	4.054766666666183	trials	9641.891416729868	9642.222416729868	0.49	9642.678416729868	9643.313416729869	0	1	6	2	0	12	1	3	8	0	[-13 111]	13
9644.007383396534	4.055733333332682	trials	9644.939383396535	9645.504383396534	0.46	9645.924383396534	9646.429383396535	0	1	33	1	0	89	1	1	9	0	[134 -46]	13
9645.5685500632	4.599766666666255	trials	9646.6475500632	9647.462550063201	0.495	9647.9155500632	9648.6005500632	0	1	6	1	0	11	1	1	8	0	[-13 111]	13
9648.982383396535	4.1604333333325485	trials	9649.975383396535	9650.756383396534	0.39	9651.114383396534	9651.619383396535	0	1	4	1	0	8	1	1	7	0	[125 -18]	13
9652.2286500632	5.259633333334932	trials	9653.3506500632	9654.2326500632	0.385	9655.5706500632	9655.9756500632	0	1	9	2	0	0	0	3	9	0	[-136  -23]	13
9653.016416729868	3.9147999999986496	trials	9654.064416729869	9654.178416729868	0.455	9654.598416729868	9655.293416729868	0	1	20	2	0	51	1	3	9	0	[-132   83]	13
9653.987383396534	3.809833333334609	trials	9654.761383396533	9655.642383396535	0.365	9655.969383396534	9656.424383396534	0	1	38	0	0	103	1	1	0	0	[105 -83]	13
9658.403283396534	3.4998666666670033	trials	9659.236283396534	9659.701283396535	0.385	9660.050283396535	9660.450283396534	0	1	26	0	0	58	1	1	0	0	[-115   70]	13
9658.617383396533	4.165000000000873	trials	9659.380383396534	9660.361383396534	0.375	9660.694383396532	9661.249383396533	0	1	31	1	0	83	1	1	9	0	[-121   68]	13
9659.136283396534	3.7946333333329676	trials	9660.000283396534	9660.748283396533	0.39	9661.103283396535	9661.493283396534	0	1	11	0	0	22	1	1	0	0	[121 -76]	13
9663.786216729866	4.224966666668479	trials	9664.919216729866	9665.617216729866	0.375	9665.948216729867	9666.408216729866	0	1	28	2	0	66	1	3	9	0	[110  79]	13
9664.773516729867	3.6445666666677425	trials	9665.640516729867	9666.204516729867	0.38	9666.545516729868	9666.980516729867	0	1	8	0	0	16	1	1	0	0	[-115 -100]	13
9668.856183396534	4.404966666666951	trials	9669.705183396534	9670.569183396534	0.59	9671.128183396535	9671.668183396534	0	1	14	2	0	33	1	3	9	0	[141   6]	13
9668.882383396534	3.694966666666005	trials	9669.668383396534	9670.116383396535	0.435	9670.519383396535	9671.119383396534	0	1	6	1	0	11	1	1	8	0	[-13 111]	13
9669.188283396534	3.9998666666670033	trials	9670.058283396535	9670.990283396533	0.39	9671.340283396534	9671.735283396534	0	1	11	0	0	22	1	1	0	0	[121 -76]	13
9673.382483396534	4.620633333333899	trials	9674.520483396534	9675.385483396534	0.495	9675.839483396534	9676.359483396534	0	1	27	2	0	63	1	3	8	0	[115 -80]	13
9674.063416729867	4.169966666668188	trials	9675.161416729867	9675.675416729866	0.49	9676.130416729866	9676.660416729866	0	1	22	2	0	75	1	3	7	0	[126  82]	13
9677.031283396534	3.634633333333113	trials	9677.859283396534	9678.440283396534	0.425	9678.823283396534	9679.208283396534	0	1	35	0	0	94	1	1	0	0	[123   9]	13
9678.807350063202	3.444966666666005	trials	9679.739350063202	9679.937350063201	0.4	9680.2943500632	9680.799350063202	0	1	0	2	0	0	0	1	2	1	[-108  -58]	13
9680.258550063201	3.929599999999482	trials	9681.214550063201	9681.828550063201	0.51	9682.310550063201	9682.7455500632	0	1	35	0	0	94	1	1	0	0	[123   9]	13
9681.516050063201	3.915000000000873	trials	9682.377050063202	9682.909050063201	0.39	9683.268050063201	9683.8780500632	0	1	25	1	0	56	1	1	8	0	[  8 102]	13
9685.148283396535	4.305033333332176	trials	9686.149283396535	9686.981283396535	0.415	9687.355283396535	9687.850283396534	0	1	13	1	0	29	1	1	9	0	[-117   88]	13
9685.572716729868	4.305399999999281	trials	9686.643716729868	9687.341716729868	0.41	9687.71971672987	9688.254716729869	0	1	27	2	0	63	1	3	8	0	[115 -80]	13
9686.446050063201	3.9549999999999272	trials	9687.3630500632	9687.911050063201	0.42	9688.298050063202	9688.8630500632	0	1	35	1	0	95	1	1	9	0	[123   9]	13
9691.521150063201	4.584999999999127	trials	9692.4991500632	9693.4471500632	0.43	9693.8481500632	9694.4731500632	0	1	35	2	0	96	1	3	9	0	[123   9]	13
9692.292583396535	4.054599999999482	trials	9693.296583396535	9694.077583396534	0.375	9694.419583396535	9694.869583396534	0	1	32	0	0	85	1	1	0	0	[-117  -86]	13
9692.973316729867	3.854833333332863	trials	9693.953316729867	9694.751316729868	0.385	9695.095316729867	9695.375316729867	0	1	23	0	0	76	1	1	0	0	[-4 93]	13
9697.1673500632	4.004833333334318	trials	9698.082350063201	9698.9803500632	0.41	9699.349350063201	9699.6993500632	0	1	24	0	0	79	1	1	0	0	[ 95 -89]	13
9699.386383396533	4.044733333334079	trials	9700.236383396534	9701.084383396534	0.375	9701.418383396533	9701.878383396534	0	1	2	2	0	3	1	3	7	0	[114  91]	13
9701.877483396534	5.18483333333279	trials	9702.934483396535	9703.849483396534	0.35	9705.149483396535	9705.524483396535	0	1	9	2	0	0	0	3	9	0	[-136  -23]	13
9703.413616729867	4.929633333333186	trials	9704.242616729867	9705.223616729867	0.565	9706.465616729867	9706.820616729867	0	1	1	2	0	0	0	3	7	0	[-144  -52]	13
9704.2910500632	4.4104333333325485	trials	9705.072050063201	9706.0030500632	0.43	9706.393050063201	9707.0680500632	0	1	26	1	0	59	1	1	8	0	[-115   70]	13
9707.7574500632	4.929866666667294	trials	9708.8534500632	9709.3354500632	0.345	9710.7294500632	9711.1394500632	0	1	1	2	0	0	0	3	7	0	[-144  -52]	13
9709.223250063202	3.5098666666654026	trials	9710.028250063202	9710.542250063201	0.415	9710.920250063202	9711.280250063202	0	1	2	0	0	1	1	1	0	0	[114  91]	13
9709.466016729868	3.6398666666664212	trials	9710.291016729869	9710.839016729868	0.4	9711.208016729868	9711.613016729869	0	1	32	0	0	85	1	1	0	0	[-117  -86]	13
9713.4032500632	3.845000000001164	trials	9714.2132500632	9714.7442500632	0.465	9715.1652500632	9715.6852500632	0	1	22	1	0	74	1	1	7	0	[126  82]	13
9713.432483396535	4.09996666666666	trials	9714.306483396535	9714.971483396535	0.38	9715.319483396535	9715.924483396535	0	1	6	2	1	12	1	3	8	0	[-13 111]	13
9714.026016729867	3.3898666666664212	trials	9714.810016729867	9715.324016729868	0.395	9715.683016729867	9715.968016729867	0	1	10	0	0	19	1	1	0	0	[ -9 110]	13
9718.0860500632	4.1749333333336835	trials	9719.062050063201	9719.8260500632	0.39	9720.188050063201	9720.7530500632	0	1	23	1	0	77	1	1	7	0	[-4 93]	13
9718.162350063201	4.279966666665132	trials	9719.2753500632	9719.8903500632	0.415	9720.269350063201	9720.9193500632	0	1	35	1	0	95	1	1	9	0	[123   9]	13
9718.1732500632	3.669866666667076	trials	9719.0492500632	9719.5632500632	0.44	9719.9652500632	9720.390250063201	0	1	29	0	0	67	1	1	0	0	[-114   11]	13
9722.5582500632	4.299999999999272	trials	9723.6342500632	9724.4322500632	0.395	9724.7952500632	9725.3252500632	0	1	2	1	0	2	0	1	7	0	[114  91]	13
9725.557583396534	3.9897666666656733	trials	9726.429583396533	9726.976583396534	0.42	9727.364583396535	9727.949583396534	0	1	13	1	0	29	1	1	9	0	[-117   88]	13
9725.9762500632	3.9096000000008644	trials	9727.016250063201	9727.6802500632	0.405	9728.0432500632	9728.453250063201	0	1	38	0	0	103	1	1	0	0	[105 -83]	13
9730.598516729868	4.170200000000477	trials	9731.438516729868	9732.019516729868	0.44	9732.420516729868	9733.115516729868	0	1	26	1	0	59	1	1	8	0	[-115   70]	13
9730.856116729869	4.764999999999418	trials	9731.935116729868	9732.83311672987	0.47	9733.273116729868	9733.99311672987	0	1	3	2	0	6	1	3	7	0	[-144  -52]	13
9732.5375500632	3.4346333333342045	trials	9733.4155500632	9733.863550063199	0.41	9734.2395500632	9734.5345500632	0	1	23	0	0	76	1	1	0	0	[-4 93]	13
9735.403216729868	4.279899999999543	trials	9736.357216729868	9736.805216729868	0.32	9737.855216729868	9738.235216729869	0	1	5	0	0	0	0	1	8	0	[136  87]	13
9736.386016729868	4.06483333333199	trials	9737.354016729869	9738.219016729869	0.385	9738.563016729868	9739.018016729868	0	1	7	0	0	13	1	1	0	0	[136  87]	13
9739.0675500632	3.7846333333345683	trials	9739.9855500632	9740.5335500632	0.395	9740.8995500632	9741.329550063201	0	1	0	0	0	0	0	1	2	1	[-85 101]	13
9741.276083396533	3.9250333333347953	trials	9742.140083396533	9742.704083396533	0.415	9743.088083396533	9743.568083396533	0	1	16	2	0	39	1	3	9	0	[-108   82]	13
9742.258583396535	4.209799999998722	trials	9743.094583396534	9743.942583396534	0.425	9744.325583396534	9744.900583396535	0	1	17	2	0	42	1	3	9	0	[117  86]	13
9747.343350063202	3.9350333333313756	trials	9748.129350063202	9748.711350063202	0.46	9749.130350063202	9749.650350063202	0	1	19	2	0	48	1	3	9	0	[139  -7]	13
9752.1233500632	4.204999999999927	trials	9753.098350063201	9753.913350063202	0.37	9754.250350063201	9754.7553500632	0	1	2	2	0	3	1	3	7	0	[114  91]	13
9753.921083396534	3.4800333333332674	trials	9754.696083396533	9755.010083396533	0.405	9755.378083396534	9755.813083396533	0	1	37	2	0	102	1	3	9	0	[119  80]	13
9757.3383500632	4.515566666666928	trials	9758.268350063201	9758.966350063201	0.5	9759.430350063201	9760.1053500632	0	1	26	2	0	60	1	3	8	0	[-115   70]	13
9758.480983396534	4.105033333333267	trials	9759.530983396533	9760.095983396533	0.395	9760.457983396534	9760.967983396533	0	1	36	1	0	98	1	1	9	0	[-115   77]	13
9762.7733500632	4.520000000000437	trials	9763.9043500632	9764.7853500632	0.43	9765.1803500632	9765.670350063201	0	1	31	2	0	84	1	3	9	0	[-121   68]	13
9763.261116729867	3.984966666666878	trials	9764.167116729868	9764.631116729868	0.45	9765.048116729868	9765.673116729868	0	1	22	2	0	75	1	3	7	0	[126  82]	13
9764.367416729867	4.165000000000873	trials	9765.197416729867	9766.062416729867	0.39	9766.419416729866	9766.884416729867	0	1	36	2	0	99	1	3	9	0	[-115   77]	13
9768.163216729867	3.879866666668022	trials	9769.206216729866	9769.971216729868	0.38	9770.310216729868	9770.590216729866	0	1	6	0	0	10	1	1	0	0	[-13 111]	13
9769.227450063201	4.494966666665277	trials	9770.1004500632	9771.0984500632	0.415	9771.4744500632	9772.124450063202	0	1	18	2	0	45	1	3	9	0	[114 -86]	13
9772.818250063201	4.884799999999814	trials	9773.9422500632	9774.6732500632	0.48	9775.8602500632	9776.2602500632	0	1	9	0	0	0	0	1	9	0	[121 -76]	13
9774.622416729868	3.974999999998545	trials	9775.436416729868	9776.133416729868	0.415	9776.504416729867	9776.954416729868	0	1	11	2	0	24	1	3	9	0	[121 -76]	13
9775.0362500632	4.030433333333349	trials	9776.1392500632	9776.3542500632	0.52	9776.8332500632	9777.3482500632	0	1	39	1	0	107	1	1	9	0	[-90 -82]	13
9778.633250063202	3.9747999999999593	trials	9779.695250063201	9780.1922500632	0.57	9780.725250063202	9781.175250063201	0	1	28	0	0	64	1	1	0	0	[110  79]	13
9781.897516729867	3.7296333333342773	trials	9782.756516729867	9783.337516729867	0.4	9783.704516729867	9784.164516729867	0	1	21	0	0	52	1	1	0	0	[-134  -83]	13
9786.397283396534	4.260000000000218	trials	9787.475283396534	9788.356283396535	0.34	9788.659283396535	9789.099283396534	0	1	14	1	0	32	1	1	9	0	[141   6]	13
9790.4534500632	3.5596000000005006	trials	9791.3844500632	9791.8484500632	0.375	9792.1804500632	9792.5704500632	0	1	33	0	0	88	1	1	0	0	[134 -46]	13
9791.577383396534	3.6300333333329036	trials	9792.611383396534	9792.641383396534	0.49	9793.094383396534	9793.574383396533	0	1	14	2	0	33	1	3	9	0	[141   6]	13
9794.556183396533	3.790433333335386	trials	9795.365183396532	9795.863183396534	0.38	9796.213183396532	9796.693183396534	0	1	27	1	0	62	1	1	8	0	[115 -80]	13
9794.978316729866	3.71003333333465	trials	9795.769316729866	9796.083316729866	0.515	9796.560316729867	9797.065316729866	0	1	19	2	0	48	1	3	9	0	[139  -7]	13
9799.2259500632	4.2048666666669305	trials	9800.2339500632	9801.1989500632	0.4	9801.567950063201	9801.9729500632	0	1	34	0	0	91	1	1	0	0	[122 -81]	13
9800.018216729868	4.899833333332936	trials	9801.022216729869	9801.686216729868	0.395	9803.085216729867	9803.480216729868	0	1	9	1	0	0	0	1	9	0	[-136  -23]	13
9804.626050063202	4.604999999999563	trials	9805.7200500632	9806.5680500632	0.465	9806.9880500632	9807.598050063201	0	1	7	2	0	15	1	3	8	0	[136  87]	13
9805.788183396533	4.069866666668531	trials	9806.874183396532	9807.639183396534	0.44	9808.040183396533	9808.415183396533	0	1	37	0	0	100	1	1	0	0	[119  80]	13
9805.922483396535	3.564633333333404	trials	9806.717483396535	9807.382483396534	0.33	9807.679483396534	9808.024483396535	0	1	27	0	0	61	1	1	0	0	[115 -80]	13
9810.1010500632	3.7700333333341405	trials	9811.1060500632	9811.4210500632	0.425	9811.8080500632	9812.2980500632	0	1	11	2	0	24	1	3	9	0	[121 -76]	13
9810.152250063202	3.6798666666654753	trials	9811.119250063202	9811.584250063202	0.41	9811.954250063201	9812.374250063202	0	1	3	0	0	4	1	1	0	0	[-144  -52]	13
9812.9835500632	4.404766666666546	trials	9813.9445500632	9814.8425500632	0.365	9815.1655500632	9815.7855500632	0	1	10	2	0	21	1	3	9	0	[ -9 110]	13
9814.7273500632	3.400000000001455	trials	9815.6053500632	9815.669350063199	0.415	9816.0543500632	9816.5393500632	0	1	4	2	0	9	1	3	7	0	[125 -18]	13
9814.960950063201	3.5948333333326445	trials	9815.824950063201	9816.372950063202	0.395	9816.737950063201	9817.122950063202	0	1	19	0	0	46	1	1	0	0	[139  -7]	13
9819.242216729868	3.9500333333326125	trials	9820.040216729869	9820.772216729869	0.375	9821.109216729868	9821.594216729869	0	1	16	1	0	38	1	1	9	0	[-108   82]	13
9820.653416729867	3.579633333334641	trials	9821.498416729866	9822.013416729867	0.415	9822.385416729867	9822.785416729866	0	1	11	0	0	22	1	1	0	0	[121 -76]	13
9821.4561500632	3.8346333333338407	trials	9822.245150063201	9823.093150063201	0.38	9823.433150063202	9823.823150063201	0	1	24	0	0	79	1	1	0	0	[ 95 -89]	13
9823.707216729868	3.7199000000000524	trials	9824.509216729868	9825.174216729869	0.415	9825.55921672987	9825.959216729869	0	1	7	0	0	13	1	1	0	0	[136  87]	13
9825.098183396534	3.790466666665452	trials	9825.850183396535	9826.481183396534	0.44	9826.885183396535	9827.280183396535	0	1	0	11	0	0	0	1	7	1	[-106  -80]	13
9829.332483396534	3.839766666666037	trials	9830.245483396535	9830.860483396535	0.365	9831.189483396534	9831.609483396534	0	1	28	1	0	65	1	1	9	0	[110  79]	13
9829.883183396534	4.100699999999051	trials	9830.886183396535	9831.417183396534	0.38	9831.765183396534	9832.260183396535	0	1	21	1	0	53	1	1	9	0	[-134  -83]	13
9830.1661500632	4.2497666666677105	trials	9831.0491500632	9831.9471500632	0.465	9832.3831500632	9832.9181500632	0	1	22	1	0	74	1	1	7	0	[126  82]	13
9834.0522500632	4.029866666667658	trials	9835.1982500632	9835.879250063199	0.44	9836.2842500632	9836.6242500632	0	1	13	0	0	28	1	1	0	0	[-117   88]	13
9834.793183396534	4.129966666667315	trials	9835.588183396534	9836.353183396533	0.58	9836.900183396534	9837.385183396535	0	1	7	1	0	14	1	1	8	0	[136  87]	13
9835.2110500632	4.490033333333486	trials	9836.1850500632	9837.133050063201	0.38	9837.483050063202	9838.1030500632	0	1	29	2	0	69	1	3	9	0	[-114   11]	13
9838.6223500632	4.049999999999272	trials	9839.5173500632	9840.1813500632	0.405	9840.554350063201	9841.0743500632	0	1	7	2	0	15	1	3	8	0	[136  87]	13
9839.858183396535	3.7048666666651116	trials	9840.857183396534	9841.355183396534	0.395	9841.710183396535	9842.110183396535	0	1	31	0	0	82	1	1	0	0	[-121   68]	13
9845.2011500632	3.9796333333342773	trials	9846.340150063199	9846.9551500632	0.375	9847.2931500632	9847.7281500632	0	1	29	0	0	67	1	1	0	0	[-114   11]	13
9846.218416729867	3.529533333332438	trials	9847.177416729868	9847.508416729868	0.415	9847.885416729867	9848.270416729867	0	1	21	0	0	52	1	1	0	0	[-134  -83]	13
9849.7524500632	3.734633333333477	trials	9850.539450063201	9851.3864500632	0.345	9851.6944500632	9852.0344500632	0	1	15	0	0	34	1	1	0	0	[-113  -78]	13
9850.573150063201	3.099899999999252	trials	9851.413150063201	9851.443150063202	0.405	9851.805150063201	9852.225150063201	0	1	19	0	0	46	1	1	0	0	[139  -7]	13
9854.5231500632	4.039866666667876	trials	9855.5651500632	9856.3631500632	0.35	9856.6801500632	9857.1001500632	0	1	3	0	0	4	1	1	0	0	[-144  -52]	13
9856.856116729869	3.024666666664416	trials	9857.962116729868	9858.62711672987	0.385	9858.973116729869		0	0	4	0	0	7	0	1	0	0	[125 -18]	13
9859.388283396534	4.925600000000486	trials	9860.367283396534	9861.315283396534	0.67	9861.950283396534	9862.540283396535	0	1	8	2	0	18	1	3	8	0	[-115 -100]	13
9860.782450063201	3.499633333332895	trials	9861.544450063202	9862.1084500632	0.365	9862.4394500632	9862.834450063201	0	1	39	0	0	106	1	1	0	0	[-90 -82]	13
9864.3811500632	4.144733333334443	trials	9865.3821500632	9866.0141500632	0.39	9866.3631500632	9866.9581500632	0	1	14	1	0	32	1	1	9	0	[141   6]	13
9864.937183396534	4.9698666666663485	trials	9865.996183396534	9866.694183396534	0.315	9868.074183396535	9868.444183396534	0	1	1	1	0	0	0	1	7	0	[125 -18]	13
9865.338283396533	4.165033333334577	trials	9866.253283396534	9866.984283396534	0.455	9867.395283396534	9867.905283396532	0	1	36	2	0	99	1	3	9	0	[-115   77]	13
9869.875883396533	4.270733333334647	trials	9870.701883396532	9871.349883396533	0.495	9871.802883396533	9872.387883396534	0	1	33	1	0	89	1	1	9	0	[134 -46]	13
9875.203516729867	4.4997666666677105	trials	9876.275516729867	9876.989516729867	0.46	9877.410516729868	9878.085516729867	0	1	33	2	0	90	1	3	9	0	[134 -46]	13
9875.351016729866	4.17563333333419	trials	9876.154016729866	9876.819016729867	0.435	9877.213016729866	9877.738016729867	0	1	32	2	0	87	1	3	9	0	[-117  -86]	13
9879.4024500632	4.209533333334548	trials	9880.5364500632	9881.3684500632	0.365	9881.7044500632	9882.1494500632	0	1	16	0	0	37	1	1	0	0	[-108   82]	13
9880.465883396533	3.890033333333122	trials	9881.489883396533	9881.920883396533	0.41	9882.292883396532	9882.822883396533	0	1	37	1	0	101	1	1	9	0	[119  80]	13
9883.028383396533	3.769766666668147	trials	9884.145383396533	9884.309383396534	0.44	9884.710383396534	9885.265383396532	0	1	6	1	0	11	1	1	8	0	[-13 111]	13
9884.117416729867	3.289633333333768	trials	9884.955416729867	9885.219416729868	0.4	9885.589416729867	9885.974416729867	0	1	33	0	0	88	1	1	0	0	[134 -46]	13
9885.190883396534	4.100733333334574	trials	9886.041883396534	9886.706883396533	0.42	9887.092883396534	9887.562883396533	0	1	21	1	1	53	1	1	9	0	[-134  -83]	13
9888.182183396533	4.335000000000946	trials	9889.307183396533	9889.988183396534	0.47	9890.414183396533	9890.954183396534	0	1	17	1	0	41	1	1	9	0	[117  86]	13
9889.975883396533	3.8148666666675126	trials	9890.844883396534	9891.608883396533	0.39	9891.962883396533	9892.352883396534	0	1	18	0	0	43	1	1	0	0	[114 -86]	13
9892.988116729866	4.060033333335014	trials	9894.100116729865	9894.648116729866	0.425	9895.030116729866	9895.520116729866	0	1	11	1	0	23	1	1	9	0	[121 -76]	13
9894.626016729868	3.8056999999989785	trials	9895.464016729868	9895.561016729867	0.425	9895.948016729868	9896.643016729868	0	1	33	2	0	90	1	3	9	0	[134 -46]	13
9897.728150063202	3.4598333333324263	trials	9898.835150063202	9899.000150063202	0.375	9899.335150063202	9899.745150063201	0	1	21	0	0	52	1	1	0	0	[-134  -83]	13
9898.857183396534	4.144833333333736	trials	9899.929183396534	9900.810183396534	0.375	9901.149183396534	9901.544183396534	0	1	18	0	0	43	1	1	0	0	[114 -86]	13
9899.395983396535	3.9755333333323506	trials	9900.182983396535	9900.646983396535	0.46	9901.072983396534	9901.647983396535	0	1	4	2	0	9	1	3	7	0	[125 -18]	13
9902.0981500632	3.809933333333902	trials	9903.0881500632	9903.7191500632	0.405	9904.0801500632	9904.4351500632	0	1	0	0	0	0	0	1	1	1	[94 -9]	13
9903.8371500632	4.52503333333334	trials	9904.7651500632	9905.7461500632	0.375	9906.0841500632	9906.7091500632	0	1	39	1	0	107	1	1	9	0	[-90 -82]	13
9904.505883396534	4.659833333333154	trials	9905.551883396534	9906.316883396534	0.305	9907.312883396535	9907.727883396534	0	1	9	0	0	0	0	1	9	0	[-136  -23]	13
9908.813350063201	3.3196666666663077	trials	9909.724350063201	9910.6393500632	0.415	9911.0153500632		0	0	8	0	0	16	0	1	0	0	[-115 -100]	13
9909.372183396534	3.1006333333334624	trials	9910.251183396535	9910.748183396534	0.445	9911.164183396533	9911.629183396533	0	0	7	1	0	14	0	1	8	0	[136  87]	13
9909.8958500632	4.46003333333465	trials	9910.8038500632	9911.5858500632	0.42	9911.962850063199	9912.6628500632	0	1	20	1	0	50	1	1	9	0	[-132   83]	13
9913.978116729868	3.894866666665621	trials	9914.860116729868	9915.541116729868	0.47	9915.970116729868	9916.410116729869	0	1	18	0	0	43	1	1	0	0	[114 -86]	13
9915.335983396533	3.7250333333340677	trials	9916.156983396533	9916.654983396533	0.41	9917.032983396533	9917.462983396534	0	1	11	2	0	24	1	3	9	0	[121 -76]	13
9916.247516729867	4.224766666668074	trials	9917.287516729868	9918.102516729867	0.385	9918.449516729866	9918.864516729867	0	1	7	2	0	15	1	3	8	0	[136  87]	13
9921.5071500632	4.010000000000218	trials	9922.3071500632	9923.154150063201	0.38	9923.5041500632	9923.9491500632	0	1	7	1	0	14	1	1	8	0	[136  87]	13
9921.6133500632	4.449800000000323	trials	9922.6803500632	9923.528350063201	0.41	9923.9053500632	9924.465350063201	0	1	13	1	0	29	1	1	9	0	[-117   88]	13
9923.706116729867	4.08543333333364	trials	9924.578116729866	9925.176116729866	0.43	9925.563116729867	9926.068116729866	0	1	32	1	0	86	1	1	9	0	[-117  -86]	13
9926.142283396533	3.9853333333339833	trials	9926.959283396533	9927.673283396534	0.395	9928.039283396534	9928.469283396533	0	1	0	12	0	0	0	3	6	1	[-108   82]	13
9926.833283396534	4.104933333333975	trials	9927.666283396535	9928.164283396534	0.45	9928.585283396535	9929.315283396534	0	1	7	2	0	15	1	3	8	0	[136  87]	13
9928.550983396533	3.694966666667824	trials	9929.329983396534	9929.627983396533	0.46	9930.047983396533	9930.652983396534	0	1	22	2	0	75	1	3	7	0	[126  82]	13
9930.782150063202	3.4548666666651116	trials	9931.661150063203	9932.042150063202	0.4	9932.399150063202	9932.784150063202	0	1	33	0	0	88	1	1	0	0	[134 -46]	13
9933.3458500632	5.3698333333341	trials	9934.482850063201	9935.4638500632	0.355	9936.8878500632	9937.277850063201	0	1	9	0	0	0	0	1	9	0	[-136  -23]	13
9934.588316729867	3.464700000000448	trials	9935.603316729866	9936.585316729866	0.445	9936.990316729867		0	0	30	0	0	70	0	1	0	0	[-106  -80]	13
9937.432416729867	3.679566666667597	trials	9938.298416729867	9938.895416729867	0.395	9939.249416729866	9939.689416729867	0	1	33	0	0	88	1	1	0	0	[134 -46]	13
9939.123316729867	4.259799999999814	trials	9940.089316729867	9940.903316729868	0.46	9941.320316729867	9941.825316729866	0	1	31	1	0	83	1	1	9	0	[-121   68]	13
9939.7059500632	4.684800000000905	trials	9940.735950063201	9941.3329500632	0.35	9942.4029500632	9942.852950063201	0	1	5	2	0	0	0	3	8	0	[-115 -100]	13
9944.377350063201	3.8747333333321876	trials	9945.368350063201	9945.8653500632	0.415	9946.244350063202	9946.709350063202	0	1	22	1	0	74	1	1	7	0	[126  82]	13
9945.090983396534	4.919833333333372	trials	9946.237983396535	9946.818983396533	0.465	9948.112983396535	9948.507983396534	0	1	9	2	0	0	0	3	9	0	[-136  -23]	13
9949.132250063201	4.060699999999997	trials	9949.970250063201	9950.534250063201	0.42	9950.9242500632	9951.409250063201	0	1	33	2	0	90	1	3	9	0	[134 -46]	13
9950.7409500632	4.365733333333992	trials	9951.8079500632	9952.4719500632	0.43	9952.8579500632	9953.342950063201	0	1	34	2	0	93	1	3	9	0	[122 -81]	13
9954.272116729868	4.309999999999491	trials	9955.039116729868	9956.037116729867	0.395	9956.399116729868	9956.929116729867	0	1	21	1	0	53	1	1	9	0	[-134  -83]	13
9958.958083396534	3.8998666666666395	trials	9959.948083396534	9960.746083396534	0.405	9961.120083396534	9961.405083396534	0	1	10	0	0	19	1	1	0	0	[ -9 110]	13
9963.793216729868	4.454999999999927	trials	9964.801216729868	9965.732216729868	0.405	9966.095216729867	9966.590216729868	0	1	13	2	0	30	1	3	9	0	[-117   88]	13
9966.305816729868	4.315000000000509	trials	9967.364816729867	9968.312816729867	0.385	9968.667816729867	9969.077816729869	0	1	28	1	0	65	1	1	9	0	[110  79]	13
9968.5724500632	4.0697666666674195	trials	9969.379450063201	9970.0444500632	0.46	9970.469450063201	9971.0544500632	0	1	22	2	0	75	1	3	7	0	[126  82]	13
9971.540816729866	4.190033333334213	trials	9972.633816729867	9973.214816729867	0.425	9973.607816729866	9974.147816729866	0	1	31	1	0	83	1	1	9	0	[-121   68]	13
9973.283316729867	4.204799999999523	trials	9974.255316729867	9974.820316729867	0.46	9975.235316729866	9975.965316729867	0	1	19	1	0	47	1	1	9	0	[139  -7]	13
9973.582116729867	3.8448666666663485	trials	9974.715116729867	9975.263116729868	0.405	9975.629116729868	9975.984116729867	0	1	17	0	0	40	1	1	0	0	[117  86]	13
9978.097116729867	4.189833333333809	trials	9979.151116729867	9980.099116729867	0.39	9980.459116729866	9980.844116729866	0	1	22	0	0	73	1	1	0	0	[126  82]	13
9980.2460500632	3.844633333334059	trials	9981.0050500632	9981.8530500632	0.38	9982.1930500632	9982.5830500632	0	1	31	0	0	82	1	1	0	0	[-121   68]	13
9982.933316729868	3.709599999998318	trials	9983.893316729867	9984.408316729869	0.425	9984.790316729868	9985.180316729868	0	1	13	0	0	28	1	1	0	0	[-117   88]	13
9982.9772500632	4.384966666666514	trials	9983.9032500632	9984.8342500632	0.385	9985.1792500632	9985.7692500632	0	1	35	2	0	96	1	3	9	0	[123   9]	13
9987.3780500632	3.714866666667149	trials	9988.2620500632	9988.8930500632	0.395	9989.2450500632	9989.6650500632	0	1	19	0	0	46	1	1	0	0	[139  -7]	13
9988.202216729867	4.330633333333026	trials	9989.155216729867	9989.853216729867	0.435	9990.254216729867	9990.744216729867	0	1	12	2	0	27	1	3	9	0	[-136  -23]	13
10001.248183396534	3.844999999999345	trials	10002.085183396533	10002.600183396535	0.465	10003.035183396534	10003.525183396534	0	1	17	2	1	42	1	3	9	0	[117  86]	13
10003.245916729868	4.405000000000655	trials	10004.332916729867	10005.097916729868	0.475	10005.532916729868	10006.062916729867	0	1	19	2	0	48	1	3	9	0	[139  -7]	13
10005.998050063201	3.8149666666668054	trials	10006.8710500632	10007.385050063202	0.43	10007.7800500632	10008.275050063201	0	1	23	1	0	77	1	1	7	0	[-4 93]	13
10010.808183396533	4.239966666667897	trials	10011.607183396534	10012.405183396533	0.385	10012.760183396533	10013.425183396534	0	1	3	2	0	6	1	3	7	0	[-144  -52]	13
10016.845783396533	4.214833333335264	trials	10017.822783396534	10018.803783396534	0.45	10019.222783396533	10019.607783396534	0	1	17	0	0	40	1	1	0	0	[117  86]	13
10017.943450063201	3.9147333333330607	trials	10018.777450063202	10019.308450063201	0.455	10019.720450063201	10020.240450063202	0	1	38	2	0	105	1	3	9	0	[105 -83]	13
10021.765916729868	4.494966666667096	trials	10022.891916729868	10023.839916729868	0.4	10024.197916729869	10024.652916729869	0	1	0	12	0	0	0	3	7	1	[-121   68]	13
10027.030783396534	3.4848333333320625	trials	10027.827783396535	10028.341783396534	0.425	10028.722783396533	10029.087783396535	0	1	28	0	0	64	1	1	0	0	[110  79]	13
10031.235916729867	4.119966666667096	trials	10032.295916729867	10032.877916729867	0.4	10033.232916729867	10033.752916729867	0	1	14	2	1	33	1	3	9	0	[141   6]	13
10033.427283396533	3.5896000000011554	trials	10034.244283396532	10034.908283396533	0.35	10035.214283396534	10035.584283396533	0	1	8	0	0	16	1	1	0	0	[-115 -100]	13
10036.535883396535	3.760033333332103	trials	10037.348883396535	10037.696883396535	0.53	10038.182883396536	10038.702883396534	0	1	37	2	0	102	0	3	9	0	[119  80]	13
10038.647283396534	4.119699999999284	trials	10039.697283396534	10040.628283396534	0.365	10040.959283396534	10041.274283396535	0	1	0	0	0	0	0	1	1	1	[67 49]	13
10039.938016729868	4.290666666665857	trials	10040.971016729867	10041.552016729867	0.455	10041.965016729868	10042.570016729867	0	1	8	1	0	17	1	1	8	0	[-115 -100]	13
10043.497083396534	4.129799999998795	trials	10044.532083396534	10045.464083396535	0.38	10045.809083396534	10046.189083396534	0	1	35	0	0	94	1	1	0	0	[123   9]	13
10043.925983396533	4.834633333333841	trials	10045.002983396533	10045.616983396534	0.39	10046.967983396533	10047.307983396533	0	1	5	1	0	0	0	1	8	0	[-115 -100]	13
10045.068016729867	3.9948666666678037	trials	10046.090016729868	10046.888016729867	0.34	10047.200016729867	10047.625016729868	0	1	36	0	0	97	1	1	0	0	[-115   77]	13
10048.457016729868	3.7506666666649835	trials	10049.218016729868	10049.766016729867	0.395	10050.129016729868	10050.579016729867	0	1	27	1	1	62	1	1	8	0	[115 -80]	13
10049.708016729866	3.9148666666678764	trials	10050.592016729866	10051.423016729867	0.375	10051.755016729867	10052.160016729866	0	1	21	0	0	52	1	1	0	0	[-134  -83]	13
10051.695983396534	3.869766666666692	trials	10052.605983396534	10053.120983396533	0.435	10053.517983396534	10054.007983396534	0	1	24	1	0	80	1	1	7	0	[ 95 -89]	13
10053.1470500632	4.200000000000728	trials	10054.1530500632	10054.6350500632	0.41	10055.0040500632	10055.6790500632	0	1	20	1	0	50	1	1	9	0	[-132   83]	13
10054.543016729867	3.989866666666785	trials	10055.578016729867	10056.342016729868	0.41	10056.710016729867	10057.080016729868	0	1	17	0	0	40	1	1	0	0	[117  86]	13
10056.555883396533	4.359933333333174	trials	10057.574883396534	10058.322883396533	0.485	10058.772883396534	10059.302883396533	0	1	24	2	0	81	1	3	7	0	[ 95 -89]	13
10059.4631500632	4.589966666666442	trials	10060.5971500632	10061.4281500632	0.425	10061.815150063201	10062.4551500632	0	1	3	2	0	6	1	3	7	0	[-144  -52]	13
10060.112383396534	4.455466666666325	trials	10061.174383396534	10061.771383396534	0.44	10062.169383396535	10062.769383396533	0	1	30	2	0	72	1	3	9	0	[-106  -80]	13
10061.7758500632	4.190033333332394	trials	10062.643850063201	10063.241850063201	0.385	10063.5928500632	10064.252850063202	0	1	20	2	1	51	1	3	9	0	[-132   83]	13
10065.712016729867	3.7749000000003434	trials	10066.576016729867	10067.357016729868	0.37	10067.699016729866	10068.054016729868	0	1	28	0	0	64	1	1	0	0	[110  79]	13
10068.2157500632	4.139866666666421	trials	10069.2977500632	10070.1287500632	0.385	10070.4827500632	10070.8927500632	0	1	14	0	0	31	1	1	0	0	[141   6]	13
10070.007050063201	3.8698333333322807	trials	10070.812050063201	10071.609050063202	0.43	10071.999050063201	10072.4440500632	0	1	20	0	0	49	1	1	0	0	[-132   83]	13
10074.5621500632	4.100033333334068	trials	10075.3471500632	10075.9621500632	0.51	10076.4341500632	10076.949150063201	0	1	20	2	0	51	1	3	9	0	[-132   83]	13
10079.367183396535	4.434966666665787	trials	10080.283183396534	10081.231183396534	0.405	10081.594183396535	10082.109183396535	0	1	21	2	0	54	1	3	9	0	[-134  -83]	13
10081.0282500632	4.12976666666691	trials	10081.8242500632	10082.6382500632	0.47	10083.0652500632	10083.5702500632	0	1	17	1	0	41	1	1	9	0	[117  86]	13
10084.727016729867	3.589866666667149	trials	10085.569016729867	10086.083016729866	0.4	10086.449016729866	10086.874016729867	0	1	4	0	0	7	1	1	0	0	[125 -18]	13
10085.110716729867	4.1656999999995605	trials	10085.905716729867	10086.586716729867	0.425	10086.982716729866	10087.522716729867	0	1	34	1	0	92	1	1	9	0	[122 -81]	13
10086.103016729867	3.5548333333335904	trials	10086.910016729867	10087.491016729868	0.37	10087.825016729867	10088.225016729866	0	1	20	0	0	49	1	1	0	0	[-132   83]	13
10089.062116729867	4.444966666667824	trials	10090.171116729867	10091.002116729867	0.43	10091.399116729866	10091.924116729866	0	1	4	2	0	9	1	3	7	0	[125 -18]	13
10089.945883396535	4.159966666666151	trials	10091.074883396535	10091.555883396535	0.45	10091.952883396534	10092.497883396534	0	1	18	2	0	45	1	3	9	0	[114 -86]	13
10091.443216729867	3.744633333333695	trials	10092.312216729868	10092.993216729867	0.35	10093.310216729868	10093.735216729867	0	1	30	0	0	70	1	1	0	0	[-106  -80]	13
10094.5521500632	4.280000000000655	trials	10095.5401500632	10096.3881500632	0.465	10096.814150063201	10097.2191500632	0	1	37	2	0	102	1	3	9	0	[119  80]	13
10094.815716729867	4.444999999999709	trials	10095.709716729867	10096.557716729867	0.64	10097.162716729867	10097.737716729867	0	1	2	1	0	2	1	1	7	0	[114  91]	13
10095.987983396535	3.6398666666646022	trials	10096.930983396534	10097.411983396536	0.425	10097.804983396534	10098.169983396536	0	1	7	0	0	13	1	1	0	0	[136  87]	13
10099.9557500632	3.71480000000156	trials	10100.9797500632	10101.4767500632	0.42	10101.8627500632	10102.2227500632	0	1	2	0	0	1	1	1	0	0	[114  91]	13
10106.252016729868	3.549833333332572	trials	10107.079016729867	10107.527016729868	0.48	10107.964016729868	10108.354016729869	0	1	14	0	0	31	1	1	0	0	[141   6]	13
10106.771083396534	4.380366666666305	trials	10107.549083396534	10108.514083396534	0.425	10108.898083396534	10109.363083396534	0	1	15	2	0	36	1	3	9	0	[-113  -78]	13
10110.223216729868	3.814666666665289	trials	10111.105216729868	10111.703216729868	0.435	10112.095216729867	10112.520216729868	0	1	0	1	0	0	0	1	2	1	[88 -1]	13
10111.935716729868	4.029833333332135	trials	10112.984716729869	10113.799716729867	0.38	10114.137716729867	10114.517716729868	0	1	3	0	0	4	1	1	0	0	[-144  -52]	13
10112.057383396534	4.884633333333113	trials	10113.032383396534	10113.630383396534	0.375	10114.939383396533	10115.414383396534	0	1	1	2	0	0	0	3	7	0	[-144  -52]	13
10115.097983396534	3.9799999999995634	trials	10115.989983396534	10116.687983396534	0.425	10117.074983396535	10117.539983396533	0	1	37	1	0	101	1	1	9	0	[119  80]	13
10116.715816729868	4.470633333332444	trials	10117.620816729868	10118.451816729868	0.44	10118.862816729868	10119.427816729867	0	1	27	2	0	63	1	3	8	0	[115 -80]	13
10117.466983396534	3.504833333332499	trials	10118.250983396534	10118.731983396534	0.39	10119.093983396535	10119.493983396535	0	1	26	0	0	58	1	1	0	0	[-115   70]	13
10120.052983396534	4.2450000000008	trials	10121.008983396534	10121.673983396533	0.365	10122.004983396533	10122.764983396533	0	1	18	1	0	44	1	1	9	0	[114 -86]	13
10121.965716729868	4.1806999999989785	trials	10122.823716729868	10123.504716729869	0.395	10123.857716729868	10124.402716729868	0	1	39	1	0	107	1	1	9	0	[-90 -82]	13
10124.496983396533	3.6498666666666395	trials	10125.537983396533	10125.918983396534	0.435	10126.313983396532	10126.698983396533	0	1	17	0	0	40	1	1	0	0	[117  86]	13
10125.277983396534	3.8148666666656936	trials	10126.194983396534	10126.892983396534	0.38	10127.234983396535	10127.639983396533	0	1	3	0	0	4	1	1	0	0	[-144  -52]	13
10127.115816729867	4.380000000001019	trials	10128.125816729867	10128.906816729866	0.435	10129.297816729868	10129.917816729867	0	1	4	2	0	9	1	3	7	0	[125 -18]	13
10129.787350063201	4.235366666665868	trials	10130.724350063201	10131.305350063201	0.45	10131.719350063202	10132.2743500632	0	1	26	2	0	60	1	3	8	0	[-115   70]	13
10131.478216729867	3.6497666666673467	trials	10132.498216729868	10132.646216729867	0.4	10133.005216729867	10133.550216729867	0	1	38	1	1	104	1	1	9	0	[105 -83]	13
10134.897083396534	4.2000333333326125	trials	10136.010083396533	10136.558083396534	0.405	10136.929083396533	10137.464083396533	0	1	31	2	0	84	1	3	9	0	[-121   68]	13
10136.387950063201	4.2700333333323215	trials	10137.433950063201	10138.1989500632	0.385	10138.5549500632	10139.0899500632	0	1	36	1	0	98	1	1	9	0	[-115   77]	13
10139.817116729868	4.045033333331958	trials	10140.712116729868	10141.193116729868	0.5	10141.659116729868	10142.194116729868	0	1	20	2	0	51	1	3	9	0	[-132   83]	13
10141.632950063202	4.055033333332176	trials	10142.686950063202	10143.233950063202	0.425	10143.619950063201	10144.069950063202	0	1	28	1	0	65	1	1	9	0	[110  79]	13
10144.661983396534	3.75	trials	10145.713983396534	10146.028983396534	0.39	10146.388983396535	10146.848983396534	0	1	11	1	0	23	1	1	9	0	[121 -76]	13
10145.505650063202	4.864866666666785	trials	10146.501650063201	10147.249650063202	0.31	10148.517650063202	10148.917650063202	0	1	1	0	0	0	0	1	7	0	[125 -18]	13
10148.758216729868	3.949733333332915	trials	10149.607216729868	10150.121216729867	0.39	10150.480216729868	10151.140216729867	0	1	3	1	0	5	1	1	7	0	[-144  -52]	13
10150.072183396534	4.104799999999159	trials	10150.884183396534	10151.598183396534	0.405	10151.974183396534	10152.574183396535	0	1	29	1	0	68	1	1	9	0	[-114   11]	13
10153.567950063201	3.825733333333119	trials	10154.675950063202	10155.489950063202	0.48	10155.9399500632	10156.5299500632	0	0	20	1	0	50	0	1	9	0	[-132   83]	13
10153.996016729867	4.155500000000757	trials	10154.906016729867	10155.420016729868	0.405	10155.783016729867	10156.363016729867	0	1	33	2	0	90	1	3	9	0	[134 -46]	13
10154.9569500632	4.109866666667585	trials	10155.8859500632	10156.816950063201	0.44	10157.228950063201	10157.6189500632	0	1	14	0	0	31	1	1	0	0	[141   6]	13
10158.843350063202	3.7197333333315328	trials	10159.678350063201	10160.209350063202	0.38	10160.550350063202	10160.955350063201	0	1	37	2	0	102	1	3	9	0	[119  80]	13
10159.0906500632	4.190033333332394	trials	10160.057650063201	10160.8556500632	0.38	10161.1976500632	10161.7126500632	0	1	19	1	0	47	1	1	9	0	[139  -7]	13
10159.6619500632	4.464866666667149	trials	10160.5549500632	10161.1359500632	0.34	10162.3939500632	10162.6889500632	0	1	9	0	0	0	0	1	9	0	[ -9 110]	13
10164.732083396535	4.010599999997794	trials	10165.641083396535	10166.138083396536	0.43	10166.534083396535	10167.014083396534	0	1	27	2	0	63	1	3	8	0	[115 -80]	13
10165.853216729867	3.789566666668179	trials	10166.848216729868	10167.396216729867	0.425	10167.785216729868	10168.175216729867	0	1	20	0	0	49	1	1	0	0	[-132   83]	13
10166.830883396535	3.8396333333330404	trials	10167.677883396535	10168.492883396535	0.405	10168.862883396534	10169.247883396534	0	1	13	0	1	28	1	1	0	0	[-117   88]	13
10169.607083396535	4.199999999998909	trials	10170.476083396536	10171.441083396536	0.415	10171.814083396535	10172.199083396536	0	1	28	2	0	66	1	3	9	0	[110  79]	13
10170.402916729869	3.3448666666663485	trials	10171.18391672987	10171.430916729869	0.375	10171.769916729869	10172.224916729869	0	1	29	0	0	67	1	1	0	0	[-114   11]	13
10171.3906500632	3.934866666666494	trials	10172.3306500632	10173.1116500632	0.38	10173.4476500632	10173.8476500632	0	1	27	0	0	61	1	1	0	0	[115 -80]	13
10174.7419500632	3.6050000000013824	trials	10175.5619500632	10176.0269500632	0.455	10176.4389500632	10176.8289500632	0	1	0	2	0	0	0	1	2	1	[ 133 -105]	13
10176.020650063201	3.5548666666654753	trials	10176.8656500632	10177.413650063201	0.38	10177.752650063201	10178.1426500632	0	1	4	0	0	7	1	1	0	0	[125 -18]	13
10179.2669500632	4.21996666666746	trials	10180.4139500632	10181.0959500632	0.42	10181.4789500632	10181.9339500632	0	1	22	1	0	74	1	1	7	0	[126  82]	13
10180.675783396535	3.8849999999983993	trials	10181.451783396535	10182.032783396535	0.405	10182.402783396536	10182.927783396535	0	1	18	2	0	45	1	3	9	0	[114 -86]	13
10185.798283396534	4.2348000000001775	trials	10186.791283396535	10187.372283396535	0.475	10187.810283396535	10188.355283396535	0	1	20	2	0	51	1	3	9	0	[-132   83]	13
10191.132916729868	3.8998666666666395	trials	10192.043916729868	10192.757916729868	0.39	10193.114916729868	10193.564916729869	0	1	20	0	0	49	1	1	0	0	[-132   83]	13
10194.507083396533	4.680600000001505	trials	10195.655083396532	10196.536083396533	0.415	10196.909083396533	10197.419083396533	0	1	15	2	0	36	1	3	9	0	[-113  -78]	13
10195.887916729867	4.065000000000509	trials	10196.678916729867	10197.326916729868	0.465	10197.749916729867	10198.299916729868	0	1	20	1	0	50	1	1	9	0	[-132   83]	13
10197.745783396535	3.0807666666660225	trials	10198.642783396535	10199.124783396535	0.42	10199.502783396534	10200.067783396535	0	0	13	2	0	30	0	3	9	0	[-113  -78]	13
10199.9969500632	3.599966666668479	trials	10200.7739500632	10201.2719500632	0.38	10201.608950063199	10202.0539500632	0	1	28	1	0	65	1	1	9	0	[110  79]	13
10202.8356500632	3.0698666666685313	trials	10203.8956500632	10204.5266500632	0.37	10204.8576500632	10205.152650063199	0	0	6	0	0	10	0	1	0	0	[-13 111]	13
10207.586916729866	4.434866666668313	trials	10208.527916729867	10209.025916729866	0.415	10210.198916729865	10210.558916729866	0	1	5	0	0	0	0	1	8	0	[136  87]	13
10207.8581500632	4.264799999999013	trials	10208.9351500632	10209.8831500632	0.355	10210.200150063201	10210.630150063202	0	1	0	1	0	0	0	1	2	1	[-137   15]	13
10210.2008500632	4.309766666667201	trials	10211.0828500632	10212.0638500632	0.375	10212.4078500632	10212.9878500632	0	1	4	1	0	8	1	1	7	0	[125 -18]	13
10212.746916729868	4.239999999999782	trials	10213.880916729868	10214.411916729869	0.42	10214.793916729868	10215.428916729868	0	1	6	1	0	11	1	1	8	0	[-13 111]	13
10215.1481500632	3.5846333333338407	trials	10216.0221500632	10216.5701500632	0.4	10216.9301500632	10217.3201500632	0	1	4	0	0	7	1	1	0	0	[125 -18]	13
10215.605616729867	3.7348666666675854	trials	10216.418616729867	10217.132616729867	0.41	10217.502616729867	10217.882616729867	0	1	18	0	0	43	1	1	0	0	[114 -86]	13
10217.741916729869	4.53003333333254	trials	10218.832916729869	10219.663916729869	0.38	10220.008916729868	10220.54891672987	0	1	20	1	0	50	1	1	9	0	[-132   83]	13
10219.742916729869	3.6348666666654026	trials	10220.690916729869	10221.37191672987	0.37	10221.70991672987	10222.00491672987	0	1	10	0	0	19	1	1	0	0	[ -9 110]	13
10220.605616729867	5.549833333334391	trials	10221.654616729867	10222.652616729867	0.665	10224.342616729866	10224.722616729867	0	1	1	1	0	0	0	1	7	0	[-144  -52]	13
10224.192916729868	3.794833333333372	trials	10225.292916729868	10225.790916729868	0.4	10226.154916729867	10226.559916729868	0	1	28	0	0	64	1	1	0	0	[110  79]	13
10227.055616729867	3.894866666665621	trials	10227.990616729867	10228.738616729868	0.435	10229.132616729867	10229.517616729867	0	1	13	0	0	28	1	1	0	0	[-117   88]	13
10228.858016729868	4.675699999999779	trials	10229.979016729867	10230.810016729867	0.435	10231.215016729868	10231.750016729868	0	1	34	2	0	93	1	3	9	0	[122 -81]	13
10231.820583396533	4.0200333333341405	trials	10232.742583396534	10233.307583396532	0.425	10233.687583396533	10234.267583396533	0	1	18	1	0	44	1	1	9	0	[114 -86]	13
10241.110983396535	3.2404666666661797	trials	10241.897983396535	10242.511983396535	0.46	10242.932983396535	10243.512983396535	0	0	6	2	0	12	0	3	8	0	[136  87]	13
10244.958016729866	4.230666666666366	trials	10245.820016729866	10246.384016729866	0.43	10246.775016729865	10247.415016729867	0	1	15	2	0	36	1	3	9	0	[-113  -78]	13
10245.742116729867	4.1854000000003	trials	10246.563116729867	10247.261116729867	0.465	10247.694116729866	10248.279116729867	0	1	26	1	0	59	1	1	8	0	[-115   70]	13
10245.855816729867	3.4246333333339862	trials	10246.832816729868	10247.130816729867	0.38	10247.477816729866	10247.842816729866	0	1	4	0	0	7	1	1	0	0	[125 -18]	13
10250.083016729866	4.495700000001307	trials	10251.006016729867	10251.703016729867	0.425	10252.090016729866	10252.790016729867	0	1	30	2	0	72	1	3	9	0	[-106  -80]	13
10254.545816729868	3.9196333333329676	trials	10255.370816729868	10256.318816729867	0.42	10256.697816729868	10257.027816729867	0	1	6	0	0	10	1	1	0	0	[-13 111]	13
10254.972250063201	3.3646333333326766	trials	10256.001250063202	10256.065250063202	0.42	10256.444250063201	10256.849250063202	0	1	0	10	0	0	0	3	0	1	[-108   82]	13
10260.107116729869	3.3796333333320945	trials	10260.920116729869	10261.401116729869	0.4	10261.769116729869	10262.059116729868	0	1	25	0	0	55	1	1	0	0	[  8 102]	13
10262.230816729867	3.579633333332822	trials	10263.107816729867	10263.588816729867	0.4	10263.952816729867	10264.322816729868	0	1	13	0	0	28	1	1	0	0	[-117   88]	13
10266.307116729868	3.9954666666653793	trials	10267.173116729868	10267.671116729867	0.385	10268.024116729868	10268.569116729868	0	1	21	1	0	53	1	1	9	0	[-134  -83]	13
10266.480583396533	4.205000000001746	trials	10267.309583396533	10268.107583396533	0.395	10268.462583396533	10269.077583396533	0	1	13	1	0	29	1	1	9	0	[-117   88]	13
10271.197016729868	4.309933333333902	trials	10272.309016729867	10272.823016729868	0.525	10273.314016729868	10273.899016729867	0	1	22	2	0	75	1	3	7	0	[126  82]	13
10271.335583396534	4.154966666666951	trials	10272.461583396534	10273.059583396534	0.365	10273.392583396535	10273.947583396533	0	1	6	1	1	11	1	1	8	0	[-13 111]	13
10275.022883396534	4.510666666667021	trials	10276.100883396533	10276.831883396533	0.455	10277.244883396534	10277.814883396533	0	1	15	1	0	35	1	1	9	0	[-113  -78]	13
10280.3478500632	3.794866666667076	trials	10281.4698500632	10281.967850063202	0.385	10282.314850063201	10282.7048500632	0	1	16	0	0	37	1	1	0	0	[-108   82]	13
10281.720816729867	3.5895666666674515	trials	10282.833816729866	10283.131816729867	0.38	10283.472816729867	10283.872816729867	0	1	15	0	0	34	1	1	0	0	[-113  -78]	13
10283.302083396535	3.7946333333329676	trials	10284.398083396534	10284.929083396535	0.365	10285.254083396534	10285.669083396535	0	1	18	0	0	43	1	1	0	0	[114 -86]	13
10284.832983396534	4.464866666667149	trials	10285.738983396535	10285.919983396534	0.49	10287.434983396535	10287.799983396535	0	1	1	2	0	0	0	3	7	0	[125 -18]	13
10286.045683396535	4.310033333333195	trials	10287.202683396534	10287.783683396534	0.43	10288.167683396534	10288.717683396535	0	1	6	2	0	12	1	3	8	0	[-13 111]	13
10287.976850063202	3.074866666665912	trials	10288.833850063202	10288.863850063202	0.36	10289.183850063202	10289.598850063201	0	1	32	0	0	85	1	1	0	0	[-117  -86]	13
10291.230550063201	3.7998666666662757	trials	10291.9885500632	10292.752550063202	0.47	10293.1925500632	10293.5775500632	0	1	28	0	0	64	1	1	0	0	[110  79]	13
10291.816850063202	3.334899999998015	trials	10292.768850063201	10293.666850063202	0.385	10294.013850063202	10294.398850063202	0	0	20	0	0	49	0	1	0	0	[-132   83]	13
10295.312850063201	4.530699999999342	trials	10296.4438500632	10297.224850063201	0.41	10297.599850063201	10298.124850063201	0	1	30	1	0	71	1	1	9	0	[-106  -80]	13
10295.855683396534	4.25	trials	10296.723683396534	10297.554683396535	0.395	10297.912683396535	10298.447683396535	0	1	3	2	0	6	1	3	7	0	[-144  -52]	13
10296.647083396534	4.234766666666474	trials	10297.504083396534	10298.452083396534	0.405	10298.814083396534	10299.314083396534	0	1	35	1	0	95	1	1	9	0	[123   9]	13
10300.5878500632	4.225000000000364	trials	10301.679850063201	10302.3608500632	0.39	10302.7198500632	10303.2848500632	0	1	35	1	0	95	1	1	9	0	[123   9]	13
10300.9105500632	3.8048333333354094	trials	10301.9925500632	10302.540550063199	0.425	10302.9275500632	10303.282550063199	0	1	11	0	0	22	1	1	0	0	[121 -76]	13
10301.716883396533	3.8348333333342453	trials	10302.589883396533	10303.354883396534	0.405	10303.728883396534	10304.123883396533	0	1	38	0	0	103	1	1	0	0	[105 -83]	13
10305.892983396534	4.404999999998836	trials	10306.715983396534	10307.646983396535	0.54	10308.154983396535	10308.739983396534	0	1	19	2	0	48	1	3	9	0	[139  -7]	13
10307.655916729867	3.9646666666667443	trials	10308.596916729868	10309.344916729868	0.395	10309.697916729867	10310.067916729868	0	1	0	12	0	0	0	3	3	1	[-144  -52]	13
10308.017083396535	3.3647666666656733	trials	10308.993083396535	10309.074083396536	0.39	10309.429083396535	10309.854083396534	0	1	0	11	0	0	0	1	2	1	[-121   68]	13
10311.207850063201	3.4199999999982538	trials	10311.984850063202	10312.265850063202	0.385	10312.619850063202	10313.099850063201	0	1	16	1	0	38	1	1	9	0	[-108   82]	13
10313.760783396534	4.219766666667056	trials	10314.615783396534	10315.496783396535	0.41	10315.867783396534	10316.352783396535	0	1	31	1	0	83	1	1	9	0	[-121   68]	13
10315.422950063201	3.5799666666662233	trials	10316.4039500632	10316.550950063202	0.47	10316.979950063202	10317.4649500632	0	1	24	2	0	81	1	3	7	0	[ 95 -89]	13
10316.077083396534	4.25476666666691	trials	10317.114083396535	10317.645083396534	0.48	10318.094083396534	10318.649083396534	0	1	39	1	0	107	1	1	9	0	[-90 -82]	13
10318.985650063201	3.9948999999996886	trials	10320.1346500632	10320.682650063201	0.41	10322.102650063202		0	0	5	2	0	0	0	3	8	0	[136  87]	13
10319.882816729867	3.5098666666672216	trials	10320.638816729866	10321.119816729866	0.49	10321.574816729866	10321.994816729866	0	1	32	0	0	85	1	1	0	0	[-117  -86]	13
10324.730550063201	3.534866666666858	trials	10325.4875500632	10326.052550063201	0.365	10326.377550063202	10326.7475500632	0	1	21	0	0	52	1	1	0	0	[-134  -83]	13
10327.3379500632	5.129866666666203	trials	10328.4259500632	10329.2079500632	0.395	10330.6199500632	10330.9499500632	0	1	9	2	0	0	0	3	9	0	[ -9 110]	13
10335.1906500632	4.060033333335014	trials	10336.159650063199	10336.7906500632	0.385	10337.132650063199	10337.6176500632	0	1	36	2	0	99	1	3	9	0	[-115   77]	13
10339.810516729867	4.125	trials	10340.761516729866	10341.342516729866	0.385	10341.687516729868	10342.337516729867	0	1	35	1	1	95	1	1	9	0	[123   9]	13
10340.793083396533	4.740499999999884	trials	10341.883083396533	10342.864083396533	0.455	10343.285083396533	10343.775083396533	0	1	15	1	0	35	1	1	9	0	[-113  -78]	13
10341.997183396534	4.149766666667347	trials	10342.976183396533	10343.541183396534	0.4	10343.904183396533	10344.444183396534	0	1	10	2	0	21	1	3	9	0	[ -9 110]	13
10344.705516729868	4.91990000000078	trials	10345.663516729868	10346.595516729867	0.41	10347.772516729867	10348.162516729868	0	1	5	1	0	0	0	1	8	0	[-115 -100]	13
10346.327916729868	4.595699999999852	trials	10347.418916729868	10348.099916729869	0.445	10348.509916729869	10349.104916729868	0	1	30	2	0	72	1	3	9	0	[-106  -80]	13
10350.4206500632	3.0957333333335555	trials	10351.316650063201	10351.8316500632	0.425	10352.2226500632	10352.7776500632	0	0	20	2	0	51	0	3	9	0	[139  -7]	13
10353.612916729868	4.500633333333099	trials	10354.555916729867	10355.169916729868	0.47	10355.599916729867	10356.354916729868	0	1	30	2	0	72	1	3	9	0	[-106  -80]	13
10353.9920500632	3.7647333333334245	trials	10354.7990500632	10355.3970500632	0.34	10355.6990500632	10356.194050063199	0	1	2	1	0	2	1	1	7	0	[114  91]	13
10355.0457500632	3.7798000000002503	trials	10355.8687500632	10356.4837500632	0.355	10356.8077500632	10357.2677500632	0	1	11	1	0	23	1	1	9	0	[121 -76]	13
10358.516816729867	3.269833333333736	trials	10359.467816729866	10359.581816729868	0.375	10359.923816729866	10360.313816729868	0	1	34	0	0	91	1	1	0	0	[122 -81]	13
10358.867783396534	3.6648666666660574	trials	10359.807783396534	10360.388783396535	0.345	10360.699783396534	10361.089783396534	0	1	35	0	1	94	1	1	0	0	[123   9]	13
10359.785683396534	4.2299666666658595	trials	10360.804683396535	10361.352683396533	0.45	10361.762683396535	10362.387683396535	0	1	25	2	0	57	1	3	8	0	[  8 102]	13
10362.466816729868	3.8998666666666395	trials	10363.435816729867	10364.216816729868	0.34	10364.518816729867	10364.928816729867	0	1	16	0	0	37	1	1	0	0	[-108   82]	13
10363.437816729867	4.620666666665784	trials	10364.476816729868	10365.307816729868	0.41	10365.684816729867	10366.319816729867	0	1	30	1	0	71	1	1	9	0	[-106  -80]	13
10364.830616729869	4.384999999998399	trials	10365.857616729869	10366.52161672987	0.67	10367.13761672987	10367.63761672987	0	1	2	2	0	3	0	3	7	0	[114  91]	13
10366.872183396534	4.709666666667545	trials	10367.638183396533	10368.403183396535	0.35	10369.769183396535	10370.099183396534	0	1	5	2	0	0	0	3	8	0	[-13 111]	13
10370.410483396534	3.069900000000416	trials	10371.159483396534	10371.273483396533	0.37	10371.612483396533	10372.037483396534	0	1	3	0	0	4	1	1	0	0	[-144  -52]	13
10372.116783396534	3.2199333333337563	trials	10373.040783396535	10373.904783396534	0.405	10374.278783396534		0	0	15	0	0	34	0	1	0	0	[-113  -78]	13
10374.190516729868	3.8998333333329356	trials	10375.161516729868	10376.009516729868	0.395	10376.367516729868	10376.662516729868	0	1	10	0	0	19	1	1	0	0	[ -9 110]	13
10376.4121500632	4.2647333333334245	trials	10377.4261500632	10378.074150063201	0.4	10378.4291500632	10379.0791500632	0	1	25	2	0	57	1	3	8	0	[  8 102]	13
10377.0881500632	4.524800000001051	trials	10378.0501500632	10378.9151500632	0.495	10379.3701500632	10380.0051500632	0	1	13	2	0	30	1	3	9	0	[-117   88]	13
10380.010850063201	4.379799999998795	trials	10380.880850063202	10381.812850063201	0.39	10382.172850063202	10382.727850063202	0	1	35	2	0	96	1	3	9	0	[123   9]	13
10381.471950063202	4.004966666665496	trials	10382.478950063201	10383.092950063201	0.375	10383.438950063202	10383.863950063202	0	1	38	2	1	105	1	3	9	0	[105 -83]	13
10382.597783396533	4.279866666667658	trials	10383.719783396533	10384.700783396533	0.385	10385.049783396533	10385.484783396534	0	1	26	0	0	58	1	1	0	0	[-115   70]	13
10386.366916729869	4.350633333331643	trials	10387.230916729868	10388.078916729868	0.395	10388.438916729869	10388.928916729868	0	1	30	2	0	72	1	3	9	0	[-106  -80]	13
10389.520516729866	4.480000000001382	trials	10390.468516729867	10391.450516729867	0.35	10391.762516729867	10392.337516729865	0	1	39	1	0	107	1	1	9	0	[-90 -82]	13
10390.797883396535	4.5200333333323215	trials	10391.923883396536	10392.904883396535	0.45	10393.319883396536	10393.814883396535	0	1	17	2	0	42	1	3	9	0	[117  86]	13
10391.491783396534	3.979833333334682	trials	10392.416783396533	10393.331783396534	0.38	10393.673783396534	10394.043783396533	0	1	7	0	0	13	1	1	0	0	[136  87]	13
10394.900616729868	4.439966666664986	trials	10395.888616729868	10396.786616729869	0.425	10397.167616729868	10397.732616729869	0	1	4	2	0	9	1	3	7	0	[125 -18]	13
10398.377016729868	3.9096333333327493	trials	10399.253016729868	10400.218016729868	0.395	10400.574016729868	10400.854016729869	0	1	6	0	0	10	1	1	0	0	[-13 111]	13
10400.260583396535	3.9398333333319897	trials	10401.174583396536	10401.872583396535	0.43	10402.267583396535	10402.707583396535	0	1	0	12	0	0	0	3	0	1	[-144  -52]	13
10404.890483396535	3.669833333333372	trials	10405.843483396535	10406.440483396535	0.405	10406.812483396536	10407.112483396535	0	1	23	0	0	76	1	1	0	0	[-4 93]	13
10408.201783396533	3.540000000000873	trials	10409.091783396532	10409.305783396532	0.385	10409.653783396532	10410.153783396532	0	1	36	1	0	98	1	1	9	0	[-115   77]	13
10409.330516729868	3.589799999999741	trials	10410.178516729868	10410.776516729868	0.365	10411.102516729869	10411.477516729869	0	1	2	0	0	1	1	1	0	0	[114  91]	13
10412.247016729867	3.789600000000064	trials	10413.077016729867	10413.858016729868	0.445	10414.264016729867	10414.609016729866	0	1	2	0	0	1	1	1	0	0	[114  91]	13
10413.880483396533	3.6798333333354094	trials	10414.764483396533	10415.345483396533	0.395	10415.697483396532	10416.117483396532	0	1	39	0	0	106	1	1	0	0	[-90 -82]	13
10416.751883396533	3.95503333333545	trials	10417.561883396533	10418.226883396534	0.495	10418.678883396533	10419.088883396533	0	1	11	2	0	24	1	3	9	0	[121 -76]	13
10421.436783396533	3.974966666668479	trials	10422.347783396533	10422.845783396533	0.455	10423.268783396534	10423.888783396533	0	1	25	1	0	56	1	1	8	0	[  8 102]	13
10422.527916729869	4.239966666664259	trials	10423.538916729869	10424.403916729869	0.325	10424.694916729868	10425.16491672987	0	1	37	2	0	102	1	3	9	0	[119  80]	13
10433.010483396534	3.644833333331917	trials	10433.906483396535	10434.471483396534	0.37	10434.812483396534	10435.202483396533	0	1	20	0	0	49	1	1	0	0	[-132   83]	13
10434.4917500632	3.824866666667731	trials	10435.3537500632	10436.1017500632	0.43	10436.4937500632	10436.8687500632	0	1	11	0	0	22	1	1	0	0	[121 -76]	13
10437.457983396534	3.7296333333342773	trials	10438.378983396535	10438.993983396535	0.39	10439.339983396534	10439.739983396534	0	1	15	0	0	34	1	1	0	0	[-113  -78]	13
10441.965583396533	4.069866666668531	trials	10443.027583396533	10443.858583396534	0.4	10444.217583396534	10444.567583396534	0	1	0	10	0	0	0	3	0	1	[-4 93]	13
10442.287883396533	4.025000000001455	trials	10443.247883396532	10443.779883396533	0.385	10444.119883396534	10444.709883396534	0	1	3	2	0	6	1	3	7	0	[-144  -52]	13
10443.521983396535	3.934799999999086	trials	10444.458983396535	10445.106983396534	0.38	10445.453983396535	10445.868983396535	0	1	7	1	0	14	1	1	8	0	[136  87]	13
10446.590583396533	4.534833333334973	trials	10447.579583396533	10448.077583396533	0.325	10449.247583396533	10449.602583396534	0	1	1	2	0	0	0	3	7	0	[-144  -52]	13
10447.2177500632	3.8298333333332266	trials	10448.166750063201	10448.864750063201	0.395	10449.219750063201	10449.5997500632	0	1	7	0	0	13	1	1	0	0	[136  87]	13
10448.166750063201	3.7748666666666395	trials	10449.0107500632	10449.774750063201	0.355	10450.098750063202	10450.5037500632	0	1	36	0	0	97	1	1	0	0	[-115   77]	13
10451.905450063201	4.1098333333320625	trials	10452.9494500632	10453.6804500632	0.525	10454.167450063202	10454.567450063201	0	1	18	0	0	43	1	1	0	0	[114 -86]	13
10452.481750063202	4.305000000000291	trials	10453.295750063202	10454.193750063201	0.445	10454.598750063202	10455.213750063202	0	1	38	1	0	104	1	1	9	0	[105 -83]	13
10454.502983396535	3.984633333333477	trials	10455.453983396534	10456.168983396534	0.455	10456.584983396535	10457.014983396535	0	1	2	0	0	1	1	1	0	0	[114  91]	13
10456.8954500632	3.7598333333335177	trials	10457.8684500632	10458.399450063202	0.425	10458.7874500632	10459.1624500632	0	1	7	0	0	13	1	1	0	0	[136  87]	13
10457.536750063202	3.6098333333320625	trials	10458.564750063202	10458.946750063202	0.375	10459.288750063202	10459.693750063201	0	1	27	0	0	61	1	1	0	0	[115 -80]	13
10459.977983396533	4.305500000002212	trials	10460.856983396534	10461.587983396534	0.48	10462.029983396533	10462.589983396532	0	1	30	1	0	71	1	1	9	0	[-106  -80]	13
10461.505583396534	4.480599999998958	trials	10462.570583396535	10463.385583396534	0.39	10463.732583396535	10464.227583396534	0	1	8	2	0	18	1	3	8	0	[-115 -100]	13
10466.745416729867	3.769866666665621	trials	10467.556416729867	10468.337416729868	0.365	10468.667416729868	10469.087416729868	0	1	29	0	0	67	1	1	0	0	[-114   11]	13
10466.9217500632	3.959999999999127	trials	10467.9197500632	10468.4677500632	0.355	10468.7887500632	10469.2887500632	0	1	10	1	0	20	1	1	9	0	[ -9 110]	13
10471.370450063201	4.1299999999992	trials	10472.4584500632	10473.023450063201	0.46	10473.452450063201	10473.932450063201	0	1	7	1	0	14	1	1	8	0	[136  87]	13
10471.541750063201	4.149833333332936	trials	10472.6717500632	10473.4867500632	0.38	10473.8337500632	10474.2337500632	0	1	12	0	0	25	1	1	0	0	[-136  -23]	13
10472.9479500632	4.634799999999814	trials	10473.996950063201	10474.9449500632	0.485	10475.3899500632	10476.0099500632	0	1	29	1	0	68	1	1	9	0	[-114   11]	13
10476.391716729868	5.099866666667367	trials	10477.440716729869	10478.288716729869	0.385	10479.718716729867	10480.053716729868	0	1	1	1	0	0	0	1	7	0	[114  91]	13
10476.400550063201	3.834999999999127	trials	10477.277550063201	10477.742550063202	0.45	10478.152550063201	10478.627550063202	0	1	31	2	0	84	1	3	9	0	[-121   68]	13
10482.116716729866	4.044866666667076	trials	10483.076716729865	10483.908716729866	0.365	10484.243716729867	10484.703716729866	0	1	8	0	0	16	1	1	0	0	[-115 -100]	13
10483.860650063201	3.9047666666665464	trials	10484.931650063201	10485.412650063201	0.395	10485.762650063201	10486.237650063202	0	1	24	1	0	80	1	1	7	0	[ 95 -89]	13
10484.5829500632	4.02963333333355	trials	10485.5519500632	10486.3999500632	0.42	10486.7799500632	10487.1799500632	0	1	34	0	0	91	1	1	0	0	[122 -81]	13
10489.351950063201	3.7296000000005733	trials	10490.2969500632	10490.878950063201	0.355	10491.203950063202	10491.6189500632	0	1	39	0	0	106	1	1	0	0	[-90 -82]	13
10489.537750063202	3.85479999999734	trials	10490.403750063202	10491.085750063203	0.445	10491.494750063202	10491.944750063201	0	1	12	0	0	25	1	1	0	0	[-136  -23]	13
10491.715516729866	4.035033333333558	trials	10492.634516729866	10493.232516729866	0.455	10493.647516729867	10494.127516729866	0	1	18	2	0	45	1	3	9	0	[114 -86]	13
10493.941716729867	4.26986666666744	trials	10494.932716729867	10495.230716729868	0.465	10496.388716729867	10496.738716729868	0	1	5	1	0	0	0	1	8	0	[136  87]	13
10494.367716729867	3.7450000000008004	trials	10495.139716729867	10495.687716729866	0.385	10496.039716729867	10496.564716729867	0	1	38	1	0	104	1	1	9	0	[105 -83]	13
10496.695416729868	4.055000000000291	trials	10497.604416729868	10498.251416729869	0.4	10498.612416729868	10499.122416729868	0	1	21	1	0	53	1	1	9	0	[-134  -83]	13
10498.916716729867	3.845033333333049	trials	10499.901716729868	10500.466716729867	0.385	10500.818716729867	10501.233716729867	0	1	0	1	0	0	0	1	2	1	[131 -36]	13
10501.693083396534	4.229800000000978	trials	10502.744083396534	10503.275083396535	0.525	10503.765083396534	10504.300083396534	0	1	4	2	0	9	1	3	7	0	[125 -18]	13
10503.451683396535	4.039899999999761	trials	10504.470683396536	10505.301683396536	0.375	10505.633683396536	10506.043683396536	0	1	15	0	0	34	1	1	0	0	[-113  -78]	13
10506.665416729868	3.644833333333736	trials	10507.558416729868	10508.173416729867	0.375	10508.517416729868	10508.862416729868	0	1	37	0	0	100	1	1	0	0	[119  80]	13
10506.937683396534	4.799866666666276	trials	10507.745683396535	10508.693683396534	0.4	10509.869683396535	10510.259683396534	0	1	5	1	0	0	0	1	8	0	[136  87]	13
10508.316683396533	3.4098666666686768	trials	10509.189683396533	10509.503683396533	0.4	10509.873683396534	10510.273683396534	0	1	3	0	0	4	1	1	0	0	[-144  -52]	13
10512.075616729868	3.594633333334059	trials	10512.894616729867	10513.475616729867	0.36	10513.807616729868	10514.227616729868	0	1	27	0	0	61	1	1	0	0	[115 -80]	13
10512.746816729868	4.134999999998399	trials	10513.608816729868	10514.439816729868	0.385	10514.778816729868	10515.283816729869	0	1	7	2	0	15	1	3	8	0	[136  87]	13
10513.857983396534	4.474733333332551	trials	10514.999983396534	10515.897983396535	0.44	10516.299983396533	10516.764983396533	0	1	14	1	0	32	1	1	9	0	[141   6]	13
10517.225650063201	3.7295333333331655	trials	10518.163650063201	10518.745650063202	0.37	10519.077650063202	10519.4726500632	0	1	31	0	1	82	1	1	0	0	[-121   68]	13
10518.612083396534	4.0904333333328395	trials	10519.395083396534	10520.043083396535	0.45	10520.454083396535	10520.909083396535	0	1	34	2	0	93	1	3	9	0	[122 -81]	13
10523.915616729868	4.405433333333349	trials	10524.800616729868	10525.615616729869	0.485	10526.057616729868	10526.572616729867	0	1	32	1	0	86	1	1	9	0	[-117  -86]	13
10525.056816729866	4.385000000002037	trials	10526.097816729865	10526.845816729867	0.4	10527.203816729867	10527.813816729866	0	1	6	2	0	12	1	3	8	0	[-13 111]	13
10525.137683396533	4.2000333333344315	trials	10526.237683396534	10526.952683396534	0.4	10527.319683396534	10527.754683396533	0	1	37	1	0	101	1	1	9	0	[119  80]	13
10530.176783396535	4.565033333332394	trials	10531.216783396536	10532.214783396535	0.4	10532.578783396535	10533.113783396535	0	1	17	2	0	42	1	3	9	0	[117  86]	13
10530.212683396534	4.209866666667949	trials	10531.257683396534	10532.155683396533	0.46	10532.579683396534	10532.999683396534	0	1	4	0	0	7	1	1	0	0	[125 -18]	13
10531.535750063202	4.089766666666037	trials	10532.487750063201	10533.068750063201	0.4	10533.427750063202	10533.927750063202	0	1	21	2	0	54	1	3	9	0	[-134  -83]	13
10535.302683396534	4.170000000000073	trials	10536.142683396534	10536.940683396535	0.445	10537.354683396534	10537.884683396534	0	1	31	1	0	83	1	1	9	0	[-121   68]	13
10535.531816729868	4.5349999999998545	trials	10536.602816729868	10537.567816729868	0.365	10537.898816729868	10538.403816729868	0	1	36	2	0	99	1	3	9	0	[-115   77]	13
10536.295350063201	4.20566666666673	trials	10537.3893500632	10537.921350063201	0.44	10538.317350063202	10538.842350063202	0	1	27	1	0	62	1	1	8	0	[115 -80]	13
10540.407783396535	4.594999999999345	trials	10541.445783396535	10542.243783396534	0.5	10542.709783396534	10543.429783396536	0	1	25	2	0	57	1	3	8	0	[  8 102]	13
10541.180383396535	3.7898333333323535	trials	10542.025383396534	10542.756383396534	0.41	10543.137383396535	10543.527383396535	0	1	17	0	0	40	1	1	0	0	[117  86]	13
10545.296716729867	3.914966666667169	trials	10546.390716729866	10546.855716729866	0.365	10547.188716729866	10547.648716729867	0	1	16	1	0	38	1	1	9	0	[-108   82]	13
10545.775383396534	2.7998666666662757	trials	10546.610383396534	10547.325383396534	0.205	10547.497383396534		0	0	32	0	0	85	0	1	0	0	[-117  -86]	13
10548.593016729868	4.40979999999945	trials	10549.500016729868	10550.431016729868	0.47	10550.860016729868	10551.370016729868	0	1	29	2	0	69	1	3	9	0	[-114   11]	13
10549.640716729868	4.139800000000832	trials	10550.562716729868	10551.110716729867	0.52	10551.577716729867	10552.132716729868	0	1	10	2	0	21	1	3	9	0	[ -9 110]	13
10550.856916729866	3.9646000000011554	trials	10551.743916729867	10552.708916729867	0.37	10553.038916729867	10553.358916729867	0	1	10	0	0	19	1	1	0	0	[ -9 110]	13
10554.5853500632	3.710000000000946	trials	10555.3983500632	10555.8463500632	0.395	10556.2123500632	10556.7723500632	0	1	4	1	0	8	1	1	7	0	[125 -18]	13
10554.663016729868	4.00976666666611	trials	10555.603016729869	10555.950016729868	0.44	10556.355016729867	10557.060016729869	0	1	35	2	0	96	1	3	9	0	[123   9]	13
10555.4466500632	4.39066666666622	trials	10556.5626500632	10557.3106500632	0.365	10557.6386500632	10558.173650063201	0	1	8	1	0	17	1	1	8	0	[-115 -100]	13
10559.772783396533	4.325600000000122	trials	10560.704783396533	10561.319783396533	0.47	10561.754783396533	10562.354783396533	0	1	8	2	0	18	1	3	8	0	[-115 -100]	13
10560.6616500632	3.7206333333342627	trials	10561.564650063201	10561.8626500632	0.415	10562.243650063201	10562.6786500632	0	1	32	1	0	86	1	1	9	0	[-117  -86]	13
10561.605583396533	4.094766666668875	trials	10562.568583396533	10563.083583396532	0.555	10563.607583396533	10564.132583396533	0	1	10	1	0	20	1	1	9	0	[ -9 110]	13
10565.0876500632	4.240633333334699	trials	10566.1736500632	10566.6556500632	0.535	10567.1596500632	10567.6646500632	0	1	27	1	0	62	1	1	8	0	[115 -80]	13
10565.291650063202	4.230733333331955	trials	10566.367650063201	10566.898650063202	0.405	10567.268650063203	10567.798650063201	0	1	32	1	0	86	1	1	9	0	[-117  -86]	13
10566.485350063202	4.249966666666296	trials	10567.571350063201	10568.335350063202	0.42	10568.717350063202	10569.172350063202	0	1	23	1	0	77	1	1	7	0	[-4 93]	13
10570.377650063201	3.469999999999345	trials	10571.4096500632	10571.407650063202	0.47	10571.834650063201	10572.3046500632	0	1	7	1	0	14	1	1	8	0	[136  87]	13
10571.575450063201	4.095699999999852	trials	10572.356450063202	10572.9374500632	0.4	10573.2974500632	10573.872450063202	0	1	32	2	0	87	1	3	9	0	[-117  -86]	13
10571.851883396535	3.9196333333311486	trials	10572.653883396535	10572.700883396536	0.33	10573.938883396535	10574.313883396535	0	1	1	0	0	0	0	1	7	0	[-144  -52]	13
10577.432916729867	3.679599999999482	trials	10578.479916729868	10578.844916729868	0.445	10579.259916729867	10579.664916729867	0	1	37	0	0	100	1	1	0	0	[119  80]	13
10577.761883396535	4.024633333332531	trials	10578.689883396535	10579.554883396535	0.35	10579.863883396536	10580.328883396534	0	1	30	0	0	70	1	1	0	0	[-106  -80]	13
10578.930683396535	4.334800000000541	trials	10580.077683396536	10580.675683396536	0.405	10581.037683396535	10581.487683396535	0	1	28	2	0	66	1	3	9	0	[110  79]	13
10584.728016729867	4.054766666668002	trials	10585.584016729867	10586.165016729867	0.545	10586.670016729866	10587.185016729867	0	1	16	2	0	39	1	3	9	0	[-108   82]	13
10585.435583396535	3.6746333333321672	trials	10586.446583396535	10586.994583396534	0.345	10587.307583396534	10587.662583396535	0	1	3	0	0	4	1	1	0	0	[-144  -52]	13
10589.702783396533	4.475600000001577	trials	10590.802783396533	10591.350783396532	0.495	10591.809783396533	10592.449783396532	0	1	26	2	0	60	1	3	8	0	[-115   70]	13
10590.110350063202	3.8748666666651843	trials	10591.165350063202	10591.763350063202	0.435	10592.162350063201	10592.547350063202	0	1	38	0	0	103	1	1	0	0	[105 -83]	13
10594.6753500632	4.135000000000218	trials	10595.8013500632	10596.4993500632	0.375	10596.8373500632	10597.2523500632	0	1	37	1	0	101	1	1	9	0	[119  80]	13
10595.102616729868	3.2450333333326853	trials	10595.921616729867	10595.935616729868	0.4	10596.304616729867	10596.789616729868	0	1	16	1	0	38	1	1	9	0	[-108   82]	13
10598.236883396534	4.724600000001374	trials	10599.316883396534	10599.864883396534	0.505	10601.103883396534	10601.508883396535	0	1	1	0	0	0	0	1	7	0	[125 -18]	13
10599.3777500632	4.625700000000506	trials	10600.390750063201	10601.1557500632	0.47	10601.5847500632	10602.2147500632	0	1	33	2	0	90	1	3	9	0	[134 -46]	13
10599.580350063201	3.3898333333327173	trials	10600.3363500632	10600.7843500632	0.415	10601.162350063201	10601.5223500632	0	1	15	0	0	34	1	1	0	0	[-113  -78]	13
10603.785316729867	4.544866666667076	trials	10604.722316729867	10605.320316729867	0.335	10606.502316729868	10606.867316729868	0	1	5	0	0	0	0	1	8	0	[-115 -100]	13
10610.550583396534	3.9997333333321876	trials	10611.459583396534	10612.106583396535	0.37	10612.437583396535	10612.992583396534	0	1	6	1	0	11	1	1	8	0	[-13 111]	13
10610.627616729867	3.8748666666670033	trials	10611.729616729868	10612.293616729867	0.465	10612.719616729868	10613.044616729867	0	1	25	0	0	55	1	1	0	0	[  8 102]	13
10611.751616729867	4.049866666668095	trials	10612.672616729868	10613.637616729868	0.395	10614.003616729868	10614.363616729866	0	1	34	0	0	91	1	1	0	0	[122 -81]	13
10615.352716729867	4.340033333333849	trials	10616.498716729868	10617.296716729867	0.415	10617.669716729866	10618.114716729868	0	1	28	2	0	66	1	3	9	0	[110  79]	13
10616.571616729867	4.420700000000579	trials	10617.658616729866	10618.323616729867	0.435	10618.723616729867	10619.263616729866	0	1	34	1	1	92	1	1	9	0	[122 -81]	13
10620.030683396533	4.355366666666669	trials	10621.046683396533	10621.611683396533	0.41	10621.987683396534	10622.617683396533	0	1	26	2	0	60	1	3	8	0	[-115   70]	13
10620.672616729868	4.094999999999345	trials	10621.800616729868	10622.448616729867	0.375	10622.789616729868	10623.239616729867	0	1	2	1	0	2	1	1	7	0	[114  91]	13
10621.746616729866	3.39486666666744	trials	10622.760616729865	10622.941616729866	0.365	10623.278616729865	10623.703616729867	0	1	35	0	0	94	1	1	0	0	[123   9]	13
10625.692616729866	4.184966666667606	trials	10626.536616729865	10627.367616729865	0.42	10627.754616729866	10628.349616729865	0	1	25	1	0	56	1	1	8	0	[  8 102]	13
10626.016750063201	4.180000000000291	trials	10626.996750063201	10627.694750063201	0.39	10628.0487500632	10628.518750063202	0	1	21	2	0	54	1	3	9	0	[-134  -83]	13
10629.0156500632	4.360400000001391	trials	10629.9176500632	10630.7156500632	0.43	10631.1076500632	10631.6326500632	0	1	27	2	0	63	1	3	8	0	[115 -80]	13
10630.937616729869	5.049866666664457	trials	10632.005616729868	10632.937616729869	0.35	10634.06461672987	10634.52961672987	0	1	1	0	0	0	0	1	7	0	[-144  -52]	13
10630.971716729868	4.724866666665548	trials	10631.848716729868	10632.813716729868	0.38	10633.913716729867	10634.198716729868	0	1	9	2	0	0	0	3	9	0	[ -9 110]	13
10634.040416729868	4.225000000000364	trials	10634.987416729868	10635.668416729868	0.445	10636.062416729868	10636.632416729868	0	1	33	2	0	90	1	3	9	0	[134 -46]	13
10637.981983396534	4.16473333333488	trials	10639.052983396534	10639.900983396534	0.355	10640.223983396534	10640.518983396534	0	1	0	12	0	0	0	3	6	1	[-13 111]	13
10638.970316729869	4.799833333332572	trials	10639.95631672987	10640.587316729869	0.335	10641.897316729868	10642.297316729868	0	1	9	0	0	0	0	1	9	0	[121 -76]	13
10639.9279500632	3.85473333333357	trials	10640.9609500632	10641.3419500632	0.46	10641.7599500632	10642.2199500632	0	1	2	2	0	3	1	3	7	0	[114  91]	13
10643.7218500632	3.8346333333338407	trials	10644.8548500632	10645.286850063201	0.445	10645.688850063201	10646.1038500632	0	1	39	0	0	106	1	1	0	0	[-90 -82]	13
10644.450283396534	4.050033333332976	trials	10645.241283396534	10645.973283396534	0.38	10646.322283396534	10646.917283396535	0	1	18	1	0	44	1	1	9	0	[114 -86]	13
10646.562850063201	4.579600000000937	trials	10647.6138500632	10648.161850063201	0.44	10649.339850063201	10649.689850063201	0	1	5	0	0	0	0	1	8	0	[-13 111]	13
10648.376616729867	3.8950000000004366	trials	10649.157616729868	10649.821616729867	0.425	10650.203616729867	10650.683616729868	0	1	19	1	0	47	1	1	9	0	[139  -7]	13
10652.122583396535	3.6807666666663863	trials	10653.265583396535	10653.780583396534	0.74	10654.479583396535	10654.954583396535	0	0	13	1	0	29	0	1	9	0	[-117   88]	13
10653.186616729869	3.6348333333335177	trials	10654.059616729868	10654.673616729868	0.39	10655.02861672987	10655.36861672987	0	1	23	0	0	76	1	1	0	0	[-4 93]	13
10653.825283396534	3.8298666666669305	trials	10654.596283396535	10655.344283396535	0.5	10655.802283396535	10656.197283396534	0	1	33	0	0	88	1	1	0	0	[134 -46]	13
10657.297950063201	4.284733333332042	trials	10658.201950063201	10658.9999500632	0.47	10659.4399500632	10659.959950063201	0	1	7	2	0	15	1	3	8	0	[136  87]	13
10657.466716729868	3.834966666665423	trials	10658.244716729869	10658.759716729868	0.415	10659.138716729869	10659.723716729868	0	1	24	2	0	81	1	3	7	0	[ 95 -89]	13
10662.121616729866	4.075000000000728	trials	10663.113616729866	10663.728616729866	0.4	10664.098616729867	10664.608616729865	0	1	11	1	0	23	1	1	9	0	[121 -76]	13
10662.487716729867	4.720666666666148	trials	10663.620716729867	10664.468716729867	0.465	10664.894716729867	10665.424716729867	0	1	34	2	0	93	1	3	9	0	[122 -81]	13
10667.056583396534	3.714866666667149	trials	10667.916583396534	10668.630583396534	0.355	10668.953583396535	10669.323583396534	0	1	22	0	0	73	1	1	0	0	[126  82]	13
10670.287816729868	4.439733333332697	trials	10671.341816729868	10672.256816729867	0.37	10672.594816729868	10673.164816729868	0	1	3	1	0	5	1	1	7	0	[-144  -52]	13
10672.476816729868	3.749633333332895	trials	10673.268816729867	10674.083816729868	0.38	10674.423816729868	10674.793816729867	0	1	31	0	0	82	1	1	0	0	[-121   68]	13
10675.672583396534	4.605666666668185	trials	10676.743583396534	10677.591583396534	0.45	10678.004583396534	10678.539583396534	0	1	21	1	0	53	1	1	9	0	[-134  -83]	13
10676.931583396534	3.934866666666494	trials	10678.087583396535	10678.668583396533	0.4	10679.028583396534	10679.423583396534	0	1	16	0	0	37	1	1	0	0	[-108   82]	13
10676.935516729867	3.7845999999990454	trials	10677.924516729867	10678.455516729868	0.455	10678.877516729866	10679.292516729867	0	1	26	0	0	58	1	1	0	0	[-115   70]	13
10681.182583396534	3.8198333333330083	trials	10682.146583396534	10682.744583396534	0.425	10683.134583396533	10683.529583396534	0	1	21	0	0	52	1	1	0	0	[-134  -83]	13
10681.525383396534	3.8649999999997817	trials	10682.426383396534	10682.907383396534	0.44	10683.302383396534	10683.797383396535	0	1	7	2	0	15	1	3	8	0	[136  87]	13
10681.531583396534	3.914999999999054	trials	10682.606583396535	10683.070583396535	0.38	10683.413583396534	10683.853583396534	0	1	31	1	0	83	1	1	9	0	[-121   68]	13
10685.872583396535	4.319999999999709	trials	10686.998583396535	10687.596583396535	0.565	10688.129583396534	10688.624583396535	0	1	16	1	0	38	1	1	9	0	[-108   82]	13
10687.480283396533	4.659833333334973	trials	10688.512283396532	10689.227283396533	0.385	10690.372283396533	10690.677283396533	0	1	5	1	0	0	0	1	8	0	[-13 111]	13
10692.557816729866	3.8504666666667617	trials	10693.535816729865	10693.749816729865	0.48	10694.199816729866	10694.699816729866	0	1	34	1	0	92	1	1	9	0	[122 -81]	13
10692.935250063201	3.5498666666662757	trials	10693.715250063202	10694.213250063201	0.44	10694.612250063201	10695.032250063201	0	1	30	0	1	70	1	1	0	0	[-106  -80]	13
10697.2302500632	4.565700000001016	trials	10698.3002500632	10699.0822500632	0.42	10699.4622500632	10700.067250063199	0	1	33	1	0	89	1	1	9	0	[134 -46]	13
10697.4175500632	3.8198666666667123	trials	10698.287550063202	10698.9855500632	0.425	10699.374550063201	10699.7895500632	0	1	11	0	0	22	1	1	0	0	[121 -76]	13
10702.2675500632	4.189866666667513	trials	10703.256550063199	10704.254550063199	0.425	10704.639550063199	10705.024550063199	0	1	32	0	0	85	1	1	0	0	[-117  -86]	13
10702.4053500632	4.175100000000384	trials	10703.3533500632	10704.1843500632	0.46	10704.6023500632	10704.9823500632	0	1	0	12	0	0	0	3	3	1	[-115 -100]	13
10708.186683396534	4.2450000000008	trials	10708.952683396534	10709.917683396534	0.42	10710.303683396534	10710.773683396534	0	1	19	2	0	48	1	3	9	0	[139  -7]	13
10709.897783396533	3.9796333333342773	trials	10710.777783396532	10711.708783396532	0.37	10712.044783396534	10712.434783396533	0	1	3	0	0	4	1	1	0	0	[-144  -52]	13
10710.190616729868	3.9447999999993044	trials	10711.140616729868	10711.621616729868	0.41	10712.002616729867	10712.522616729868	0	1	29	2	0	69	1	3	9	0	[-114   11]	13
10714.750350063201	4.499866666665184	trials	10715.609350063201	10716.1403500632	0.395	10717.3273500632	10717.7573500632	0	1	5	2	0	0	0	3	8	0	[-115 -100]	13
10715.1625500632	4.04563333333499	trials	10715.9465500632	10716.5275500632	0.435	10716.9295500632	10717.4845500632	0	1	32	1	0	86	1	1	9	0	[-117  -86]	13
10716.821783396535	3.734599999999773	trials	10717.706783396536	10718.388783396535	0.355	10718.713783396535	10719.103783396535	0	1	35	0	0	94	1	1	0	0	[123   9]	13
10720.0302500632	3.8298333333332266	trials	10721.0282500632	10721.6432500632	0.42	10722.032250063201	10722.4222500632	0	1	36	0	0	97	1	1	0	0	[-115   77]	13
10721.221583396535	4.335666666665929	trials	10722.225583396536	10722.873583396535	0.455	10723.288583396534	10723.843583396534	0	1	30	1	0	71	1	1	9	0	[-106  -80]	13
10721.412783396534	4.229766666665455	trials	10722.416783396535	10722.863783396533	0.665	10723.489783396533	10724.054783396534	0	1	18	1	0	44	1	1	9	0	[114 -86]	13
10724.515216729867	3.5798666666669305	trials	10725.364216729868	10726.011216729867	0.37	10726.352216729867	10726.642216729868	0	1	25	0	0	55	1	1	0	0	[  8 102]	13
10727.637883396535	4.989633333330858	trials	10728.735883396535	10729.450883396536	0.39	10730.729883396536	10731.124883396535	0	1	5	2	0	0	0	3	8	0	[-115 -100]	13
10728.091783396534	3.694600000000719	trials	10728.995783396535	10729.626783396534	0.36	10729.953783396533	10730.348783396534	0	1	19	0	0	46	1	1	0	0	[139  -7]	13
10728.965383396535	4.365666666664765	trials	10730.066383396535	10730.530383396535	0.48	10730.967383396535	10731.542383396534	0	1	34	2	0	93	1	3	9	0	[122 -81]	13
10732.4965500632	4.414999999999054	trials	10733.5145500632	10734.3955500632	0.405	10734.758550063201	10735.3535500632	0	1	18	1	0	44	1	1	9	0	[114 -86]	13
10733.5925500632	3.8148333333338087	trials	10734.605550063201	10735.1695500632	0.395	10735.5245500632	10735.9495500632	0	1	33	0	0	88	1	1	0	0	[134 -46]	13
10736.275583396535	3.445466666666107	trials	10737.052583396535	10737.100583396536	0.425	10737.482583396535	10737.952583396534	0	1	32	2	1	87	1	3	9	0	[-117  -86]	13
10737.596650063202	4.6806999999989785	trials	10738.733650063203	10739.664650063201	0.3	10739.913650063201	10740.488650063202	0	1	32	2	0	87	1	3	9	0	[-117  -86]	13
10740.715350063201	4.344999999999345	trials	10741.6053500632	10742.503350063202	0.435	10742.9073500632	10743.4623500632	0	1	6	2	0	12	1	3	8	0	[-13 111]	13
10743.2515500632	4.155633333335572	trials	10744.3525500632	10744.7845500632	0.51	10745.2585500632	10745.7435500632	0	1	27	1	0	62	1	1	8	0	[115 -80]	13
10746.025216729868	4.099999999998545	trials	10746.891216729868	10747.438216729868	0.49	10747.887216729867	10748.622216729867	0	1	25	1	0	56	1	1	8	0	[  8 102]	13
10747.996516729869	3.6049999999995634	trials	10749.138516729869	10749.18651672987	0.395	10749.54351672987	10750.058516729869	0	1	23	1	0	77	1	1	7	0	[-4 93]	13
10749.632683396534	4.244966666667096	trials	10750.412683396535	10751.310683396534	0.445	10751.724683396535	10752.269683396535	0	1	23	2	0	78	1	3	7	0	[-4 93]	13
10751.415216729867	3.694999999999709	trials	10752.377216729867	10752.474216729866	0.44	10752.882216729868	10753.477216729867	0	1	20	1	0	50	1	1	9	0	[-132   83]	13
10752.4966500632	4.580600000001141	trials	10753.4076500632	10754.2726500632	0.555	10754.7886500632	10755.3186500632	0	1	8	2	0	18	1	3	8	0	[-115 -100]	13
10756.122750063201	3.944633333332604	trials	10756.982750063202	10757.8977500632	0.385	10758.2447500632	10758.6297500632	0	1	28	0	0	64	1	1	0	0	[110  79]	13
10757.876650063201	4.444999999999709	trials	10758.993650063201	10759.9086500632	0.395	10760.2586500632	10760.683650063202	0	1	16	2	0	39	1	3	9	0	[-108   82]	13
10761.1354500632	3.739799999999377	trials	10762.165450063201	10762.612450063201	0.42	10763.0024500632	10763.3324500632	0	1	0	2	0	0	0	1	2	1	[89 22]	13
10763.2815500632	3.8848333333335177	trials	10764.079550063201	10765.0275500632	0.395	10765.3785500632	10765.7285500632	0	1	28	0	0	64	1	1	0	0	[110  79]	13
10765.945216729868	3.9298666666672943	trials	10766.750216729868	10767.615216729868	0.46	10768.032216729867	10768.407216729867	0	1	34	0	0	91	1	1	0	0	[122 -81]	13
10768.1516500632	4.029966666666951	trials	10768.914650063201	10769.779650063201	0.38	10770.128650063201	10770.583650063201	0	1	2	2	0	3	1	3	7	0	[114  91]	13
10772.190183396535	3.8898666666646022	trials	10773.020183396535	10773.734183396535	0.61	10774.302183396534	10774.627183396535	0	1	6	0	0	10	1	1	0	0	[-13 111]	13
10775.5317500632	4.0695999999989	trials	10776.585750063201	10777.399750063201	0.405	10777.7637500632	10778.1537500632	0	1	24	0	0	79	1	1	0	0	[ 95 -89]	13
10776.840183396534	4.174866666666276	trials	10777.906183396535	10778.770183396535	0.455	10779.187183396534	10779.582183396535	0	1	19	0	0	46	1	1	0	0	[139  -7]	13
10780.341516729866	3.964833333335264	trials	10781.487516729867	10782.102516729867	0.4	10782.463516729866	10782.868516729866	0	1	27	0	0	61	1	1	0	0	[115 -80]	13
10783.960416729868	4.8404666666665435	trials	10785.076416729868	10786.057416729867	0.395	10786.417416729868	10787.052416729868	0	1	15	1	0	35	1	1	9	0	[-113  -78]	13
10787.701783396533	3.9795666666686884	trials	10788.657783396533	10789.505783396533	0.38	10789.843783396533	10790.243783396532	0	1	17	0	0	40	1	1	0	0	[117  86]	13
10798.7568500632	4.289766666666765	trials	10799.8968500632	10800.4778500632	0.4	10800.8388500632	10801.438850063201	0	1	23	2	1	78	1	3	7	0	[-4 93]	13
10802.997616729866	4.710700000001452	trials	10804.122616729866	10804.953616729867	0.425	10805.334616729866	10805.909616729867	0	1	21	2	0	54	1	3	9	0	[-134  -83]	13
10803.846483396534	4.564866666667513	trials	10804.732483396534	10805.463483396534	0.405	10806.568483396533	10806.948483396534	0	1	9	1	0	0	0	1	9	0	[121 -76]	13
10809.131483396533	4.580400000000736	trials	10810.218483396533	10811.199483396533	0.3	10811.458483396533	10812.088483396534	0	1	4	1	0	8	1	1	7	0	[125 -18]	13
10810.652850063201	3.9302999999999884	trials	10811.475850063202	10811.723850063201	0.65	10812.334850063202	10812.8648500632	0	1	0	12	0	0	0	3	7	1	[-134  -83]	13
10814.511616729867	4.215666666666948	trials	10815.587616729867	10815.968616729868	0.405	10816.338616729867	10816.913616729867	0	1	19	2	0	48	1	3	9	0	[139  -7]	13
10816.5078500632	4.059766666665382	trials	10817.5618500632	10818.0768500632	0.43	10818.4498500632	10818.9348500632	0	1	31	2	0	84	1	3	9	0	[-121   68]	13
10817.265150063202	4.779866666665839	trials	10818.258150063202	10818.856150063202	0.35	10820.122150063202	10820.597150063202	0	1	1	1	0	0	0	1	7	0	[-144  -52]	13
10821.592483396533	4.319966666667824	trials	10822.531483396533	10823.329483396532	0.475	10823.769483396532	10824.354483396533	0	1	4	1	0	8	1	1	7	0	[125 -18]	13
10822.820283396533	4.274966666667751	trials	10823.978283396533	10824.676283396533	0.4	10825.032283396533	10825.492283396534	0	1	2	2	0	3	1	3	7	0	[114  91]	13
10826.867583396535	4.2149999999983265	trials	10827.700583396536	10828.381583396535	0.545	10828.874583396535	10829.514583396536	0	1	22	2	0	75	1	3	7	0	[126  82]	13
10828.035283396533	4.589866666667149	trials	10828.847283396533	10829.361283396533	0.345	10830.717283396534	10831.122283396533	0	1	9	2	0	0	0	3	9	0	[-136  -23]	13
10832.227450063201	4.044866666667076	trials	10833.352450063201	10834.084450063201	0.37	10834.414450063201	10834.799450063201	0	1	31	0	0	82	1	1	0	0	[-121   68]	13
10834.456683396533	3.674633333335805	trials	10835.513683396533	10835.911683396533	0.405	10836.278683396533	10836.688683396533	0	1	15	0	0	34	1	1	0	0	[-113  -78]	13
10835.955383396533	3.669800000001487	trials	10836.751383396533	10837.332383396533	0.455	10837.757383396533	10838.127383396533	0	1	0	2	0	0	0	1	2	1	[  9 -83]	13
10839.652716729866	3.789600000000064	trials	10840.739716729866	10841.237716729865	0.37	10841.574716729867	10842.004716729867	0	1	22	0	0	73	1	1	0	0	[126  82]	13
10840.4502500632	4.225033333332249	trials	10841.3532500632	10842.2012500632	0.445	10842.612250063201	10843.0672500632	0	1	37	2	0	102	1	3	9	0	[119  80]	13
10843.571716729868	3.8747666666658915	trials	10844.451716729867	10844.882716729868	0.38	10845.228716729867	10845.823716729868	0	1	13	1	0	29	1	1	9	0	[-117   88]	13
10848.156483396535	3.834966666665423	trials	10848.920483396534	10849.584483396535	0.425	10849.968483396535	10850.533483396535	0	1	23	1	0	77	1	1	7	0	[-4 93]	13
10851.697716729868	3.6045999999987544	trials	10852.545716729868	10853.026716729868	0.405	10853.399716729868	10853.84471672987	0	1	13	0	0	28	1	1	0	0	[-117   88]	13
10852.856583396533	4.055000000000291	trials	10853.872583396533	10854.553583396533	0.405	10854.913583396534	10855.378583396534	0	1	14	2	0	33	1	3	9	0	[141   6]	13
10856.0924500632	4.490433333334295	trials	10857.1814500632	10857.8294500632	0.435	10858.229450063202	10858.9494500632	0	1	26	1	0	59	1	1	8	0	[-115   70]	13
10857.585483396535	4.554766666666183	trials	10858.711483396535	10859.659483396536	0.41	10860.032483396535	10860.512483396535	0	1	38	2	0	105	1	3	9	0	[105 -83]	13
10857.946583396533	4.749833333335118	trials	10858.824583396534	10859.539583396534	0.36	10860.948583396534	10861.248583396533	0	1	5	2	0	0	0	3	8	0	[-13 111]	13
10861.492550063202	4.260666666665202	trials	10862.5335500632	10862.998550063201	0.525	10863.489550063201	10864.0245500632	0	1	27	2	0	63	1	3	8	0	[115 -80]	13
10863.391450063202	3.5398333333323535	trials	10864.194450063202	10864.725450063203	0.44	10865.133450063202	10865.563450063202	0	1	4	0	0	7	1	1	0	0	[125 -18]	13
10864.1553500632	4.019633333333331	trials	10865.0313500632	10865.9463500632	0.42	10866.3223500632	10866.722350063199	0	1	4	0	0	7	1	1	0	0	[125 -18]	13
10866.7074500632	3.7048333333332266	trials	10867.586450063201	10868.2174500632	0.385	10868.559450063201	10868.934450063201	0	1	13	0	0	28	1	1	0	0	[-117   88]	13
10867.9764500632	3.5948333333326445	trials	10868.996450063201	10869.444450063202	0.41	10869.818450063201	10870.1884500632	0	1	37	0	0	100	1	1	0	0	[119  80]	13
10869.0701500632	4.555000000000291	trials	10870.1671500632	10870.8311500632	0.44	10871.2371500632	10871.9971500632	0	1	20	1	0	50	1	1	9	0	[-132   83]	13
10871.3124500632	3.8650000000016007	trials	10872.1384500632	10872.6864500632	0.415	10873.0694500632	10873.6444500632	0	1	10	1	0	20	1	1	9	0	[ -9 110]	13
10874.240083396533	4.185033333335014	trials	10875.269083396533	10876.001083396533	0.385	10876.347083396533	10876.847083396533	0	1	36	1	0	98	1	1	9	0	[-115   77]	13
10877.357683396534	3.554599999999482	trials	10878.191683396535	10878.722683396534	0.435	10879.114683396534	10879.474683396535	0	1	17	0	0	40	1	1	0	0	[117  86]	13
10878.551416729868	3.6748666666662757	trials	10879.518416729868	10880.066416729867	0.35	10880.383416729868	10880.818416729868	0	1	32	0	1	85	1	1	0	0	[-117  -86]	13
10879.150116729867	3.444999999999709	trials	10880.072116729867	10880.136116729867	0.375	10880.477116729866	10881.007116729867	0	1	29	1	0	68	1	1	9	0	[-114   11]	13
10881.962450063202	4.214933333332738	trials	10883.110450063201	10883.7084500632	0.395	10884.069450063202	10884.644450063202	0	1	23	1	0	77	1	1	7	0	[-4 93]	13
10883.011583396534	4.215500000000247	trials	10884.037583396534	10884.618583396534	0.43	10885.003583396534	10885.498583396533	0	1	4	2	0	9	1	3	7	0	[125 -18]	13
10887.347416729866	4.345000000001164	trials	10888.262416729867	10889.194416729866	0.46	10889.614416729866	10890.119416729867	0	1	28	1	0	65	0	1	9	0	[110  79]	13
10888.3903500632	4.095400000000154	trials	10889.2093500632	10889.8073500632	0.435	10890.2123500632	10890.7623500632	0	1	12	1	0	26	1	1	9	0	[-136  -23]	13
10888.766783396535	4.16479999999865	trials	10889.773783396535	10890.454783396535	0.39	10890.813783396536	10891.398783396535	0	1	29	2	0	69	1	3	9	0	[-114   11]	13
10892.687550063201	3.834999999999127	trials	10893.448550063202	10893.913550063202	0.555	10894.4245500632	10894.9345500632	0	1	17	2	0	42	1	3	9	0	[117  86]	13
10893.390083396534	3.845033333333049	trials	10894.245083396534	10894.693083396534	0.425	10895.087083396535	10895.627083396534	0	1	38	1	0	104	1	1	9	0	[105 -83]	13
10897.5775500632	4.755000000001019	trials	10898.551550063201	10899.4495500632	0.555	10899.964550063201	10900.659550063201	0	1	20	2	0	51	1	3	9	0	[-132   83]	13
10898.240116729867	3.5098333333335177	trials	10899.064116729867	10899.545116729867	0.435	10899.937116729867	10900.297116729867	0	1	22	0	0	73	1	1	0	0	[126  82]	13
10902.636416729867	4.330000000001746	trials	10903.546416729867	10904.394416729867	0.465	10904.818416729868	10905.368416729867	0	1	37	1	0	101	1	1	9	0	[119  80]	13
10903.2675500632	4.065033333334213	trials	10904.0705500632	10904.8515500632	0.48	10905.2895500632	10905.7495500632	0	1	11	2	0	24	1	3	9	0	[121 -76]	13
10907.676516729867	3.89486666666744	trials	10908.448516729868	10909.413516729866	0.375	10909.753516729867	10910.068516729867	0	1	0	10	0	0	0	3	0	1	[ -9 110]	13
10908.387516729868	4.350033333332249	trials	10909.156516729869	10910.154516729868	0.42	10910.53451672987	10911.089516729868	0	1	18	2	0	45	1	3	9	0	[114 -86]	13
10908.4003500632	4.364700000000084	trials	10909.536350063201	10910.0173500632	0.565	10910.537350063201	10911.2273500632	0	1	22	1	0	74	0	1	7	0	[126  82]	13
10912.261416729867	4.794833333333372	trials	10913.401416729866	10913.982416729867	0.345	10915.253416729867	10915.613416729868	0	1	5	1	0	0	0	1	8	0	[136  87]	13
10914.8026500632	3.414633333333768	trials	10915.592650063201	10916.1236500632	0.425	10916.5096500632	10916.949650063201	0	0	27	0	0	61	0	1	0	0	[115 -80]	13
10919.901616729869	3.5746333333318034	trials	10920.90461672987	10921.302616729869	0.38	10921.643616729869	10922.033616729868	0	1	36	0	0	97	1	1	0	0	[-115   77]	13
10922.867516729868	5.059866666666494	trials	10923.746516729869	10924.427516729867	0.665	10926.039516729868	10926.419516729868	0	1	1	2	0	0	0	3	7	0	[-144  -52]	13
10924.071516729868	4.170000000000073	trials	10925.206516729868	10925.688516729868	0.405	10926.063516729868	10926.658516729867	0	1	14	2	0	33	1	3	9	0	[141   6]	13
10929.021383396535	3.630633333332298	trials	10929.809383396536	10930.040383396536	0.445	10930.443383396536	10930.988383396536	0	1	8	1	0	17	1	1	8	0	[-115 -100]	13
10930.717650063201	4.209766666666837	trials	10931.5176500632	10932.248650063202	0.55	10932.754650063202	10933.334650063201	0	1	13	1	0	29	1	1	9	0	[-117   88]	13
10936.111616729868	4.024733333331824	trials	10937.129616729868	10937.743616729867	0.4	10938.103616729868	10938.598616729867	0	1	24	1	0	80	1	1	7	0	[ 95 -89]	13
10940.415116729868	4.429900000000998	trials	10941.435116729868	10942.383116729869	0.415	10942.767116729869	10943.317116729868	0	1	2	1	0	2	1	1	7	0	[114  91]	13
10941.071383396535	4.030266666664829	trials	10942.165383396534	10942.763383396534	0.42	10943.148383396534	10943.528383396535	0	1	0	11	0	0	0	1	5	1	[122 -81]	13
10944.7276500632	3.1446333333333314	trials	10945.5406500632	10946.3716500632	0.425	10946.759650063199		0	0	8	0	0	16	0	1	0	0	[-115 -100]	13
10946.106516729868	4.495633333333899	trials	10947.117516729868	10947.848516729868	0.435	10948.238516729867	10948.838516729867	0	1	12	2	1	27	1	3	9	0	[-136  -23]	13
10948.972516729867	3.850000000000364	trials	10949.742516729868	10950.156516729867	0.49	10950.609516729868	10951.264516729867	0	1	10	2	0	21	1	3	9	0	[ -9 110]	13
10950.7050500632	4.529866666667658	trials	10951.6230500632	10952.1370500632	0.38	10953.5170500632	10953.8120500632	0	1	9	1	0	0	0	1	9	0	[ -9 110]	13
10951.601516729868	3.375	trials	10952.453516729869	10952.501516729868	0.39	10952.853516729869	10953.403516729868	0	1	6	2	0	12	1	3	8	0	[-13 111]	13
10953.672516729868	4.45986666666613	trials	10954.444516729869	10955.125516729868	0.47	10956.274516729869	10956.694516729869	0	1	9	2	0	0	0	3	9	0	[ -9 110]	13
10955.8013500632	4.050633333332371	trials	10956.7883500632	10957.420350063201	0.435	10957.823350063201	10958.2033500632	0	1	27	1	0	62	1	1	8	0	[115 -80]	13
10955.8450500632	3.9548333333332266	trials	10956.8250500632	10957.4400500632	0.5	10957.8970500632	10958.357050063201	0	1	14	0	0	31	1	1	0	0	[141   6]	13
10959.097483396534	3.724900000001071	trials	10960.030483396535	10960.628483396535	0.38	10960.979483396533	10961.389483396533	0	1	0	10	0	0	0	3	0	1	[-106  -80]	13
10960.696350063201	4.165033333332758	trials	10961.741350063201	10962.2553500632	0.445	10962.6683500632	10963.2633500632	0	1	18	1	0	44	1	1	9	0	[114 -86]	13
10962.995416729867	4.414700000001176	trials	10964.062416729867	10964.793416729868	0.45	10965.207416729867	10965.832416729867	0	1	22	2	0	75	1	3	7	0	[126  82]	13
10963.8023500632	3.934866666666494	trials	10964.8163500632	10965.564350063201	0.435	10965.9693500632	10966.3643500632	0	1	17	0	0	40	1	1	0	0	[117  86]	13
10965.741350063201	4.04989999999998	trials	10966.8273500632	10967.591350063201	0.37	10967.9183500632	10968.3383500632	0	1	18	0	0	43	1	1	0	0	[114 -86]	13
10968.180150063201	4.085000000000946	trials	10969.0811500632	10969.746150063202	0.485	10970.192150063202	10970.657150063202	0	1	11	2	0	24	1	3	9	0	[121 -76]	13
10968.712383396534	3.7598333333335177	trials	10969.802383396534	10970.299383396534	0.44	10970.709383396534	10971.104383396534	0	1	37	0	0	100	1	1	0	0	[119  80]	13
10972.086583396534	3.689666666667108	trials	10973.030583396534	10973.511583396534	0.45	10973.933583396534	10974.318583396534	0	1	13	0	0	28	1	1	0	0	[-117   88]	13
10973.255016729869	3.9798666666647478	trials	10974.317016729869	10975.032016729869	0.35	10975.352016729868	10975.77701672987	0	1	20	0	0	49	1	1	0	0	[-132   83]	13
10974.517616729867	3.939766666666401	trials	10975.321616729867	10976.086616729866	0.435	10976.479616729866	10976.984616729867	0	1	35	1	0	95	1	1	9	0	[123   9]	13
10976.406383396534	3.7898333333323535	trials	10977.165383396534	10978.096383396534	0.36	10978.423383396534	10978.763383396534	0	1	37	0	0	100	1	1	0	0	[119  80]	13
10979.622383396534	4.460699999999633	trials	10980.490383396535	10981.321383396535	0.515	10981.799383396534	10982.364383396534	0	1	34	1	0	92	1	1	9	0	[122 -81]	13
10980.771516729867	4.395000000000437	trials	10981.867516729866	10982.598516729866	0.45	10983.003516729867	10983.558516729867	0	1	18	2	0	45	1	3	9	0	[114 -86]	13
10983.635383396533	4.304766666668002	trials	10984.672383396533	10985.403383396533	0.44	10985.812383396533	10986.342383396533	0	1	19	2	0	48	1	3	9	0	[139  -7]	13
10985.172483396535	3.944966666666005	trials	10985.993483396534	10986.641483396534	0.41	10986.994483396535	10987.529483396534	0	1	2	2	0	3	0	3	7	0	[114  91]	13
10986.206350063201	4.2700333333323215	trials	10987.053350063201	10987.9343500632	0.365	10988.263350063202	10988.853350063202	0	1	13	1	0	29	1	1	9	0	[-117   88]	13
10990.037350063201	3.8748666666651843	trials	10991.095350063202	10991.760350063201	0.415	10992.144350063201	10992.5443500632	0	1	30	0	0	70	1	1	0	0	[-106  -80]	13
10995.3023500632	3.8448666666663485	trials	10996.198350063201	10996.8963500632	0.485	10997.349350063201	10997.7293500632	0	1	20	0	0	49	1	1	0	0	[-132   83]	13
11002.566583396534	4.035200000000259	trials	11003.494583396534	11003.859583396534	0.53	11004.358583396534	11004.968583396534	0	1	8	1	0	17	1	1	8	0	[-115 -100]	13
11003.869983396533	4.010033333335741	trials	11004.897983396533	11005.462983396534	0.415	11005.836983396533	11006.286983396532	0	1	16	1	0	38	1	1	9	0	[-108   82]	13
11007.566450063201	4.550033333332976	trials	11008.530450063201	11009.5284500632	0.42	11009.9134500632	11010.4134500632	0	1	35	2	0	96	1	3	9	0	[123   9]	13
11009.800250063201	3.6097666666664736	trials	11010.8512500632	11010.9492500632	0.385	11011.2972500632	11011.802250063201	0	1	29	1	0	68	1	1	9	0	[-114   11]	13
11012.821316729867	4.420733333332464	trials	11013.866316729867	11014.497316729867	0.49	11014.953316729867	11015.523316729867	0	1	12	1	0	26	1	1	9	0	[-136  -23]	13
11018.1314500632	4.115000000001601	trials	11019.1354500632	11019.8164500632	0.395	11020.1684500632	11020.6134500632	0	1	36	2	0	99	1	3	9	0	[-115   77]	13
11018.3202500632	3.6046000000023923	trials	11019.1722500632	11019.7202500632	0.37	11020.0622500632	11020.4722500632	0	1	3	0	0	4	1	1	0	0	[-144  -52]	13
11022.709983396533	3.9550000000017462	trials	11023.490983396534	11024.421983396533	0.37	11024.761983396533	11025.151983396532	0	1	0	0	0	0	0	1	2	1	[110 -53]	13
11027.490116729867	4.48070000000007	trials	11028.343116729866	11029.291116729866	0.41	11029.662116729867	11030.167116729866	0	1	15	2	0	36	1	3	9	0	[-113  -78]	13
11028.506583396535	4.0645999999997	trials	11029.657583396534	11030.422583396534	0.35	11030.743583396534	11031.128583396534	0	1	3	0	0	4	1	1	0	0	[-144  -52]	13
11028.717583396534	4.0046000000002095	trials	11029.631583396535	11030.479583396535	0.425	11030.864583396535	11031.289583396534	0	1	27	0	0	61	1	1	0	0	[115 -80]	13
11033.366316729867	4.064866666665694	trials	11034.276316729867	11035.241316729867	0.36	11035.568316729867	11035.958316729868	0	1	21	0	0	52	1	1	0	0	[-134  -83]	13
11033.662350063201	3.8448333333326445	trials	11034.666350063202	11035.2313500632	0.41	11035.609350063201	11036.0693500632	0	1	29	0	0	67	1	1	0	0	[-114   11]	13
11038.141316729867	4.275000000001455	trials	11039.128316729866	11039.993316729868	0.465	11040.413316729868	11040.888316729866	0	1	17	1	0	41	1	1	9	0	[117  86]	13
11039.5225500632	4.624633333332895	trials	11040.552550063201	11041.1345500632	0.375	11042.3445500632	11042.7195500632	0	1	9	0	0	0	0	1	9	0	[121 -76]	13
11043.181316729868	3.7198333333326445	trials	11043.981316729867	11044.695316729867	0.385	11045.048316729868	11045.473316729867	0	1	20	0	0	49	1	1	0	0	[-132   83]	13
11043.215016729868	3.754799999998795	trials	11044.134016729868	11044.732016729868	0.415	11045.117016729868	11045.517016729867	0	1	12	0	0	25	1	1	0	0	[-136  -23]	13
11045.087316729867	3.2298666666683857	trials	11045.905316729866	11046.186316729867	0.41	11046.564316729868	11046.889316729867	0	1	23	0	0	76	1	1	0	0	[-4 93]	13
11047.416316729868	4.0	trials	11048.533316729869	11049.147316729868	0.385	11049.488316729869	11049.888316729868	0	1	0	0	0	0	0	1	2	1	[-111   10]	13
11047.975083396534	4.340033333333849	trials	11048.920083396533	11049.851083396534	0.405	11050.212083396533	11050.737083396534	0	1	14	2	0	33	1	3	9	0	[141   6]	13
11049.272316729868	4.359866666665766	trials	11050.407316729868	11051.289316729868	0.46	11051.709316729868	11052.149316729869	0	1	18	0	0	43	1	1	0	0	[114 -86]	13
11052.216316729868	4.4249666666655685	trials	11053.168316729867	11054.150316729867	0.39	11054.508316729867	11055.073316729868	0	1	3	1	0	5	1	1	7	0	[-144  -52]	13
11053.145083396535	4.169999999998254	trials	11053.956083396535	11054.820083396535	0.43	11055.207083396535	11055.747083396536	0	1	35	2	0	96	1	3	9	0	[123   9]	13
11057.426283396533	3.599866666667367	trials	11058.237283396533	11058.802283396533	0.37	11059.138283396533	11059.573283396534	0	1	39	0	0	106	1	1	0	0	[-90 -82]	13
11058.294950063202	4.144966666664914	trials	11059.057950063203	11059.972950063202	0.38	11060.316950063203	11060.866950063202	0	1	3	1	0	5	1	1	7	0	[-144  -52]	13
11060.4574500632	4.33066666666673	trials	11061.263450063201	11061.960450063201	0.41	11062.3394500632	11062.979450063202	0	1	39	2	0	108	1	3	9	0	[-90 -82]	13
11061.716416729869	4.729999999999563	trials	11062.740416729868	11063.538416729869	0.69	11064.188416729869	11064.823416729869	0	1	3	2	0	6	1	3	7	0	[-144  -52]	13
11063.284983396534	4.2150000000001455	trials	11064.293983396534	11065.057983396533	0.39	11065.406983396533	11065.936983396534	0	1	29	1	0	68	1	1	9	0	[-114   11]	13
11065.812316729867	3.849833333333663	trials	11066.682316729868	11067.513316729866	0.435	11067.909316729867	11068.234316729868	0	1	23	0	0	76	1	1	0	0	[-4 93]	13
11067.066416729867	4.100000000000364	trials	11067.859416729867	11068.490416729868	0.41	11068.858416729867	11069.413416729867	0	1	39	2	0	108	1	3	9	0	[-90 -82]	13
11068.340116729867	4.555000000000291	trials	11069.413116729867	11070.361116729868	0.365	11070.697116729867	11071.222116729867	0	1	13	2	0	30	1	3	9	0	[-117   88]	13
11074.241516729868	4.079666666666526	trials	11075.346516729867	11076.160516729868	0.39	11076.513516729869	11076.883516729868	0	1	36	0	0	97	1	1	0	0	[-115   77]	13
11075.702516729867	4.539633333333768	trials	11076.470516729867	11077.218516729867	0.365	11078.354516729867	11078.779516729866	0	1	1	1	0	0	0	1	7	0	[125 -18]	13
11078.660183396534	3.8154666666669073	trials	11079.585183396533	11079.899183396534	0.48	11080.337183396534	11080.822183396534	0	1	12	1	0	26	1	1	9	0	[-136  -23]	13
11078.936283396535	4.104766666665455	trials	11079.998283396535	11080.863283396535	0.365	11081.183283396535	11081.608283396536	0	1	29	0	0	67	1	1	0	0	[-114   11]	13
11081.442450063201	4.279966666665132	trials	11082.389450063201	11083.1544500632	0.44	11083.559450063201	11084.049450063201	0	1	36	2	0	99	1	3	9	0	[-115   77]	13
11083.4700500632	4.330033333333631	trials	11084.570050063201	11085.402050063201	0.42	11085.7820500632	11086.257050063201	0	1	16	2	0	39	1	3	9	0	[-108   82]	13
11086.582283396534	4.095699999999852	trials	11087.509283396534	11087.990283396533	0.375	11088.329283396533	11088.944283396533	0	1	39	1	0	107	1	1	9	0	[-90 -82]	13
11088.221516729867	4.1797999999998865	trials	11089.052516729867	11089.984516729868	0.38	11090.333516729866	11090.783516729867	0	1	36	1	0	98	1	1	9	0	[-115   77]	13
11091.662283396534	3.845433333333858	trials	11092.561283396533	11092.759283396534	0.535	11093.254283396534	11093.834283396534	0	1	8	1	0	17	1	1	8	0	[-115 -100]	13
11093.161283396534	3.504866666666203	trials	11094.021283396534	11094.502283396534	0.43	11094.903283396534	11095.248283396533	0	1	33	0	0	88	1	1	0	0	[134 -46]	13
11096.512283396534	4.104833333332863	trials	11097.413283396534	11098.378283396534	0.415	11098.759283396534	11099.164283396534	0	1	14	0	0	31	1	1	0	0	[141   6]	13
11098.9451500632	4.104633333334277	trials	11100.0781500632	11100.8921500632	0.375	11101.2371500632	11101.6671500632	0	1	13	0	0	28	1	1	0	0	[-117   88]	13
11099.936516729867	3.994766666666692	trials	11100.741516729868	11101.539516729867	0.41	11101.913516729868	11102.343516729867	0	1	14	1	0	32	1	1	9	0	[141   6]	13
11103.769916729867	4.8448666666663485	trials	11104.896916729867	11105.744916729867	0.345	11106.846916729866	11107.231916729866	0	1	1	0	0	0	0	1	7	0	[-144  -52]	13
11104.781283396534	4.0556666666652745	trials	11105.694283396535	11106.241283396534	0.4	11106.608283396534	11107.113283396535	0	1	33	1	0	89	1	1	9	0	[134 -46]	13
11104.947283396534	3.3999666666677513	trials	11105.717283396534	11105.815283396534	0.47	11106.254283396534	11106.774283396533	0	1	22	1	0	74	1	1	7	0	[126  82]	13
11109.332283396534	3.9698333333344635	trials	11110.370283396534	11111.051283396533	0.39	11111.399283396533	11111.859283396534	0	1	16	0	0	37	1	1	0	0	[-108   82]	13
11109.746383396534	3.654999999998836	trials	11110.696383396535	11110.944383396534	0.42	11111.323383396533	11111.783383396534	0	1	36	2	0	99	1	3	9	0	[-115   77]	13
11111.300150063202	3.6845999999986816	trials	11112.167150063202	11112.815150063201	0.405	11113.187150063202	11113.602150063201	0	1	8	0	0	16	1	1	0	0	[-115 -100]	13
11114.196383396535	4.330699999998615	trials	11115.265383396534	11115.813383396535	0.425	11116.208383396535	11116.733383396535	0	1	33	2	0	90	1	3	9	0	[134 -46]	13
11115.814916729867	3.9548333333350456	trials	11116.718916729867	11117.600916729867	0.45	11118.006916729866	11118.391916729866	0	1	16	0	0	37	1	1	0	0	[-108   82]	13
11119.332283396534	4.365033333333486	trials	11120.341283396534	11120.856283396533	0.575	11121.389283396535	11122.119283396534	0	1	33	1	0	89	1	1	9	0	[134 -46]	13
11119.4112500632	3.254899999999907	trials	11120.3512500632	11120.4152500632	0.36	11120.7432500632	11121.1732500632	0	1	0	2	0	0	0	1	2	1	[-78   5]	13
11120.484916729867	4.125	trials	11121.404916729867	11122.235916729867	0.38	11122.571916729867	11123.041916729868	0	1	28	1	0	65	1	1	9	0	[110  79]	13
11123.396416729867	4.379966666665496	trials	11124.419416729866	11125.151416729866	0.455	11125.563416729867	11126.143416729867	0	1	18	2	0	45	1	3	9	0	[114 -86]	13
11124.917250063201	3.5248666666666395	trials	11125.677250063201	11126.241250063202	0.39	11126.5942500632	11126.9942500632	0	1	35	0	0	94	1	1	0	0	[123   9]	13
11126.8402500632	4.709766666666837	trials	11127.8082500632	11128.8062500632	0.45	11129.2122500632	11129.8572500632	0	1	13	2	0	30	1	3	9	0	[-117   88]	13
11128.7812500632	4.055033333332176	trials	11129.6892500632	11130.320250063201	0.445	11130.7332500632	11131.2682500632	0	1	14	1	0	32	1	1	9	0	[141   6]	13
11129.2522500632	4.5499666666673875	trials	11130.363250063201	11131.0272500632	0.61	11131.5942500632	11132.274250063201	0	1	22	1	0	74	1	1	7	0	[126  82]	13
11133.7512500632	4.144833333333736	trials	11134.7242500632	11135.6562500632	0.41	11136.0332500632	11136.4532500632	0	1	13	0	0	28	1	1	0	0	[-117   88]	13
11138.471383396534	4.335699999999633	trials	11139.493383396535	11140.008383396535	0.435	11140.408383396534	11140.998383396534	0	1	33	2	0	90	1	3	9	0	[134 -46]	13
11138.645150063201	3.9195999999992637	trials	11139.647150063201	11140.2951500632	0.425	11140.682150063201	11141.102150063201	0	1	19	0	0	46	1	1	0	0	[139  -7]	13
11143.334883396534	4.309999999999491	trials	11144.482883396533	11145.096883396534	0.355	11145.411883396533	11146.041883396534	0	1	13	1	0	29	1	1	9	0	[-117   88]	13
11143.746383396534	4.894833333333736	trials	11144.779383396533	11145.477383396534	0.375	11146.728383396534	11147.118383396533	0	1	1	2	0	0	0	3	7	0	[-144  -52]	13
11144.882483396534	4.27980000000025	trials	11145.953483396534	11146.901483396534	0.385	11147.254483396533	11147.644483396534	0	1	0	1	0	0	0	1	2	1	[142 -18]	13
11148.404916729867	4.204966666666223	trials	11149.267916729867	11150.149916729868	0.48	11150.591916729867	11151.051916729868	0	1	35	1	0	95	1	1	9	0	[123   9]	13
11149.291250063201	3.999933333332592	trials	11150.1822500632	11150.8962500632	0.39	11151.248250063201	11151.7882500632	0	1	23	1	0	77	1	1	7	0	[-4 93]	13
11150.1772500632	3.845000000001164	trials	11151.1232500632	11151.5872500632	0.415	11151.969250063199	11152.4442500632	0	1	11	1	0	23	1	1	9	0	[121 -76]	13
11153.629883396534	4.450000000000728	trials	11154.670883396533	11155.384883396533	0.52	11155.876883396533	11156.536883396533	0	1	19	1	0	47	1	1	9	0	[139  -7]	13
11154.031216729867	3.7299000000002707	trials	11155.151216729868	11155.565216729867	0.41	11155.943216729867	11156.323216729867	0	1	22	0	0	73	1	1	0	0	[126  82]	13
11155.242350063201	4.270099999999729	trials	11156.108350063201	11156.790350063202	0.605	11157.359350063201	11157.9543500632	0	1	0	12	0	0	0	3	3	1	[ 95 -89]	13
11161.047216729869	3.0398666666660574	trials	11161.82821672987	11161.842216729869	0.415	11162.22921672987	11162.609216729868	0	1	37	0	0	100	1	1	0	0	[119  80]	13
11165.037383396535	3.8299666666662233	trials	11165.830383396535	11166.327383396536	0.43	11166.719383396536	11167.244383396535	0	1	14	2	0	33	1	3	9	0	[141   6]	13
11166.300116729868	3.704633333332822	trials	11167.177116729868	11167.825116729868	0.375	11168.162116729867	11168.542116729868	0	1	14	0	0	31	1	1	0	0	[141   6]	13
11167.101583396534	4.630400000000009	trials	11168.124583396533	11169.005583396534	0.44	11169.403583396534	11169.953583396535	0	1	15	2	0	36	1	3	9	0	[-113  -78]	13
11170.894916729867	4.1248000000014144	trials	11172.028916729867	11172.810916729866	0.385	11173.166916729868	11173.591916729867	0	1	39	0	0	106	1	1	0	0	[-90 -82]	13
11172.797583396534	4.444633333334423	trials	11173.817583396534	11174.098583396533	0.425	11175.369583396534	11175.734583396534	0	1	5	2	0	0	0	3	8	0	[-13 111]	13
11175.999983396534	3.9399666666668054	trials	11177.014983396533	11177.495983396533	0.42	11177.881983396534	11178.351983396535	0	1	24	2	0	81	1	3	7	0	[ 95 -89]	13
11180.061183396534	4.325700000001234	trials	11180.997183396534	11181.761183396535	0.42	11182.143183396534	11182.638183396533	0	1	15	1	0	35	1	1	9	0	[-113  -78]	13
11180.849983396534	4.435633333332589	trials	11181.900983396534	11182.447983396534	0.495	11182.896983396535	11183.566983396535	0	1	26	2	0	60	0	3	8	0	[-115   70]	13
11182.7874500632	3.7796333333335497	trials	11183.8554500632	11184.336450063201	0.405	11184.709450063201	11185.1094500632	0	1	38	0	0	103	1	1	0	0	[105 -83]	13
11185.376183396535	3.9707666666672594	trials	11186.316183396535	11186.797183396535	0.38	11187.138183396535	11187.623183396534	0	1	15	1	0	35	1	1	9	0	[-113  -78]	13
11186.2348500632	3.895633333333535	trials	11187.1198500632	11187.5678500632	0.405	11187.9418500632	11188.4968500632	0	1	8	1	0	17	1	1	8	0	[-115 -100]	13
11187.552216729868	3.9848666666675854	trials	11188.624216729868	11189.322216729868	0.38	11189.669216729868	11190.094216729867	0	1	39	0	0	106	1	1	0	0	[-90 -82]	13
11190.944983396534	3.7449666666670964	trials	11191.904983396533	11192.169983396534	0.44	11192.571983396534	11193.091983396534	0	1	23	2	0	78	1	3	7	0	[-4 93]	13
11193.711183396535	3.750033333331885	trials	11194.520183396535	11195.018183396536	0.385	11195.373183396536	11195.958183396535	0	1	18	1	0	44	1	1	9	0	[114 -86]	13
11194.772450063201	4.309766666667201	trials	11195.577450063201	11196.4924500632	0.61	11197.0644500632	11197.539450063201	0	1	38	1	0	104	1	1	9	0	[105 -83]	13
11195.494850063202	4.12063333333208	trials	11196.323850063201	11196.938850063201	0.415	11197.321850063201	11197.966850063201	0	1	26	1	0	59	1	1	8	0	[-115   70]	13
11198.581183396534	3.5599666666676058	trials	11199.489183396534	11199.720183396534	0.39	11200.068183396534	11200.623183396534	0	1	23	1	1	77	1	1	7	0	[-4 93]	13
11200.1472500632	4.1247999999995955	trials	11201.130250063201	11201.294250063202	0.445	11202.4842500632	11202.8342500632	0	1	9	1	0	0	0	1	9	0	[ -9 110]	13
11202.981183396534	4.120700000001307	trials	11203.924183396533	11204.639183396534	0.35	11204.948183396535	11205.478183396533	0	1	32	1	0	86	1	1	9	0	[-117  -86]	13
11205.875216729866	4.244766666666692	trials	11206.679216729866	11207.594216729865	0.385	11207.937216729866	11208.472216729866	0	1	14	2	0	33	1	3	9	0	[141   6]	13
11207.777583396535	3.744766666666692	trials	11208.634583396535	11209.065583396536	0.46	11209.494583396536	11209.964583396535	0	1	0	12	0	0	0	3	2	1	[-113  -78]	13
11212.165083396534	4.179766666666183	trials	11213.199083396534	11213.797083396534	0.44	11214.197083396533	11214.807083396534	0	1	17	1	0	41	1	1	9	0	[117  86]	13
11212.592216729867	3.725000000000364	trials	11213.536216729866	11213.950216729867	0.435	11214.354216729867	11214.784216729866	0	1	0	12	0	0	0	1	2	1	[ 84 -86]	13
11213.366183396534	3.9101000000009662	trials	11214.329183396534	11215.077183396534	0.39	11215.428183396534	11215.823183396535	0	1	0	11	0	0	0	1	3	1	[115 -80]	13
11218.236183396533	3.599866666667367	trials	11219.115183396534	11219.646183396533	0.45	11220.063183396533	11220.458183396533	0	1	38	0	0	103	1	1	0	0	[105 -83]	13
11218.4975500632	3.2405333333335875	trials	11219.4395500632	11219.937550063201	0.465	11220.364550063201	11220.964550063201	0	0	10	2	0	21	0	3	9	0	[ -9 110]	13
11219.315083396534	3.469600000000355	trials	11220.303083396533	11220.550083396534	0.36	11220.882083396533	11221.327083396534	0	1	29	0	0	67	1	1	0	0	[-114   11]	13
11222.601150063201	3.6748666666662757	trials	11223.667150063202	11224.132150063202	0.41	11224.513150063201	11224.9181500632	0	1	28	0	0	64	1	1	0	0	[110  79]	13
11223.519816729868	4.625699999998687	trials	11224.487816729868	11225.368816729868	0.555	11225.886816729868	11226.416816729869	0	1	34	1	0	92	1	1	9	0	[122 -81]	13
11228.992183396535	4.360000000000582	trials	11229.894183396535	11230.725183396535	0.515	11231.204183396534	11231.794183396534	0	1	6	1	0	11	1	1	8	0	[-13 111]	13
11229.189816729868	3.779866666667658	trials	11230.273816729868	11230.771816729868	0.385	11231.121816729868	11231.531816729868	0	1	35	0	0	94	1	1	0	0	[123   9]	13
11231.666283396535	4.2356999999992695	trials	11232.772283396534	11233.370283396534	0.405	11233.733283396534	11234.233283396534	0	1	32	2	0	87	1	3	9	0	[-117  -86]	13
11236.8761500632	4.374866666667003	trials	11237.7571500632	11238.272150063201	0.355	11239.5181500632	11239.8831500632	0	1	1	0	0	0	0	1	7	0	[-144  -52]	13
11241.012183396535	5.074833333332208	trials	11241.800183396535	11242.648183396535	0.885	11244.224183396534	11244.634183396534	0	1	9	1	0	0	0	1	9	0	[ -9 110]	13
11243.421383396533	4.419799999999668	trials	11244.511383396533	11245.442383396534	0.375	11245.773383396534	11246.263383396534	0	1	28	1	0	65	1	1	9	0	[110  79]	13
11244.104816729869	3.9156666666658566	trials	11245.047816729868	11245.41181672987	0.42	11245.78681672987	11246.306816729868	0	1	32	1	0	86	1	1	9	0	[-117  -86]	13
11248.821183396534	4.234966666666878	trials	11249.897183396533	11250.745183396535	0.355	11251.068183396534	11251.528183396535	0	1	22	1	0	74	1	1	7	0	[126  82]	13
11249.054816729868	3.3998333333329356	trials	11249.816816729868	11250.297816729868	0.37	11250.636816729868	11251.026816729867	0	1	24	0	0	79	1	1	0	0	[ 95 -89]	13
11255.3301500632	4.004733333333206	trials	11256.1871500632	11256.734150063201	0.475	11257.1671500632	11257.7421500632	0	1	23	2	0	78	1	3	7	0	[-4 93]	13
11256.516383396534	4.34536666666645	trials	11257.550383396534	11258.215383396535	0.42	11258.598383396535	11259.198383396535	0	1	26	1	0	59	1	1	8	0	[-115   70]	13
11260.109916729867	4.1599999999998545	trials	11260.971916729866	11261.636916729867	0.385	11261.986916729868	11262.576916729868	0	1	39	2	0	108	1	3	9	0	[-90 -82]	13
11266.222416729866	4.175466666667489	trials	11267.062416729867	11267.626416729867	0.445	11268.034416729866	11268.664416729865	0	1	20	1	0	50	1	1	9	0	[-132   83]	13
11267.195016729867	3.6846333333342045	trials	11267.959016729867	11268.724016729868	0.37	11269.057016729867	11269.417016729867	0	1	14	0	0	31	1	1	0	0	[141   6]	13
11271.734916729867	4.220666666667967	trials	11272.810916729866	11273.275916729866	0.445	11273.681916729867	11274.151916729867	0	1	30	2	0	72	1	3	9	0	[-106  -80]	13
11272.082516729868	4.454766666665819	trials	11273.098516729868	11274.046516729868	0.37	11274.384516729868	11274.934516729869	0	1	35	2	0	96	1	3	9	0	[123   9]	13
11277.3761500632	4.069999999999709	trials	11278.4101500632	11278.958150063201	0.375	11279.3031500632	11279.7931500632	0	1	13	1	0	29	1	1	9	0	[-117   88]	13
11278.175150063202	4.394766666664509	trials	11279.214150063202	11280.112150063202	0.24	11280.317150063202	11280.972150063202	0	1	14	2	0	33	1	3	9	0	[141   6]	13
11282.011150063201	4.114999999999782	trials	11283.0961500632	11283.627150063201	0.4	11283.9831500632	11284.433150063202	0	1	13	1	0	29	1	1	9	0	[-117   88]	13
11283.254783396535	3.964866666667149	trials	11284.182783396534	11285.080783396534	0.325	11285.376783396534	11285.771783396534	0	1	17	0	0	40	1	1	0	0	[117  86]	13
11288.199783396534	3.7600000000002183	trials	11289.068783396535	11289.599783396534	0.385	11289.941783396534	11290.396783396534	0	1	14	1	0	32	1	1	9	0	[141   6]	13
11289.322283396534	4.155000000000655	trials	11290.156283396534	11290.671283396534	0.565	11291.194283396533	11291.864283396533	0	1	7	2	0	15	1	3	8	0	[136  87]	13
11292.784783396535	3.515033333333122	trials	11293.720783396535	11293.968783396534	0.42	11294.351783396534	11294.766783396535	0	1	0	1	0	0	0	1	2	1	[122 -75]	13
11294.4321500632	3.699866666667731	trials	11295.3261500632	11296.0401500632	0.37	11296.3791500632	11296.6941500632	0	1	10	0	0	19	1	1	0	0	[ -9 110]	13
11297.3847500632	4.025033333335159	trials	11298.3567500632	11298.8207500632	0.47	11299.2467500632	11299.8367500632	0	1	17	1	0	41	1	1	9	0	[117  86]	13
11297.7162500632	4.310700000001816	trials	11298.6202500632	11299.3852500632	0.43	11299.7832500632	11300.2332500632	0	1	15	2	0	36	1	3	9	0	[-113  -78]	13
11300.197383396535	4.059766666665382	trials	11300.962383396534	11301.543383396534	0.48	11301.994383396535	11302.664383396535	0	1	19	1	0	47	1	1	9	0	[139  -7]	13
11303.9963500632	4.320466666667926	trials	11304.9233500632	11305.7213500632	0.385	11306.0633500632	11306.5833500632	0	1	32	1	0	86	1	1	9	0	[-117  -86]	13
11310.4013500632	4.070499999999811	trials	11311.3433500632	11311.9073500632	0.43	11312.3083500632	11312.7283500632	0	1	32	1	0	86	1	1	9	0	[-117  -86]	13
11311.627383396535	3.6296000000002095	trials	11312.734383396535	11313.032383396536	0.41	11313.409383396534	11313.809383396536	0	1	29	0	0	67	1	1	0	0	[-114   11]	13
11316.157250063201	4.460566666666637	trials	11317.036250063202	11317.917250063201	0.425	11318.304250063202	11318.8592500632	0	1	8	2	0	18	1	3	8	0	[-115 -100]	13
11319.251083396535	4.040033333330939	trials	11320.331083396535	11320.929083396535	0.355	11321.253083396536	11321.703083396535	0	1	38	1	0	104	1	1	9	0	[105 -83]	13
11319.674883396534	4.344999999999345	trials	11320.433883396534	11321.381883396534	0.48	11321.826883396534	11322.376883396533	0	1	17	2	0	42	1	3	9	0	[117  86]	13
11323.832383396533	3.720500000001266	trials	11324.890383396534	11325.704383396533	0.46	11326.119383396534	11326.789383396534	0	0	10	1	0	20	0	1	9	0	[ -9 110]	13
11324.091216729867	4.0900000000001455	trials	11325.200216729867	11325.714216729866	0.375	11326.058216729867	11326.548216729867	0	1	38	2	0	105	1	3	9	0	[105 -83]	13
11324.594750063201	3.734999999998763	trials	11325.552750063202	11326.017750063202	0.44	11326.426750063201	11326.801750063201	0	1	28	1	0	65	1	1	9	0	[110  79]	13
11329.064883396535	4.265599999998813	trials	11329.838883396535	11330.752883396535	0.39	11331.111883396536	11331.631883396534	0	1	8	2	0	18	1	3	8	0	[-115 -100]	13
11329.072350063201	4.655399999999645	trials	11330.0593500632	11330.8743500632	0.485	11331.3193500632	11331.969350063202	0	1	12	1	0	26	1	1	9	0	[-136  -23]	13
11329.946450063202	4.1097999999983585	trials	11330.902450063202	11331.500450063202	0.415	11331.883450063202	11332.383450063202	0	1	13	2	0	30	1	3	9	0	[-117   88]	13
11334.1298500632	3.7348666666675854	trials	11335.2248500632	11335.6388500632	0.395	11335.9918500632	11336.4068500632	0	1	0	10	0	0	0	3	0	1	[-144  -52]	13
11334.6421500632	3.379800000000614	trials	11335.4621500632	11335.9261500632	0.365	11336.2591500632	11336.5941500632	0	1	10	0	0	19	1	1	0	0	[ -9 110]	13
11335.066083396534	4.240033333333486	trials	11336.105083396535	11336.820083396535	0.36	11337.138083396534	11337.668083396535	0	1	13	1	0	29	1	1	9	0	[-117   88]	13
11338.594883396534	4.410666666666657	trials	11339.676883396534	11340.307883396534	0.415	11340.691883396534	11341.341883396533	0	1	13	2	0	30	1	3	9	0	[-117   88]	13
11338.842116729867	3.7448333333322807	trials	11339.714116729867	11340.328116729868	0.4	11340.694116729868	11341.149116729868	0	1	24	0	0	79	1	1	0	0	[ 95 -89]	13
11340.011083396534	4.080033333333631	trials	11340.807083396534	11341.588083396533	0.39	11341.948083396534	11342.433083396534	0	1	13	1	0	29	1	1	9	0	[-117   88]	13
11343.577216729867	4.210033333332831	trials	11344.683216729867	11345.281216729867	0.465	11345.704216729868	11346.159216729868	0	1	38	2	0	105	1	3	9	0	[105 -83]	13
11343.829716729868	4.065633333333608	trials	11344.745716729867	11345.259716729868	0.465	11345.681716729869	11346.356716729868	0	1	26	1	0	59	1	1	8	0	[-115   70]	13
11348.754716729867	3.9200333333337767	trials	11349.764716729867	11350.128716729867	0.445	11350.531716729867	11351.186716729868	0	1	33	1	0	89	1	1	9	0	[134 -46]	13
11350.3373500632	4.309766666667201	trials	11351.4193500632	11352.2843500632	0.455	11352.7043500632	11353.144350063201	0	1	0	0	0	0	0	1	2	1	[-104   80]	13
11350.4314500632	4.25039999999899	trials	11351.512450063201	11351.994450063201	0.44	11352.398450063201	11352.9034500632	0	1	15	2	0	36	1	3	9	0	[-113  -78]	13
11355.5860500632	4.145733333334647	trials	11356.4480500632	11357.196050063201	0.4	11357.5580500632	11357.9930500632	0	1	15	1	0	35	1	1	9	0	[-113  -78]	13
11355.587216729868	3.9100666666654433	trials	11356.405216729867	11356.886216729868	0.465	11357.319216729868	11357.844216729867	0	1	10	2	0	21	1	3	9	0	[ -9 110]	13
11357.865083396533	4.234733333334589	trials	11358.853083396532	11359.751083396533	0.36	11360.067083396532	11360.537083396533	0	1	2	2	0	3	1	3	7	0	[114  91]	13
11360.527116729867	4.354833333334682	trials	11361.658116729866	11362.622116729866	0.405	11362.999116729867	11363.449116729867	0	1	36	0	0	97	1	1	0	0	[-115   77]	13
11363.004716729867	4.140000000001237	trials	11363.838716729868	11364.836716729867	0.18	11364.981716729868	11365.621716729867	0	1	2	1	0	2	0	1	7	0	[114  91]	13
11363.651416729866	4.405399999999645	trials	11364.735416729867	11365.267416729866	0.415	11365.648416729866	11366.268416729867	0	1	32	2	0	87	1	3	9	0	[-117  -86]	13
11366.7023500632	4.149566666666942	trials	11367.8273500632	11368.6593500632	0.395	11369.0193500632	11369.3993500632	0	1	17	0	0	40	1	1	0	0	[117  86]	13
11368.124850063201	4.3799999999992	trials	11369.090850063201	11369.8888500632	0.385	11370.2368500632	11370.8718500632	0	1	20	2	0	51	1	3	9	0	[-132   83]	13
11368.771183396533	4.030633333335572	trials	11369.621183396534	11370.169183396532	0.405	11370.543183396534	11371.048183396533	0	1	32	2	0	87	1	3	9	0	[-117  -86]	13
11373.706183396534	4.040000000000873	trials	11374.557183396535	11375.171183396535	0.395	11375.523183396534	11376.063183396534	0	1	13	2	0	30	1	3	9	0	[-117   88]	13
11376.597216729868	4.770000000000437	trials	11377.449216729869	11378.413216729869	0.825	11379.204216729868	11379.719216729867	0	1	19	2	0	48	1	3	9	0	[139  -7]	13
11378.399716729868	4.370699999999488	trials	11379.228716729867	11380.076716729867	0.405	11380.446716729868	11381.076716729867	0	1	30	1	0	71	1	1	9	0	[-106  -80]	13
11378.7260500632	4.270066666667844	trials	11379.7090500632	11380.5740500632	0.43	11380.9730500632	11381.3580500632	0	1	13	1	0	29	1	1	9	0	[-117   88]	13
11382.557083396534	3.590700000000652	trials	11383.368083396534	11383.366083396533	0.575	11383.889083396534	11384.419083396533	0	1	34	1	0	92	1	1	9	0	[122 -81]	13
11383.694683396534	4.060033333333195	trials	11384.731683396534	11385.262683396533	0.355	11385.586683396534	11386.131683396534	0	1	39	1	0	107	1	1	9	0	[-90 -82]	13
11386.5110500632	3.7198666666663485	trials	11387.5460500632	11388.2440500632	0.34	11388.5530500632	11388.8380500632	0	1	6	0	0	10	1	1	0	0	[-13 111]	13
11388.779716729867	3.989833333333081	trials	11389.833716729867	11390.565716729867	0.435	11390.956716729866	11391.381716729868	0	1	37	0	0	100	1	1	0	0	[119  80]	13
11391.021183396533	4.070700000000215	trials	11392.165183396533	11392.480183396534	0.44	11392.878183396533	11393.398183396534	0	1	33	2	0	90	1	3	9	0	[134 -46]	13
11393.454716729868	3.7999666666673875	trials	11394.502716729869	11394.817716729867	0.45	11395.236716729867	11395.741716729868	0	1	22	1	0	74	1	1	7	0	[126  82]	13
11394.4474500632	4.234766666666474	trials	11395.4914500632	11396.0884500632	0.45	11396.4994500632	11397.094450063201	0	1	17	2	0	42	1	3	9	0	[117  86]	13
11395.896050063202	3.9156666666658566	trials	11396.868050063202	11397.132050063203	0.42	11397.513050063202	11398.183050063202	0	1	30	1	0	71	1	1	9	0	[-106  -80]	13
11398.054716729868	4.059966666665787	trials	11399.021716729869	11399.769716729868	0.38	11400.116716729868	11400.616716729868	0	1	29	1	0	68	1	1	9	0	[-114   11]	13
11400.6560500632	4.134833333333518	trials	11401.436050063201	11401.918050063201	0.335	11403.0380500632	11403.4080500632	0	1	1	1	0	0	0	1	7	0	[114  91]	13
11400.997316729867	3.789600000000064	trials	11401.994316729866	11402.558316729866	0.42	11402.949316729866	11403.359316729866	0	1	19	0	0	46	1	1	0	0	[139  -7]	13
11402.979683396534	4.664866666666057	trials	11403.840683396535	11404.705683396534	0.4	11405.791683396534	11406.191683396533	0	1	1	1	0	0	0	1	7	0	[114  91]	13
11408.152316729867	3.4796000000005733	trials	11409.297316729868	11409.512316729868	0.395	11409.864316729867	11410.179316729867	0	1	23	0	1	76	1	1	0	0	[-4 93]	13
11408.361416729867	4.025466666667853	trials	11409.240416729868	11409.738416729868	0.48	11410.188416729867	11410.703416729868	0	1	34	2	0	93	1	3	9	0	[122 -81]	13
11408.539816729866	4.134966666668333	trials	11409.560816729867	11410.258816729865	0.41	11410.631816729867	11411.111816729866	0	1	2	2	0	3	1	3	7	0	[114  91]	13
11413.4246500632	4.135000000002037	trials	11414.3126500632	11415.2606500632	0.33	11415.5566500632	11416.0316500632	0	1	2	1	0	2	1	1	7	0	[114  91]	13
11413.426150063202	4.429966666666587	trials	11414.576150063202	11415.274150063202	0.515	11415.753150063201	11416.343150063201	0	1	22	2	0	75	1	3	7	0	[126  82]	13
11418.334683396533	3.55983333333279	trials	11419.114683396534	11419.662683396533	0.53	11420.161683396533	11420.501683396533	0	1	27	0	0	61	1	1	0	0	[115 -80]	13
11425.421383396533	4.279766666666546	trials	11426.432383396534	11427.197383396533	0.445	11427.608383396533	11428.138383396534	0	1	18	2	0	45	1	3	9	0	[114 -86]	13
11427.174916729868	4.204733333333934	trials	11428.069916729868	11428.967916729867	0.53	11429.451916729868	11429.921916729867	0	1	22	1	0	74	1	1	7	0	[126  82]	13
11430.421016729868	3.7154333333328395	trials	11431.351016729868	11431.799016729869	0.415	11432.178016729868	11432.653016729868	0	1	4	1	0	8	1	1	7	0	[125 -18]	13
11432.379650063202	3.5148666666646022	trials	11433.154650063201	11433.686650063202	0.425	11434.0716500632	11434.511650063201	0	1	33	0	0	88	1	1	0	0	[134 -46]	13
11438.085016729867	3.9197666666677833	trials	11439.075016729867	11439.706016729866	0.375	11440.042016729867	11440.462016729867	0	1	28	2	1	66	1	3	9	0	[110  79]	13
11440.196016729868	3.8148666666675126	trials	11441.139016729867	11441.954016729867	0.33	11442.253016729868	11442.653016729868	0	1	29	0	0	67	1	1	0	0	[-114   11]	13
11442.739650063202	3.65486666666402	trials	11443.576650063202	11444.224650063203	0.4	11444.591650063203	11445.006650063202	0	1	14	0	0	31	1	1	0	0	[141   6]	13
11446.1412500632	3.829600000000937	trials	11447.1252500632	11447.8232500632	0.4	11448.1932500632	11448.603250063199	0	1	15	0	0	34	1	1	0	0	[-113  -78]	13
11449.329883396535	4.445499999999811	trials	11450.346883396534	11451.311883396535	0.345	11451.626883396535	11452.166883396534	0	1	34	1	0	92	1	1	9	0	[122 -81]	13
11454.604783396535	3.979833333332863	trials	11455.582783396534	11456.513783396535	0.37	11456.846783396535	11457.156783396535	0	1	0	10	0	0	0	3	0	1	[-4 93]	13
11458.251350063201	3.6647999999986496	trials	11459.314350063201	11459.512350063202	0.415	11459.893350063201	11460.313350063201	0	1	13	2	0	30	1	3	9	0	[-117   88]	13
11459.504650063202	3.5498666666662757	trials	11460.568650063202	11460.882650063202	0.41	11461.251650063201	11461.6966500632	0	1	36	0	0	97	1	1	0	0	[-115   77]	13
11462.656016729867	4.200000000000728	trials	11463.633016729867	11464.598016729866	0.375	11464.928016729868	11465.353016729867	0	1	16	1	0	38	1	1	9	0	[-108   82]	13
11463.779616729867	4.240033333333486	trials	11464.820616729867	11465.601616729868	0.425	11465.991616729867	11466.506616729868	0	1	10	1	0	20	1	1	9	0	[ -9 110]	13
11467.850983396535	3.58486666666613	trials	11468.851983396535	11469.349983396534	0.38	11469.687983396534	11470.072983396534	0	1	20	0	0	49	1	1	0	0	[-132   83]	13
11468.7547500632	4.420033333333777	trials	11469.7727500632	11470.570750063202	0.49	11471.0217500632	11471.576750063201	0	1	14	2	0	33	1	3	9	0	[141   6]	13
11471.497416729868	3.3154333333332033	trials	11472.278416729869	11472.892416729868	0.7	11473.554416729869		0	0	12	2	0	27	0	3	9	0	[ -9 110]	13
11473.3463500632	4.149733333333643	trials	11474.2383500632	11475.1033500632	0.375	11475.4433500632	11475.9983500632	0	1	2	2	0	3	1	3	7	0	[114  91]	13
11475.679883396533	3.7646999999997206	trials	11476.509883396533	11477.040883396534	0.405	11477.411883396533	11477.926883396533	0	1	2	1	0	2	1	1	7	0	[114  91]	13
11482.701116729868	4.309999999999491	trials	11483.660116729869	11484.541116729868	0.355	11484.863116729868	11485.443116729868	0	1	13	2	0	30	1	3	9	0	[-117   88]	13
11482.760016729868	4.215299999999843	trials	11483.780016729868	11484.378016729868	0.415	11484.762016729868	11485.287016729868	0	1	4	2	0	9	1	3	7	0	[125 -18]	13
11485.487250063201	3.569633333332604	trials	11486.301250063201	11486.899250063201	0.415	11487.2792500632	11487.6092500632	0	1	6	0	0	10	1	1	0	0	[-13 111]	13
11487.944616729867	4.0900000000001455	trials	11489.065616729866	11489.596616729867	0.4	11489.966616729867	11490.491616729867	0	1	6	1	0	11	1	1	8	0	[-13 111]	13
11488.325983396535	3.2348666666657664	trials	11489.378983396535	11489.476983396535	0.365	11489.812983396534	11490.142983396534	0	1	23	0	0	76	1	1	0	0	[-4 93]	13
11492.125983396534	3.2449999999989814	trials	11492.996983396533	11493.027983396534	0.435	11493.422983396535	11493.907983396533	0	1	14	1	0	32	1	1	9	0	[141   6]	13
11494.7748500632	4.009733333332406	trials	11495.7188500632	11496.366850063201	0.37	11496.706850063201	11497.241850063201	0	1	4	1	0	8	1	1	7	0	[125 -18]	13
11496.190950063201	4.619899999999689	trials	11497.2329500632	11497.746950063201	0.36	11499.0529500632	11499.4379500632	0	1	5	1	0	0	0	1	8	0	[-115 -100]	13
11497.292016729867	4.229833333332863	trials	11498.274016729867	11499.238016729867	0.445	11499.639016729867	11500.069016729867	0	1	36	0	0	97	1	1	0	0	[-115   77]	13
11499.884683396534	4.184800000000905	trials	11500.837683396534	11501.818683396534	0.44	11502.216683396535	11502.631683396534	0	1	34	0	0	91	1	1	0	0	[122 -81]	13
11501.7159500632	4.075000000000728	trials	11502.701950063201	11503.182950063201	0.4	11503.5529500632	11504.3229500632	0	1	25	1	0	56	1	1	8	0	[  8 102]	13
11506.2198500632	3.3946333333333314	trials	11507.0078500632	11507.3888500632	0.39	11507.7468500632	11508.1618500632	0	1	11	0	0	22	1	1	0	0	[121 -76]	13
11507.897383396534	3.7047666666676378	trials	11508.712383396534	11509.176383396534	0.405	11509.549383396534	11509.984383396533	0	1	36	2	0	99	1	3	9	0	[-115   77]	13
11512.399983396535	4.2647333333334245	trials	11513.543983396536	11514.124983396536	0.38	11514.466983396534	11515.006983396535	0	1	3	2	0	6	1	3	7	0	[-144  -52]	13
11518.554850063201	4.215366666665432	trials	11519.563850063201	11520.127850063202	0.51	11520.6068500632	11521.1218500632	0	1	27	1	0	62	1	1	8	0	[115 -80]	13
11519.362216729867	4.019766666668147	trials	11520.201216729867	11520.815216729867	0.51	11521.284216729868	11521.849216729866	0	1	24	1	0	80	1	1	7	0	[ 95 -89]	13
11523.624616729867	3.585000000000946	trials	11524.398616729866	11524.930616729867	0.355	11525.256616729866	11525.666616729866	0	1	37	1	1	101	1	1	9	0	[119  80]	13
11524.491983396534	3.9400333333342132	trials	11525.319983396534	11525.933983396533	0.49	11526.393983396534	11526.838983396534	0	1	36	1	0	98	1	1	9	0	[-115   77]	13
11528.164583396534	3.669833333333372	trials	11529.234583396534	11529.699583396534	0.37	11530.031583396534	11530.396583396534	0	1	28	0	0	64	1	1	0	0	[110  79]	13
11537.039583396534	3.6348666666672216	trials	11538.005583396534	11538.486583396534	0.405	11538.856583396533	11539.271583396534	0	1	32	0	0	85	1	1	0	0	[-117  -86]	13
11537.566950063201	4.050033333332976	trials	11538.575950063201	11539.0909500632	0.465	11539.523950063201	11540.083950063201	0	1	24	1	0	80	1	1	7	0	[ 95 -89]	13
11541.444583396533	3.905000000002474	trials	11542.440583396532	11542.888583396532	0.4	11543.251583396534	11543.786583396533	0	1	20	1	0	50	1	1	9	0	[-132   83]	13
11542.5719500632	3.4999000000007072	trials	11543.361950063201	11543.9429500632	0.385	11544.2889500632	11544.593950063201	0	1	6	0	0	10	1	1	0	0	[-13 111]	13
11546.019583396534	3.8448333333326445	trials	11546.993583396534	11547.741583396533	0.42	11548.121583396534	11548.486583396534	0	1	22	0	0	73	1	1	0	0	[126  82]	13
11551.872216729867	4.169599999999264	trials	11552.967216729867	11553.748216729868	0.425	11554.144216729868	11554.574216729867	0	1	7	0	0	13	1	1	0	0	[136  87]	13
11558.359816729868	4.209766666665018	trials	11559.499816729867	11560.197816729868	0.41	11560.576816729868	11561.036816729867	0	1	31	1	1	83	1	1	9	0	[-121   68]	13
11562.677183396534	4.09463333333224	trials	11563.772183396533	11564.503183396533	0.43	11564.899183396534	11565.329183396534	0	1	8	0	0	16	1	1	0	0	[-115 -100]	13
11563.4695500632	3.7700333333341405	trials	11564.418550063201	11564.999550063201	0.37	11565.3365500632	11565.766550063201	0	1	11	1	0	23	1	1	9	0	[121 -76]	13
11568.0945500632	3.629866666666203	trials	11569.0375500632	11569.634550063201	0.36	11569.9615500632	11570.356550063201	0	1	2	0	0	1	1	1	0	0	[114  91]	13
11570.8369500632	4.440000000002328	trials	11571.9919500632	11572.439950063199	0.73	11573.1339500632	11573.7089500632	0	1	17	1	1	41	1	1	9	0	[117  86]	13
11572.4595500632	3.774999999999636	trials	11573.2555500632	11573.9705500632	0.38	11574.3065500632	11574.7265500632	0	1	28	1	0	65	1	1	9	0	[110  79]	13
11576.857083396535	4.604999999999563	trials	11577.945083396535	11578.760083396535	0.425	11579.144083396535	11579.794083396535	0	1	6	2	0	12	1	3	8	0	[-13 111]	13
11577.114550063201	3.9398666666675126	trials	11577.9415500632	11578.822550063202	0.445	11579.2365500632	11579.661550063202	0	1	30	0	0	70	1	1	0	0	[-106  -80]	13
11581.924683396534	3.7849999999998545	trials	11582.927683396534	11583.408683396534	0.405	11583.776683396534	11584.191683396533	0	1	28	2	0	66	1	3	9	0	[110  79]	13
11584.332183396535	3.834599999998318	trials	11585.232183396534	11585.847183396534	0.44	11586.259183396534	11586.709183396535	0	1	7	0	0	13	1	1	0	0	[136  87]	13
11586.639683396534	4.559966666667606	trials	11587.629683396533	11588.510683396533	0.465	11588.936683396534	11589.661683396534	0	1	25	2	0	57	1	3	8	0	[  8 102]	13
11589.0919500632	4.245699999999488	trials	11590.0349500632	11590.631950063202	0.455	11591.048950063201	11591.613950063202	0	1	12	1	0	26	1	1	9	0	[-136  -23]	13
11592.0996500632	4.140000000001237	trials	11593.198650063201	11593.8636500632	0.39	11594.2116500632	11594.6666500632	0	1	2	2	0	3	1	3	7	0	[114  91]	13
11594.3369500632	4.475000000002183	trials	11595.4539500632	11596.3349500632	0.4	11596.698950063199	11597.2289500632	0	1	7	1	0	14	1	1	8	0	[136  87]	13
11599.752050063202	4.149966666665932	trials	11600.856050063201	11601.388050063202	0.42	11601.764050063202	11602.304050063201	0	1	24	2	0	81	1	3	7	0	[ 95 -89]	13
11604.239550063201	3.660700000000361	trials	11605.0045500632	11605.4525500632	0.41	11605.821550063201	11606.2815500632	0	1	15	1	0	35	1	1	9	0	[-113  -78]	13
11604.861916729868	2.6349000000009255	trials	11605.624916729868	11606.189916729867	0.42	11606.573916729867		0	0	12	0	0	25	0	1	0	0	[-136  -23]	13
11608.6796500632	4.654966666666951	trials	11609.806650063201	11610.771650063201	0.375	11611.111650063202	11611.7416500632	0	1	4	2	0	9	1	3	7	0	[125 -18]	13
11610.187283396535	4.280433333333349	trials	11611.178283396535	11611.659283396535	0.465	11612.084283396536	11612.704283396535	0	1	12	2	0	27	1	3	9	0	[-136  -23]	13
11615.551916729866	4.220633333334263	trials	11616.646916729866	11617.111916729866	0.45	11617.523916729866	11618.118916729865	0	1	8	1	0	17	1	1	8	0	[-115 -100]	13
11616.479783396535	4.134733333332406	trials	11617.527783396536	11618.008783396535	0.465	11618.441783396534	11618.991783396536	0	1	13	1	0	29	1	1	9	0	[-117   88]	13
11620.891916729866	4.209833333334245	trials	11621.999916729867	11622.914916729866	0.4	11623.283916729866	11623.688916729867	0	1	31	0	0	82	1	1	0	0	[-121   68]	13
11621.594616729868	4.085033333332831	trials	11622.446616729869	11623.077616729868	0.49	11623.531616729868	11624.076616729868	0	1	7	2	0	15	1	3	8	0	[136  87]	13
11626.1570500632	3.7449999999989814	trials	11627.0020500632	11627.150050063201	0.465	11627.5840500632	11628.3790500632	0	1	25	2	0	57	1	3	8	0	[  8 102]	13
11626.399516729867	4.13986666666824	trials	11627.465516729868	11628.246516729867	0.455	11628.671516729868	11629.061516729867	0	1	37	0	0	100	1	1	0	0	[119  80]	13
11630.866916729869	4.154833333332135	trials	11631.687916729868	11632.151916729868	0.405	11633.278916729869	11633.633916729868	0	1	1	0	0	0	0	1	7	0	[125 -18]	13
11631.444516729867	4.140699999999924	trials	11632.250516729868	11632.848516729868	0.42	11633.236516729867	11633.826516729867	0	1	33	1	0	89	1	1	9	0	[134 -46]	13
11637.9921500632	4.3197666666674195	trials	11638.958150063201	11639.906150063201	0.375	11640.2491500632	11640.7691500632	0	1	16	1	0	38	1	1	9	0	[-108   82]	13
11643.259850063201	4.449799999998504	trials	11644.056850063202	11644.9718500632	0.435	11645.376850063201	11646.026850063201	0	1	13	2	0	30	1	3	9	0	[-117   88]	13
11648.186916729868	3.744766666666692	trials	11648.962916729868	11649.777916729869	0.335	11650.083916729869	11650.488916729868	0	1	32	0	0	85	1	1	0	0	[-117  -86]	13
11648.439516729868	3.659833333333154	trials	11649.492516729868	11649.907516729869	0.375	11650.246516729869	11650.646516729868	0	1	36	0	0	97	1	1	0	0	[-115   77]	13
11652.794516729868	3.864866666666785	trials	11653.661516729868	11654.525516729867	0.35	11654.831516729868	11655.211516729867	0	1	10	0	0	19	1	1	0	0	[ -9 110]	13
11653.016883396534	4.0406999999995605	trials	11653.814883396535	11654.295883396535	0.42	11654.673883396534	11655.328883396534	0	1	15	1	0	35	1	1	9	0	[-113  -78]	13
11657.319483396535	3.9349999999976717	trials	11658.213483396536	11658.828483396535	0.43	11659.226483396535	11659.716483396536	0	1	24	1	0	80	1	1	7	0	[ 95 -89]	13
11658.067016729867	4.410700000000361	trials	11659.068016729867	11659.699016729866	0.395	11660.064016729866	11660.719016729867	0	1	32	2	0	87	1	3	9	0	[-117  -86]	13
11662.299616729868	4.799799999998868	trials	11663.315616729868	11663.830616729869	0.31	11665.176616729868	11665.581616729867	0	1	1	2	0	0	0	3	7	0	[-144  -52]	13
11667.899483396533	4.4306666666670935	trials	11668.935483396534	11669.633483396534	0.43	11670.031483396533	11670.586483396533	0	1	12	1	0	26	1	1	9	0	[-136  -23]	13
11674.5797500632	3.689600000001519	trials	11675.638750063199	11676.1367500632	0.355	11676.4617500632	11676.8367500632	0	1	20	0	0	49	1	1	0	0	[-132   83]	13
11678.929483396534	3.9998333333332994	trials	11679.723483396534	11680.655483396535	0.475	11681.091483396534	11681.496483396533	0	1	11	0	0	22	1	1	0	0	[121 -76]	13
11683.704483396534	4.144833333333736	trials	11684.692483396533	11685.674483396533	0.38	11686.016483396534	11686.391483396534	0	1	16	0	0	37	1	1	0	0	[-108   82]	13
11684.236983396535	3.664999999999054	trials	11685.246983396535	11685.494983396535	0.43	11685.893983396534	11686.328983396535	0	1	36	2	0	99	1	3	9	0	[-115   77]	13
11691.259716729866	4.1995999999999185	trials	11692.380716729866	11693.244716729867	0.375	11693.576716729865	11694.016716729866	0	1	12	0	0	25	1	1	0	0	[-136  -23]	13
11695.645816729868	4.104866666666567	trials	11696.661816729867	11697.509816729867	0.395	11697.862816729868	11698.292816729869	0	1	39	0	0	106	1	1	0	0	[-90 -82]	13
11695.887083396534	4.2004666666671255	trials	11696.869083396534	11697.584083396534	0.41	11697.949083396534	11698.454083396533	0	1	30	1	1	71	1	1	9	0	[-106  -80]	13
11696.194450063202	3.9250333333329763	trials	11697.148450063201	11697.613450063202	0.4	11697.981450063202	11698.551450063202	0	1	29	1	0	68	1	1	9	0	[-114   11]	13
11700.7744500632	4.295433333334586	trials	11701.7674500632	11702.6324500632	0.32	11702.9164500632	11703.4414500632	0	1	4	1	0	8	1	1	7	0	[125 -18]	13
11702.042083396535	5.02963333333355	trials	11703.006083396534	11703.904083396534	0.62	11705.214083396535	11705.624083396535	0	1	1	1	0	0	0	1	7	0	[-144  -52]	13
11702.056083396534	4.064566666665996	trials	11703.099083396533	11703.913083396534	0.39	11704.273083396534	11704.678083396533	0	1	16	0	0	37	1	1	0	0	[-108   82]	13
11705.859583396534	4.315699999999197	trials	11706.720583396534	11707.384583396533	0.455	11707.801583396533	11708.391583396533	0	1	12	2	0	27	1	3	9	0	[-136  -23]	13
11706.715816729868	4.125	trials	11707.733816729868	11708.415816729868	0.4	11708.772816729868	11709.307816729868	0	1	2	1	0	2	1	1	7	0	[114  91]	13
11708.036850063201	3.9248666666662757	trials	11708.858850063201	11709.822850063201	0.355	11710.143850063201	11710.5238500632	0	1	8	0	0	16	1	1	0	0	[-115 -100]	13
11712.861083396534	3.869733333334807	trials	11713.721083396535	11714.268083396533	0.385	11714.618083396534	11715.143083396533	0	1	31	1	0	83	1	1	9	0	[-121   68]	13
11713.031850063202	4.419999999998254	trials	11714.010850063201	11714.975850063202	0.445	11715.383850063203	11715.873850063203	0	1	7	1	0	14	1	1	8	0	[136  87]	13
11718.286850063201	4.034833333333154	trials	11719.396850063202	11720.094850063202	0.435	11720.4988500632	11720.883850063201	0	1	15	0	0	34	1	1	0	0	[-113  -78]	13
11723.859683396535	3.9745999999995547	trials	11724.929683396535	11725.510683396535	0.435	11725.916683396536	11726.381683396536	0	1	19	0	0	46	0	1	0	0	[139  -7]	13
11728.392083396535	4.179766666666183	trials	11729.419083396535	11730.066083396536	0.415	11730.439083396535	11731.004083396534	0	1	33	1	0	89	1	1	9	0	[134 -46]	13
11728.784450063202	3.4398333333319897	trials	11729.614450063202	11730.045450063202	0.375	11730.391450063202	11730.776450063202	0	1	15	0	0	34	1	1	0	0	[-113  -78]	13
11732.839450063202	3.949833333332208	trials	11733.933450063201	11734.614450063202	0.355	11734.926450063202	11735.326450063201	0	1	18	0	0	43	1	1	0	0	[114 -86]	13
11733.591983396534	3.6899333333331015	trials	11734.487983396535	11734.751983396534	0.475	11735.188983396534	11735.678983396534	0	1	24	2	0	81	1	3	7	0	[ 95 -89]	13
11737.594416729868	3.974866666665548	trials	11738.468416729867	11739.266416729868	0.4	11739.631416729868	11740.086416729868	0	1	17	0	0	40	1	1	0	0	[117  86]	13
11738.191983396533	4.2907000000013795	trials	11738.955983396532	11739.537983396533	0.455	11739.953983396534	11740.693983396533	0	1	30	2	0	72	1	3	9	0	[-106  -80]	13
11742.3444500632	4.799833333334391	trials	11743.287450063199	11744.1194500632	0.36	11745.2714500632	11745.6864500632	0	1	1	1	0	0	0	1	7	0	[125 -18]	13
11743.2218500632	4.694966666666005	trials	11744.375850063201	11745.3568500632	0.355	11745.678850063201	11746.2938500632	0	1	3	1	0	5	1	1	7	0	[-144  -52]	13
11748.806816729868	4.170000000000073	trials	11749.827816729869	11750.409816729867	0.45	11750.818816729869	11751.388816729868	0	1	10	1	0	20	1	1	9	0	[ -9 110]	13
11753.951950063201	4.2299666666658595	trials	11754.830950063202	11755.578950063202	0.41	11755.958950063201	11756.583950063201	0	1	3	2	0	6	1	3	7	0	[-144  -52]	13
11756.899783396533	4.519766666668147	trials	11757.911783396534	11758.792783396533	0.44	11759.196783396534	11759.826783396533	0	1	17	2	0	42	1	3	9	0	[117  86]	13
11759.201816729867	3.9798666666683857	trials	11760.282816729867	11761.114816729867	0.35	11761.433816729867	11761.738816729867	0	1	25	0	0	55	1	1	0	0	[  8 102]	13
11762.314550063202	4.505600000000413	trials	11763.180550063202	11764.045550063202	0.46	11764.471550063201	11765.056550063202	0	1	8	2	0	18	1	3	8	0	[-115 -100]	13
11766.6121500632	5.414633333333768	trials	11767.7701500632	11768.6181500632	0.485	11770.1141500632	11770.5041500632	0	1	1	2	0	0	0	3	7	0	[-144  -52]	13
11767.634383396533	3.699900000001435	trials	11768.483383396533	11769.148383396532	0.37	11769.476383396533	11769.876383396533	0	1	31	0	0	82	1	1	0	0	[-121   68]	13
11772.019516729866	4.375	trials	11773.052516729866	11773.966516729866	0.395	11774.321516729866	11774.796516729866	0	1	37	2	0	102	1	3	9	0	[119  80]	13
11775.5420500632	3.704599999999118	trials	11776.491050063201	11776.989050063201	0.43	11777.384050063201	11777.8190500632	0	1	30	0	0	70	1	1	0	0	[-106  -80]	13
11777.224383396533	4.2498000000014144	trials	11778.354383396532	11779.286383396533	0.39	11779.641383396533	11780.006383396532	0	1	21	0	0	52	1	1	0	0	[-134  -83]	13
11781.312050063201	4.089533333333748	trials	11782.3440500632	11783.209050063202	0.375	11783.554050063201	11783.959050063202	0	1	21	0	0	52	1	1	0	0	[-134  -83]	13
11784.089616729867	4.009666666666817	trials	11785.058616729866	11785.756616729866	0.46	11786.171616729867	11786.646616729868	0	1	27	0	0	61	1	1	0	0	[115 -80]	13
11786.351916729867	3.7506333333330986	trials	11787.245916729868	11787.410916729867	0.495	11787.863916729868	11788.318916729868	0	1	21	2	0	54	1	3	9	0	[-134  -83]	13
11789.824650063201	3.8897333333334245	trials	11790.627650063201	11791.2586500632	0.435	11791.6616500632	11792.201650063202	0	1	22	1	0	74	1	1	7	0	[126  82]	13
11791.111783396535	4.0706333333328075	trials	11791.981783396535	11792.596783396535	0.43	11792.983783396534	11793.553783396534	0	1	8	1	0	17	1	1	8	0	[-115 -100]	13
11794.449383396535	4.555599999999686	trials	11795.496383396536	11796.311383396534	0.505	11796.771383396535	11797.311383396534	0	1	8	1	0	17	1	1	8	0	[-115 -100]	13
11799.879383396534	3.1748666666662757	trials	11800.648383396534	11800.913383396533	0.395	11801.276383396535	11801.626383396533	0	1	4	0	0	7	1	1	0	0	[125 -18]	13
11803.774516729867	4.77560000000085	trials	11804.917516729867	11805.915516729867	0.42	11806.301516729867	11806.806516729866	0	1	27	2	0	63	1	3	8	0	[115 -80]	13
11809.259383396533	3.9800000000013824	trials	11810.136383396533	11810.718383396534	0.435	11811.111383396534	11811.646383396534	0	1	18	1	0	44	1	1	9	0	[114 -86]	13
11814.019483396534	3.9557333333341376	trials	11815.105483396534	11815.286483396534	0.43	11815.686483396534	11816.216483396534	0	1	33	2	0	90	1	3	9	0	[134 -46]	13
11819.009483396534	4.465066666667553	trials	11819.991483396534	11820.939483396534	0.355	11821.246483396533	11821.816483396535	0	1	20	2	0	51	1	3	9	0	[-132   83]	13
11831.424716729867	4.224799999999959	trials	11832.347716729868	11833.195716729868	0.41	11833.566716729867	11834.026716729868	0	1	31	2	0	84	1	3	9	0	[-121   68]	13
11836.394350063201	3.9249999999992724	trials	11837.416350063202	11837.8813500632	0.465	11838.316350063202	11838.761350063201	0	1	7	1	0	14	1	1	8	0	[136  87]	13
11837.201783396533	4.009833333333518	trials	11838.203783396533	11839.035783396534	0.46	11839.463783396533	11839.773783396533	0	1	23	0	0	76	1	1	0	0	[-4 93]	13
11842.949616729868	4.50953333333382	trials	11843.953616729868	11844.467616729868	0.375	11845.636616729867	11846.021616729868	0	1	1	0	0	0	0	1	7	0	[-144  -52]	13
11848.134350063201	2.8698666666659847	trials	11848.905350063202	11849.870350063202	0.295	11850.126350063201		0	0	13	0	0	28	0	1	0	0	[-117   88]	13
11853.939616729867	3.584600000000137	trials	11855.008616729867	11855.322616729867	0.42	11855.711616729868	11856.076616729868	0	1	7	0	0	13	1	1	0	0	[136  87]	13
11858.384483396534	4.55983333333279	trials	11859.360483396535	11859.975483396534	0.5	11861.181483396535	11861.466483396534	0	1	9	2	0	0	0	3	9	0	[ -9 110]	13
11860.0317500632	4.335033333332831	trials	11860.8317500632	11861.6467500632	0.79	11862.4037500632	11862.8437500632	0	1	0	1	0	0	0	1	2	1	[-143 -106]	13
11867.282116729868	4.5147666666671284	trials	11868.219116729868	11869.084116729868	0.475	11869.514116729868	11870.074116729867	0	1	21	2	0	54	1	3	9	0	[-134  -83]	13
11870.494550063202	3.919799999999668	trials	11871.266550063203	11872.181550063202	0.365	11872.511550063202	11872.906550063202	0	1	0	0	0	0	0	1	2	1	[123 -56]	13
11871.585750063201	4.459966666665423	trials	11872.730750063201	11873.3947500632	0.435	11873.7977500632	11874.327750063201	0	1	10	1	0	20	1	1	9	0	[ -9 110]	13
11873.756950063202	4.659766666665746	trials	11874.888950063201	11875.802950063202	0.475	11876.233950063202	11876.858950063202	0	1	11	1	0	23	1	1	9	0	[121 -76]	13
11875.519683396535	3.644799999998213	trials	11876.368683396535	11876.716683396535	0.415	11877.096683396534	11877.566683396535	0	1	31	2	0	84	1	3	9	0	[-121   68]	13
11876.945683396534	3.8198666666667123	trials	11877.999683396534	11878.580683396534	0.39	11878.927683396534	11879.322683396535	0	1	22	0	0	73	1	1	0	0	[126  82]	13
11880.972083396533	4.41473333333488	trials	11881.859083396534	11882.807083396532	0.475	11883.239083396533	11883.799083396532	0	1	4	2	0	9	1	3	7	0	[125 -18]	13
11881.545716729866	4.530666666667457	trials	11882.701716729867	11883.332716729867	0.405	11883.707716729867	11884.367716729867	0	1	32	1	0	86	1	1	9	0	[-117  -86]	13
11886.426716729868	4.739833333333081	trials	11887.394716729868	11887.958716729867	0.295	11889.298716729867	11889.703716729868	0	1	1	0	0	0	0	1	7	0	[125 -18]	13
11886.955683396534	3.7298666666665667	trials	11887.837683396534	11888.485683396535	0.385	11888.832683396535	11889.247683396534	0	1	12	0	0	25	1	1	0	0	[-136  -23]	13
11891.579583396535	4.6595666666653415	trials	11892.593583396534	11893.274583396535	0.315	11894.496583396534	11894.806583396536	0	1	9	1	0	0	0	1	9	0	[ -9 110]	13
11894.8569500632	4.574633333333622	trials	11895.931950063201	11896.4969500632	0.39	11897.583950063201	11897.9739500632	0	1	5	1	0	0	0	1	8	0	[136  87]	13
11896.944316729867	4.455000000001746	trials	11897.929316729867	11898.910316729867	0.475	11899.346316729867	11899.856316729867	0	1	17	1	0	41	1	1	9	0	[117  86]	13
11897.980816729869	4.659866666665039	trials	11898.909816729869	11899.557816729868	0.43	11900.747816729869	11901.142816729869	0	1	1	2	0	0	0	3	7	0	[125 -18]	13
11900.476683396533	4.535033333333558	trials	11901.584683396533	11902.532683396534	0.36	11902.848683396533	11903.443683396534	0	1	38	1	0	104	1	1	9	0	[105 -83]	13
11902.199350063202	4.169933333332665	trials	11903.181350063202	11903.896350063202	0.4	11904.256350063202	11904.836350063202	0	1	2	1	0	2	1	1	7	0	[114  91]	13
11903.570716729868	3.864833333333081	trials	11904.612716729867	11905.210716729867	0.42	11905.597716729868	11906.002716729869	0	1	36	0	0	97	1	1	0	0	[-115   77]	13
11906.787050063202	4.349766666666255	trials	11907.655050063202	11908.519050063202	0.44	11908.924050063202	11909.539050063202	0	1	35	2	0	96	1	3	9	0	[123   9]	13
11909.875916729867	3.859599999999773	trials	11910.898916729866	11911.529916729867	0.375	11911.862916729866	11912.262916729867	0	1	13	0	0	28	1	1	0	0	[-117   88]	13
11912.0968500632	4.430599999999686	trials	11913.0408500632	11913.921850063201	0.405	11914.278850063201	11914.7738500632	0	1	8	2	0	18	1	3	8	0	[-115 -100]	13
11914.2656500632	4.464866666667149	trials	11915.1846500632	11915.5316500632	0.37	11916.9176500632	11917.2776500632	0	1	1	0	0	0	0	1	7	0	[114  91]	13
11917.381683396534	4.5798666666669305	trials	11918.259683396534	11919.057683396533	0.365	11920.108683396535	11920.503683396533	0	1	5	0	0	0	0	1	8	0	[-115 -100]	13
11918.1795500632	3.5445666666673787	trials	11919.006550063199	11919.4535500632	0.49	11919.9115500632	11920.2865500632	0	1	7	0	0	13	1	1	0	0	[136  87]	13
11922.539416729867	4.015000000001237	trials	11923.341416729867	11924.006416729868	0.5	11924.461416729868	11924.971416729868	0	1	11	2	0	24	1	3	9	0	[121 -76]	13
11923.156683396533	4.4306666666670935	trials	11923.978683396534	11924.943683396534	0.31	11925.213683396534	11925.848683396533	0	1	12	1	0	26	1	1	9	0	[-136  -23]	13
11924.185683396534	4.014866666666421	trials	11925.088683396534	11926.036683396534	0.36	11926.357683396534	11926.747683396534	0	1	7	0	0	13	1	1	0	0	[136  87]	13
11927.249283396533	4.694866666668531	trials	11928.177283396533	11928.825283396533	0.325	11930.146283396534	11930.496283396533	0	1	5	0	0	0	0	1	8	0	[-115 -100]	13
11928.521683396535	2.61489999999867	trials	11929.431683396535	11929.795683396535	0.465	11930.223683396534		0	0	4	0	0	7	0	1	0	0	[125 -18]	13
11932.321916729867	3.8896333333341317	trials	11933.199916729867	11933.864916729866	0.48	11934.303916729867	11934.723916729867	0	1	11	0	0	22	1	1	0	0	[121 -76]	13
11934.091016729868	4.2497666666658915	trials	11935.211016729869	11935.659016729867	0.455	11936.078016729867	11936.563016729868	0	1	20	2	0	51	1	3	9	0	[-132   83]	13
11935.199516729866	4.344766666668875	trials	11936.231516729866	11936.845516729867	0.425	11937.241516729866	11938.001516729866	0	1	25	1	0	56	1	1	8	0	[  8 102]	13
11940.311016729867	3.689766666666401	trials	11941.364016729867	11941.628016729866	0.38	11941.968016729867	11942.368016729868	0	1	28	2	0	66	1	3	9	0	[110  79]	13
11941.084516729868	4.094600000000355	trials	11942.067516729869	11943.015516729869	0.46	11943.43651672987	11943.726516729868	0	1	25	0	0	55	1	1	0	0	[  8 102]	13
11942.031683396533	2.89486666666744	trials	11943.071683396534	11943.635683396533	0.445	11944.048683396533		0	0	7	0	0	13	0	1	0	0	[136  87]	13
11944.850783396534	4.8057000000007974	trials	11945.998783396533	11946.830783396534	0.45	11947.237783396535	11947.862783396535	0	1	30	2	0	72	1	3	9	0	[-106  -80]	13
11946.151916729868	4.434766666665382	trials	11947.023916729868	11947.787916729869	0.575	11948.323916729869	11949.023916729868	0	1	35	1	0	95	1	1	9	0	[123   9]	13
11948.554616729867	4.434799999999086	trials	11949.587616729867	11950.402616729867	0.415	11950.786616729867	11951.366616729867	0	1	18	2	0	45	1	3	9	0	[114 -86]	13
11951.390883396534	3.9997666666658915	trials	11952.151883396535	11952.883883396535	0.41	11953.257883396534	11953.762883396534	0	1	13	1	0	29	1	1	9	0	[-117   88]	13
11951.576650063202	4.759866666665403	trials	11952.659650063202	11953.156650063202	0.305	11954.403650063201	11954.873650063202	0	1	9	1	0	0	0	1	9	0	[121 -76]	13
11953.809283396535	4.304833333331771	trials	11954.906283396534	11955.888283396534	0.405	11956.251283396534	11956.666283396535	0	1	39	0	0	106	1	1	0	0	[-90 -82]	13
11956.260650063201	4.504866666666203	trials	11957.2216500632	11957.6856500632	0.445	11958.9176500632	11959.3226500632	0	1	1	0	0	0	0	1	7	0	[125 -18]	13
11958.791883396534	3.5296333333335497	trials	11959.612883396534	11960.110883396534	0.365	11960.443883396534	11960.848883396535	0	1	33	0	0	88	1	1	0	0	[134 -46]	13
11959.0542500632	3.9548666666669305	trials	11959.8422500632	11960.8232500632	0.355	11961.1462500632	11961.5262500632	0	1	26	0	0	58	1	1	0	0	[-115   70]	13
11963.569483396535	3.5997999999999593	trials	11964.361483396535	11964.959483396535	0.395	11965.311483396536	11965.656483396535	0	1	0	0	0	0	0	1	2	1	[-29  87]	13
11964.827016729869	4.744766666666692	trials	11965.899016729869	11966.764016729869	0.405	11967.13401672987	11967.819016729869	0	1	39	2	0	108	1	3	9	0	[-90 -82]	13
11967.889250063201	4.0248666666666395	trials	11968.813250063202	11969.5942500632	0.455	11970.006250063201	11970.416250063201	0	1	33	0	1	88	1	1	0	0	[134 -46]	13
11969.1108500632	4.014633333334132	trials	11970.0108500632	11970.9758500632	0.39	11971.3228500632	11971.6828500632	0	1	4	0	0	7	1	1	0	0	[125 -18]	13
11970.5617500632	4.2000333333344315	trials	11971.468750063199	11972.2327500632	0.475	11972.673750063199	11973.1187500632	0	1	16	2	0	39	1	3	9	0	[-108   82]	13
11972.639416729868	4.335566666666637	trials	11973.415416729868	11974.080416729868	0.46	11974.496416729868	11975.216416729867	0	1	26	2	0	60	1	3	8	0	[-115   70]	13
11973.960616729866	3.819900000002235	trials	11975.063616729865	11975.544616729867	0.41	11975.912616729865	11976.307616729866	0	1	0	0	0	0	0	1	2	1	[-75  68]	13
11975.691683396533	3.3848666666672216	trials	11976.604683396534	11977.418683396534	0.77	11978.153683396533		0	0	12	0	0	25	0	1	0	0	[-136  -23]	13
11977.764250063201	4.039866666667876	trials	11978.6182500632	11979.5492500632	0.38	11979.891250063201	11980.3512500632	0	1	6	0	0	10	0	1	0	0	[-13 111]	13
11980.261883396535	4.234599999999773	trials	11981.306883396535	11982.237883396536	0.465	11982.658883396536	11983.043883396535	0	1	38	0	0	103	1	1	0	0	[105 -83]	13
11984.840983396534	4.189766666666401	trials	11985.968983396535	11986.582983396534	0.4	11986.942983396535	11987.392983396534	0	1	16	2	0	39	1	3	9	0	[-108   82]	13
11984.894483396534	4.114766666667492	trials	11985.771483396535	11986.586483396533	0.325	11986.881483396533	11987.381483396533	0	1	21	1	0	53	1	1	9	0	[-134  -83]	13
11988.0616500632	4.214966666668261	trials	11989.1436500632	11989.841650063201	0.395	11990.2036500632	11990.7286500632	0	1	4	1	0	8	1	1	7	0	[125 -18]	13
11989.715616729867	3.6248666666670033	trials	11990.803616729867	11991.118616729867	0.41	11991.487616729868	11991.897616729868	0	1	26	0	0	58	1	1	0	0	[-115   70]	13
11989.7342500632	4.224799999999959	trials	11990.8742500632	11991.8052500632	0.36	11992.121250063201	11992.5212500632	0	1	8	0	0	16	1	1	0	0	[-115 -100]	13
11994.6493500632	4.185033333333195	trials	11995.5593500632	11996.224350063201	0.51	11996.696350063201	11997.2263500632	0	1	19	2	0	48	1	3	9	0	[139  -7]	13
11996.490950063202	4.500333333333401	trials	11997.573950063203	11998.371950063201	0.415	11998.752950063203	11999.292950063202	0	1	4	2	0	9	1	3	7	0	[125 -18]	13
11999.476616729868	3.8000333333329763	trials	12000.615616729867	12000.729616729868	0.43	12001.123616729868	12001.653616729867	0	1	31	1	0	83	1	1	9	0	[-121   68]	13
12001.785750063202	4.009999999998399	trials	12002.826750063201	12003.2907500632	0.415	12003.667750063201	12004.172750063202	0	1	35	2	0	96	1	3	9	0	[123   9]	13
12005.326983396535	4.134699999998702	trials	12006.234983396535	12007.133983396536	0.4	12007.498983396536	12007.923983396535	0	1	0	12	0	0	0	3	1	1	[-113  -78]	13
12009.805716729868	4.180033333332176	trials	12010.663716729869	12011.47871672987	0.415	12011.857716729868	12012.357716729868	0	1	17	2	0	42	1	3	9	0	[117  86]	13
12010.4217500632	4.699833333334027	trials	12011.354750063201	12011.9017500632	0.41	12013.183750063201	12013.5887500632	0	1	5	2	0	0	0	3	8	0	[-13 111]	13
12015.916616729868	4.390699999999924	trials	12016.706616729869	12017.538616729867	0.485	12017.983616729867	12018.583616729868	0	1	34	1	0	92	1	1	9	0	[122 -81]	13
12021.720816729867	4.670466666666471	trials	12022.852816729866	12023.800816729867	0.42	12024.177816729867	12024.667816729867	0	1	30	1	0	71	1	1	9	0	[-106  -80]	13
12023.7819500632	3.5548000000017055	trials	12024.7939500632	12025.725950063199	0.535	12026.2289500632		0	0	24	2	0	81	0	3	7	0	[126  82]	13
12027.205583396535	4.494999999998981	trials	12028.188583396535	12029.153583396535	0.375	12029.492583396535	12030.072583396535	0	1	20	1	0	50	1	1	9	0	[-132   83]	13
12028.621850063202	4.219599999998536	trials	12029.729850063202	12030.460850063202	0.52	12030.948850063201	12031.358850063201	0	1	14	0	0	31	1	1	0	0	[141   6]	13
12033.505950063201	4.275466666666034	trials	12034.3419500632	12034.806950063201	0.505	12035.267950063202	12036.012950063201	0	1	12	2	0	27	1	3	9	0	[-136  -23]	13
12034.186583396535	4.730033333333267	trials	12035.315583396536	12036.197583396535	0.54	12036.693583396534	12037.283583396535	0	1	20	1	0	50	1	1	9	0	[-132   83]	13
12038.485583396534	3.919866666667076	trials	12039.560583396535	12040.091583396534	0.53	12040.577583396534	12040.967583396534	0	1	37	0	0	100	1	1	0	0	[119  80]	13
12040.011583396534	3.4948999999996886	trials	12041.085583396534	12042.083583396534	0.375	12042.428583396533		0	0	32	0	0	85	0	1	0	0	[-117  -86]	13
12043.355716729868	3.955033333331812	trials	12044.246716729867	12044.727716729867	0.415	12045.112716729867	12045.632716729868	0	1	21	2	0	54	1	3	9	0	[-134  -83]	13
12045.386616729867	3.684833333334609	trials	12046.154616729867	12046.868616729867	0.395	12047.228616729868	12047.598616729867	0	1	3	0	0	4	1	1	0	0	[-144  -52]	13
12050.166683396536	4.455666666664911	trials	12051.106683396536	12051.721683396536	0.485	12052.168683396536	12052.858683396535	0	1	32	2	0	87	1	3	9	0	[-117  -86]	13
12058.011816729868	4.094766666665237	trials	12058.993816729868	12059.491816729867	0.52	12059.973816729867	12060.573816729868	0	1	25	1	0	56	1	1	8	0	[  8 102]	13
12060.325783396534	3.9246333333339862	trials	12061.287783396534	12061.952783396535	0.525	12062.437783396534	12062.812783396534	0	1	34	0	0	91	1	1	0	0	[122 -81]	13
12063.126583396534	4.354833333334682	trials	12064.279583396534	12065.211583396533	0.495	12065.663583396534	12066.043583396533	0	1	35	0	0	94	1	1	0	0	[123   9]	13
12067.700916729867	4.1247999999995955	trials	12068.774916729868	12069.389916729868	0.435	12069.787916729867	12070.227916729868	0	1	37	2	0	102	1	3	9	0	[119  80]	13
12072.615550063201	4.180033333333995	trials	12073.743550063202	12074.3255500632	0.405	12074.6925500632	12075.197550063202	0	1	11	1	0	23	1	1	9	0	[121 -76]	13
12083.069150063202	4.765033333333122	trials	12084.069150063202	12085.033150063202	0.68	12085.676150063202	12086.241150063202	0	1	19	1	0	47	1	1	9	0	[139  -7]	13
12088.8441500632	4.1349000000009255	trials	12089.9881500632	12090.6691500632	0.44	12091.0711500632	12091.4811500632	0	1	0	1	0	0	0	1	2	1	[ 61 100]	13
12093.939150063201	4.40003333333334	trials	12094.824150063201	12095.772150063201	0.37	12096.101150063201	12096.681150063201	0	1	39	1	0	107	1	1	9	0	[-90 -82]	13
12093.946683396534	4.4099999999998545	trials	12095.077683396534	12095.792683396534	0.5	12096.258683396534	12096.753683396535	0	1	11	2	0	24	1	3	9	0	[121 -76]	13
12099.139183396535	3.8998333333329356	trials	12100.193183396535	12100.741183396536	0.46	12101.161183396536	12101.576183396535	0	1	36	0	0	97	1	1	0	0	[-115   77]	13
12100.611650063202	3.510066666665807	trials	12101.4476500632	12101.478650063202	0.535	12101.958650063201	12102.503650063201	0	1	33	2	0	90	1	3	9	0	[134 -46]	13
12105.0866500632	4.08003333333545	trials	12105.8996500632	12106.5476500632	0.5	12107.0136500632	12107.5536500632	0	1	38	2	0	105	0	3	9	0	[105 -83]	13
12110.141550063201	4.179966666666587	trials	12110.918550063201	12111.866550063201	0.37	12112.198550063202	12112.768550063201	0	1	2	1	0	2	1	1	7	0	[114  91]	13
12115.3415500632	4.220600000000559	trials	12116.2385500632	12116.7695500632	0.45	12117.1785500632	12117.9135500632	0	1	26	1	0	59	1	1	8	0	[-115   70]	13
12137.754483396533	4.41473333333488	trials	12138.528483396532	12139.510483396532	0.455	12139.921483396532	12140.576483396533	0	1	24	2	0	81	1	3	7	0	[ 95 -89]	13
12137.756916729868	3.799699999999575	trials	12138.582916729867	12139.030916729867	0.455	12139.448916729867	12139.988916729868	0	1	2	2	1	3	1	3	7	0	[114  91]	13
12142.4416500632	3.3356333333358634	trials	12143.3346500632	12144.0826500632	0.48	12144.518650063199		0	0	25	2	0	57	0	3	8	0	[  8 102]	13
12143.324216729867	3.9350333333350136	trials	12144.131216729867	12144.746216729867	0.36	12145.076216729867	12145.636216729867	0	1	14	2	0	33	1	3	9	0	[141   6]	13
12148.219216729867	4.164866666666057	trials	12149.183216729867	12150.115216729868	0.435	12150.511216729867	12150.901216729868	0	1	0	10	0	0	0	3	0	1	[ -9 110]	13
12148.781883396534	4.244766666666692	trials	12149.854883396534	12150.535883396535	0.43	12150.928883396535	12151.433883396534	0	1	31	2	0	84	1	3	9	0	[-121   68]	13
12152.944216729868	3.945033333333413	trials	12153.936216729868	12154.300216729867	0.465	12154.736216729867	12155.281216729867	0	1	18	2	0	45	1	3	9	0	[114 -86]	13
12153.951650063202	4.234966666666878	trials	12154.973650063203	12155.6886500632	0.405	12156.058650063202	12156.593650063201	0	1	2	2	0	3	1	3	7	0	[114  91]	13
12159.344516729867	4.399666666668054	trials	12160.222516729867	12161.153516729866	0.41	12161.531516729867	12162.196516729868	0	1	22	2	1	75	1	3	7	0	[126  82]	13
12164.759116729867	3.8748333333351184	trials	12165.892116729867	12166.389116729866	0.405	12166.761116729867	12167.186116729867	0	1	34	0	0	91	1	1	0	0	[122 -81]	13
12166.981483396534	4.529866666665839	trials	12167.863483396533	12168.444483396534	0.425	12169.733483396534	12170.073483396534	0	1	9	0	0	0	0	1	9	0	[ -9 110]	13
12169.544216729868	4.295733333332464	trials	12170.377216729868	12171.008216729868	0.52	12171.486216729867	12172.011216729868	0	1	21	2	0	54	1	3	9	0	[-134  -83]	13
12172.336516729867	4.239966666666078	trials	12173.449516729866	12173.896516729867	0.425	12174.283516729867	12175.043516729867	0	1	25	1	0	56	0	1	8	0	[  8 102]	13
12174.534116729868	3.7749666666659323	trials	12175.313116729869	12175.777116729869	0.415	12176.161116729869	12176.731116729869	0	1	10	1	0	20	1	1	9	0	[ -9 110]	13
12178.551750063201	4.274766666665528	trials	12179.3517500632	12180.350750063202	0.415	12180.723750063202	12181.183750063201	0	1	21	1	0	53	1	1	9	0	[-134  -83]	13
12179.044216729868	4.200699999999415	trials	12180.115216729868	12180.580216729868	0.455	12180.996216729867	12181.486216729867	0	1	34	2	0	93	1	3	9	0	[122 -81]	13
12187.0243500632	3.5445999999992637	trials	12188.0863500632	12188.367350063201	0.385	12188.7213500632	12189.1213500632	0	1	18	0	0	43	1	1	0	0	[114 -86]	13
12191.559116729866	3.544833333333372	trials	12192.438116729867	12192.919116729867	0.41	12193.291116729866	12193.646116729866	0	1	13	0	0	28	1	1	0	0	[-117   88]	13
12191.636716729867	3.5797666666676378	trials	12192.408716729868	12192.689716729867	0.42	12193.068716729867	12193.648716729867	0	1	35	1	0	95	1	1	9	0	[123   9]	13
12195.874083396535	5.069833333333008	trials	12196.840083396535	12197.805083396535	0.325	12199.086083396534	12199.481083396535	0	1	9	0	0	0	0	1	9	0	[-136  -23]	13
12196.131483396533	3.834866666667949	trials	12197.227483396533	12197.758483396534	0.41	12198.128483396533	12198.503483396533	0	1	37	0	0	100	1	1	0	0	[119  80]	13
12202.676816729869	4.024566666665123	trials	12203.81381672987	12204.344816729868	0.465	12204.76881672987	12205.18881672987	0	1	0	10	0	0	0	3	0	1	[-113  -78]	13
12206.009283396535	4.530499999998938	trials	12207.061283396535	12207.993283396536	0.41	12208.366283396535	12208.811283396535	0	1	30	1	0	71	1	1	9	0	[-106  -80]	13
12211.489183396534	4.490033333333486	trials	12212.564183396535	12213.462183396534	0.43	12213.856183396534	12214.341183396535	0	1	36	2	0	99	1	3	9	0	[-115   77]	13
12212.291816729867	4.3897333333334245	trials	12213.335816729867	12213.966816729866	0.595	12214.523816729867	12215.103816729867	0	1	22	2	0	75	1	3	7	0	[126  82]	13
12216.739216729868	4.239966666667897	trials	12217.550216729867	12218.398216729867	0.455	12218.811216729868	12219.346216729868	0	1	10	2	0	21	1	3	9	0	[ -9 110]	13
12217.581583396535	4.209999999999127	trials	12218.404583396536	12219.252583396536	0.365	12219.583583396536	12220.183583396536	0	1	14	2	0	33	1	3	9	0	[141   6]	13
12221.699050063202	4.014866666664602	trials	12222.519050063202	12223.434050063202	0.42	12223.811050063201	12224.231050063201	0	1	4	0	0	7	1	1	0	0	[125 -18]	13
12222.941450063201	4.30563333333339	trials	12223.9564500632	12224.4044500632	0.66	12225.033450063202	12225.588450063202	0	1	27	1	0	62	1	1	8	0	[115 -80]	13
12226.449150063201	3.5450000000000728	trials	12227.371150063202	12227.569150063202	0.455	12227.9811500632	12228.3911500632	0	1	7	2	0	15	1	3	8	0	[136  87]	13
12229.566450063201	4.274966666667751	trials	12230.676450063202	12231.307450063201	0.495	12231.773450063201	12232.293450063202	0	1	23	1	0	77	1	1	7	0	[-4 93]	13
12230.8490500632	4.174866666668095	trials	12231.6900500632	12232.1880500632	0.375	12233.256050063199	12233.5660500632	0	1	5	1	0	0	0	1	8	0	[-13 111]	13
12235.8690500632	4.290733333335083	trials	12236.8090500632	12237.5400500632	0.38	12237.8860500632	12238.3960500632	0	1	32	1	0	86	1	1	9	0	[-117  -86]	13
12239.356716729868	3.6695666666673787	trials	12240.181716729869	12240.962716729868	0.37	12241.303716729868	12241.598716729868	0	1	25	0	0	55	1	1	0	0	[  8 102]	13
12240.904150063201	4.979866666666567	trials	12241.995150063201	12242.743150063201	0.355	12243.966150063201	12244.3661500632	0	1	5	2	0	0	0	3	8	0	[-115 -100]	13
12243.886550063202	3.6750333333329763	trials	12244.733550063202	12244.897550063202	0.495	12245.363550063203	12245.928550063201	0	1	19	2	0	48	1	3	9	0	[139  -7]	13
12246.5840500632	3.7550000000010186	trials	12247.6640500632	12247.8450500632	0.415	12248.2160500632	12248.7210500632	0	1	13	1	0	29	1	1	9	0	[-117   88]	13
12248.511583396534	4.645633333333535	trials	12249.669583396533	12250.283583396535	0.495	12250.743583396534	12251.363583396535	0	1	12	2	0	27	1	3	9	0	[-136  -23]	13
12252.029383396533	4.35546666666778	trials	12252.783383396534	12253.648383396534	0.425	12254.021383396534	12254.581383396533	0	1	33	2	0	90	1	3	9	0	[134 -46]	13
12258.514250063201	3.714799999999741	trials	12259.420250063202	12259.935250063201	0.39	12260.2962500632	12260.721250063201	0	1	0	1	0	0	0	1	2	1	[113 -15]	13
12262.826650063202	3.984633333333477	trials	12263.876650063201	12264.540650063202	0.465	12264.968650063201	12265.353650063202	0	1	13	0	0	28	1	1	0	0	[-117   88]	13
12263.144016729868	4.005033333332904	trials	12264.139016729869	12264.804016729868	0.365	12265.131016729867	12265.591016729868	0	1	16	1	0	38	1	1	9	0	[-108   82]	13
12267.7741500632	4.680599999999686	trials	12268.7911500632	12269.5891500632	0.42	12269.9661500632	12270.6861500632	0	1	26	2	0	60	1	3	8	0	[-115   70]	13
12268.8415500632	4.544966666668188	trials	12269.7455500632	12270.6265500632	0.4	12270.9935500632	12271.8135500632	0	1	25	2	0	57	1	3	8	0	[  8 102]	13
12276.611683396535	3.7295999999987544	trials	12277.549683396535	12278.113683396536	0.41	12278.483683396535	12278.898683396535	0	1	12	0	0	25	1	1	0	0	[-136  -23]	13
12277.4942500632	4.059766666667201	trials	12278.6292500632	12279.2102500632	0.375	12279.541250063201	12279.9662500632	0	1	36	1	0	98	1	1	9	0	[-115   77]	13
12281.336416729868	3.989866666666785	trials	12282.301416729868	12283.149416729868	0.39	12283.503416729867	12283.873416729868	0	1	31	0	0	82	1	1	0	0	[-121   68]	13
12283.859283396534	4.089733333334152	trials	12284.999283396533	12285.514283396535	0.395	12285.871283396535	12286.381283396535	0	1	35	1	0	95	1	1	9	0	[123   9]	13
12286.326416729868	3.8598333333338815	trials	12287.337416729868	12287.885416729867	0.495	12288.338416729868	12288.743416729867	0	1	19	0	0	46	1	1	0	0	[139  -7]	13
12289.038983396535	3.9998666666651843	trials	12290.151983396534	12290.815983396535	0.375	12291.160983396534	12291.575983396535	0	1	3	0	1	4	1	1	0	0	[-144  -52]	13
12291.191450063201	3.824799999998504	trials	12292.239450063202	12292.720450063201	0.43	12293.1084500632	12293.503450063201	0	1	4	0	0	7	1	1	0	0	[125 -18]	13
12293.933983396535	3.760033333332103	trials	12295.053983396536	12295.251983396534	0.41	12295.630983396535	12296.135983396534	0	1	18	1	0	44	1	1	9	0	[114 -86]	13
12298.434116729866	4.685700000001816	trials	12299.523116729866	12300.454116729867	0.415	12300.836116729866	12301.326116729866	0	1	30	2	0	72	1	3	9	0	[-106  -80]	13
12301.836750063201	3.659866666665039	trials	12302.928750063202	12303.0757500632	0.49	12303.5287500632	12303.928750063202	0	1	0	12	0	0	0	3	3	1	[-144  -52]	13
12304.894216729866	4.460466666667344	trials	12305.792216729866	12306.690216729867	0.4	12307.061216729866	12307.631216729866	0	1	34	1	0	92	1	1	9	0	[122 -81]	13
12306.526383396535	4.375033333331885	trials	12307.580383396535	12308.278383396535	0.42	12308.663383396535	12309.358383396535	0	1	0	12	0	0	0	1	2	1	[-104  -60]	13
12311.579216729868	3.824766666666619	trials	12312.562216729868	12313.043216729868	0.48	12313.491216729868	12313.891216729868	0	1	0	0	0	0	0	1	2	1	[116  52]	13
12311.896516729867	4.300033333332976	trials	12312.683516729867	12313.647516729867	0.42	12314.023516729867	12314.558516729867	0	1	36	2	0	99	1	3	9	0	[-115   77]	13
12316.494116729868	3.970000000001164	trials	12317.615116729867	12317.996116729868	0.385	12318.336116729868	12318.811116729867	0	1	36	2	0	99	1	3	9	0	[-115   77]	13
12317.041383396534	3.909866666666858	trials	12317.818383396534	12318.416383396534	0.73	12319.113383396534	12319.483383396533	0	1	17	0	0	40	1	1	0	0	[117  86]	13
12321.129083396534	4.364999999999782	trials	12321.984083396534	12322.915083396534	0.415	12323.286083396533	12323.801083396535	0	1	39	2	0	108	1	3	9	0	[-90 -82]	13
12321.881383396534	3.975000000000364	trials	12322.837383396534	12323.519383396535	0.415	12323.898383396534	12324.323383396533	0	1	28	1	0	65	1	1	9	0	[110  79]	13
12326.474083396533	3.4900333333353046	trials	12327.269083396533	12327.384083396533	0.445	12327.786083396533	12328.386083396534	0	1	37	2	0	102	0	3	9	0	[119  80]	13
12330.823983396534	4.059999999999491	trials	12331.754983396535	12332.402983396534	0.38	12332.740983396534	12333.315983396535	0	1	14	1	0	32	1	1	9	0	[141   6]	13
12332.346616729868	4.104766666665455	trials	12333.35961672987	12333.95761672987	0.395	12334.313616729869	12334.918616729869	0	1	19	1	0	47	1	1	9	0	[139  -7]	13
12335.6789500632	4.01986666666744	trials	12336.690950063201	12337.4389500632	0.425	12337.8209500632	12338.235950063201	0	1	29	0	0	67	1	1	0	0	[-114   11]	13
12339.956616729867	3.6046000000005733	trials	12340.763616729868	12341.311616729867	0.455	12341.728616729868	12342.128616729868	0	1	28	0	0	64	1	1	0	0	[110  79]	13
12343.024316729869	4.27980000000025	trials	12343.994316729868	12344.909316729869	0.405	12345.276316729869	12345.711316729868	0	1	16	2	0	39	1	3	9	0	[-108   82]	13
12345.951483396533	4.235033333334286	trials	12346.949483396533	12347.564483396533	0.47	12347.988483396533	12348.558483396533	0	1	19	2	0	48	1	3	9	0	[139  -7]	13
12348.084083396534	4.740700000000288	trials	12349.147083396534	12349.995083396534	0.43	12350.386083396534	12351.036083396533	0	1	32	2	0	87	1	3	9	0	[-117  -86]	13
12353.936716729868	4.0147666666653095	trials	12354.703716729868	12355.417716729868	0.445	12355.828716729868	12356.373716729868	0	1	33	2	0	90	1	3	9	0	[134 -46]	13
12358.009316729867	3.9997666666658915	trials	12358.851316729868	12359.466316729868	0.47	12359.901316729867	12360.421316729868	0	1	23	2	0	78	1	3	7	0	[-4 93]	13
12358.951350063202	4.18483333333279	trials	12360.055350063201	12360.837350063202	0.465	12361.263350063202	12361.688350063201	0	1	39	0	0	106	1	1	0	0	[-90 -82]	13
12362.7339500632	3.5248666666666395	trials	12363.869950063201	12364.0349500632	0.42	12364.4209500632	12364.7659500632	0	1	0	2	0	0	0	1	2	1	[74 86]	13
12364.051483396535	4.334966666665423	trials	12365.008483396536	12365.822483396536	0.47	12366.248483396535	12366.803483396536	0	1	23	2	0	78	1	3	7	0	[-4 93]	13
12372.094216729867	3.8545666666668694	trials	12373.008216729868	12373.873216729868	0.37	12374.211216729867	12374.511216729867	0	1	23	0	0	76	1	1	0	0	[-4 93]	13
12373.8415500632	4.21980000000076	trials	12374.9465500632	12375.7115500632	0.425	12376.0935500632	12376.4935500632	0	1	37	1	0	101	1	1	9	0	[119  80]	13
12376.668950063202	3.659833333331335	trials	12377.476950063203	12378.074950063203	0.425	12378.455950063202	12378.855950063202	0	1	14	0	0	31	1	1	0	0	[141   6]	13
12378.9713500632	4.355000000001382	trials	12379.982350063201	12380.813350063201	0.495	12381.268350063201	12381.7883500632	0	1	17	1	0	41	1	1	9	0	[117  86]	13
12381.398916729868	4.190666666665493	trials	12382.462916729868	12382.926916729868	0.485	12383.380916729868	12383.960916729868	0	1	26	1	0	59	1	1	8	0	[-115   70]	13
12386.3840500632	3.4398666666675126	trials	12387.2150500632	12387.6800500632	0.365	12388.0010500632	12388.3110500632	0	1	0	10	0	0	0	3	0	1	[  8 102]	13
12386.801583396535	3.8695999999999913	trials	12387.752583396534	12388.517583396535	0.37	12388.848583396535	12389.228583396534	0	1	2	0	0	1	1	1	0	0	[114  91]	13
12391.711450063201	4.724999999998545	trials	12392.821450063202	12393.569450063202	0.59	12394.128450063201	12394.768450063202	0	1	13	2	0	30	1	3	9	0	[-117   88]	13
12392.634283396535	4.174766666665164	trials	12393.718283396536	12394.299283396536	0.42	12394.686283396535	12395.191283396536	0	1	29	2	0	69	1	3	9	0	[-114   11]	13
12397.536483396534	4.580566666665618	trials	12398.607483396534	12399.389483396533	0.455	12399.813483396534	12400.338483396534	0	1	27	2	0	63	1	3	8	0	[115 -80]	13
12399.864183396534	4.069733333333716	trials	12400.922183396535	12401.453183396534	0.495	12401.911183396534	12402.366183396534	0	1	38	1	0	104	1	1	9	0	[105 -83]	13
12413.699150063201	4.234599999999773	trials	12414.845150063202	12415.676150063202	0.465	12416.101150063201	12416.5011500632	0	1	24	0	0	79	1	1	0	0	[ 95 -89]	13
12418.709016729867	4.355000000001382	trials	12419.831016729866	12420.662016729866	0.38	12421.011016729866	12421.466016729866	0	1	38	2	0	105	1	3	9	0	[105 -83]	13
12424.053883396533	3.865700000002107	trials	12425.066883396534	12425.163883396533	0.49	12425.615883396533	12426.145883396533	0	1	34	1	0	92	1	1	9	0	[122 -81]	13
12428.718983396535	4.215033333333849	trials	12429.484983396535	12430.349983396534	0.44	12430.745983396535	12431.310983396535	0	1	6	2	0	12	1	3	8	0	[-13 111]	13
12430.461516729867	4.384800000001633	trials	12431.473516729868	12432.455516729868	0.395	12432.818516729867	12433.273516729867	0	1	28	1	0	65	1	1	9	0	[110  79]	13
12436.109150063201	3.9646000000011554	trials	12437.122150063202	12438.004150063201	0.33	12438.306150063201	12438.6161500632	0	1	6	0	1	10	1	1	0	0	[-13 111]	13
12440.698883396533	3.5648666666675126	trials	12441.540883396534	12442.038883396533	0.39	12442.395883396533	12442.835883396534	0	1	38	0	0	103	1	1	0	0	[105 -83]	13
12445.4366500632	3.4804333333340765	trials	12446.4806500632	12447.2626500632	0.44	12447.6586500632		0	0	7	2	0	15	0	3	8	0	[136  87]	13
12450.216516729866	4.064633333335223	trials	12451.366516729866	12451.981516729866	0.465	12452.408516729865	12452.838516729866	0	1	27	0	0	61	1	1	0	0	[115 -80]	13
12450.883983396534	4.015000000001237	trials	12451.779983396535	12452.360983396535	0.44	12452.765983396534	12453.290983396533	0	1	6	2	0	12	1	3	8	0	[-13 111]	13
12455.181416729867	3.8950333333341405	trials	12456.018416729867	12456.600416729867	0.405	12456.968416729867	12457.463416729866	0	1	29	2	0	69	1	3	9	0	[-114   11]	13
12455.613883396534	3.944999999999709	trials	12456.498883396534	12457.195883396535	0.33	12457.495883396534	12457.995883396534	0	1	35	1	0	95	1	1	9	0	[123   9]	13
12459.991383396533	4.365733333335811	trials	12460.937383396533	12461.552383396533	0.5	12462.018383396533	12462.558383396532	0	1	34	2	0	93	1	3	9	0	[122 -81]	13
12460.233883396533	4.104933333333975	trials	12461.266883396533	12461.931883396534	0.4	12462.290883396534	12462.795883396533	0	1	23	1	0	77	1	1	7	0	[-4 93]	13
12465.113883396534	4.099833333333663	trials	12466.085883396534	12466.983883396535	0.375	12467.330883396535	12467.740883396535	0	1	35	0	0	94	1	1	0	0	[123   9]	13
12467.761483396534	3.814633333333404	trials	12468.674483396535	12469.356483396534	0.4	12469.718483396535	12470.128483396535	0	1	29	0	1	67	1	1	0	0	[-114   11]	13
12470.9092500632	4.03973333333488	trials	12471.7062500632	12472.4042500632	0.4	12472.771250063199	12473.3412500632	0	1	35	2	0	96	1	3	9	0	[123   9]	13
12475.843983396535	3.9649666666664416	trials	12476.707983396534	12477.222983396536	0.395	12477.585983396535	12478.220983396535	0	1	3	2	0	6	1	3	7	0	[-144  -52]	13
12477.0012500632	3.7448666666678037	trials	12477.9292500632	12478.4432500632	0.485	12478.8882500632	12479.3232500632	0	1	7	0	0	13	1	1	0	0	[136  87]	13
12480.4538500632	4.150000000001455	trials	12481.243850063202	12482.2088500632	0.365	12482.5308500632	12483.0758500632	0	1	6	1	0	11	1	1	8	0	[-13 111]	13
12481.626383396535	4.17069999999876	trials	12482.414383396535	12483.096383396534	0.435	12483.493383396535	12484.028383396535	0	1	15	2	0	36	1	3	9	0	[-113  -78]	13
12485.468816729866	3.9650000000001455	trials	12486.345816729867	12486.960816729867	0.395	12487.310816729867	12487.865816729867	0	1	3	1	1	5	1	1	7	0	[-144  -52]	13
12490.1288500632	4.255000000001019	trials	12491.2488500632	12492.0628500632	0.355	12492.3758500632	12492.8408500632	0	1	31	1	0	83	1	1	9	0	[-121   68]	13
12493.306483396535	3.5196333333333314	trials	12494.087483396535	12494.568483396535	0.44	12494.968483396535	12495.363483396535	0	1	26	0	0	58	1	1	0	0	[-115   70]	13
12502.576616729868	3.814766666666401	trials	12503.591616729867	12503.756616729868	0.455	12504.178616729869	12504.798616729868	0	1	33	2	0	90	1	3	9	0	[134 -46]	13
12508.871450063201	3.089700000000448	trials	12509.961450063201	12510.659450063202	0.46	12511.0834500632		0	0	16	0	0	37	0	1	0	0	[-108   82]	13
12513.186483396534	4.094766666667056	trials	12514.063483396534	12514.628483396533	0.55	12515.143483396534	12515.683483396533	0	1	13	1	0	29	1	1	9	0	[-117   88]	13
12521.776583396535	3.1798333333317714	trials	12522.851583396536	12523.315583396536	0.475	12523.758583396535		0	0	37	2	0	102	0	3	9	0	[119  80]	13
12526.231583396533	3.9398000000001048	trials	12527.103583396532	12527.717583396534	0.455	12528.128583396534	12528.588583396533	0	1	28	2	0	66	1	3	9	0	[110  79]	13
12532.551483396535	3.804599999999482	trials	12533.372483396535	12534.137483396535	0.425	12534.518483396536	12534.908483396535	0	1	31	0	0	82	1	1	0	0	[-121   68]	13
12537.336250063201	4.019933333333029	trials	12538.4582500632	12538.8062500632	0.455	12539.223250063202	12539.8232500632	0	1	4	1	0	8	1	1	7	0	[125 -18]	13
12542.431216729867	3.864866666666785	trials	12543.544216729866	12544.042216729868	0.45	12544.448216729867	12544.803216729866	0	1	6	0	0	10	1	1	0	0	[-13 111]	13
12563.441216729869	4.074999999998909	trials	12564.404216729868	12565.102216729869	0.37	12565.44321672987	12565.948216729868	0	1	29	1	0	68	1	1	9	0	[-114   11]	13
12568.411183396534	3.7898666666660574	trials	12569.273183396534	12569.954183396534	0.41	12570.333183396535	12570.688183396534	0	1	22	0	0	73	1	1	0	0	[126  82]	13
12574.191416729867	3.7946666666666715	trials	12575.226416729867	12575.740416729868	0.405	12576.103416729868	12576.458416729867	0	1	0	0	0	0	0	1	2	1	[65 52]	13
12579.006316729869	4.335033333332831	trials	12579.895316729868	12580.726316729868	0.425	12581.118316729868	12581.743316729868	0	1	18	2	0	45	1	3	9	0	[114 -86]	13
12586.066550063202	4.289766666664946	trials	12587.098550063201	12587.846550063203	0.45	12588.253550063202	12588.718550063202	0	1	7	2	0	15	1	3	8	0	[136  87]	13
12591.191183396535	4.134833333333518	trials	12592.201183396535	12593.099183396534	0.41	12593.473183396534	12593.878183396535	0	1	18	0	0	43	1	1	0	0	[114 -86]	13
12596.306150063201	3.879866666666203	trials	12597.103150063202	12598.0011500632	0.395	12598.353150063202	12598.7331500632	0	1	20	0	0	49	1	1	0	0	[-132   83]	13
12601.266183396534	3.949833333334027	trials	12602.272183396533	12602.970183396534	0.44	12603.368183396535	12603.763183396533	0	1	14	0	0	31	1	1	0	0	[141   6]	13
12606.191183396535	4.244999999998981	trials	12607.208183396535	12608.056183396535	0.375	12608.398183396535	12608.863183396536	0	1	31	1	0	83	1	1	9	0	[-121   68]	13
12611.406283396534	4.015033333333122	trials	12612.210283396535	12612.942283396535	0.465	12613.368283396534	12613.858283396534	0	1	17	2	0	42	1	3	9	0	[117  86]	13
12618.016383396534	4.059799999999086	trials	12618.830383396535	12619.812383396535	0.39	12620.173383396534	12620.573383396535	0	1	0	2	0	0	0	1	2	1	[-125    3]	13
12623.216150063201	4.359966666666878	trials	12624.183150063202	12625.164150063201	0.425	12625.5531500632	12626.1231500632	0	1	22	1	0	74	1	1	7	0	[126  82]	13
12628.656150063201	3.46486666666533	trials	12629.636150063201	12629.967150063201	0.42	12630.343150063201	12630.763150063201	0	1	19	0	0	46	1	1	0	0	[139  -7]	13
12632.921150063201	3.970000000001164	trials	12633.921150063201	12634.369150063201	0.495	12634.833150063201	12635.398150063202	0	1	6	1	0	11	1	1	8	0	[-13 111]	13
12644.281383396534	3.7946000000010827	trials	12645.110383396534	12645.858383396533	0.43	12646.248383396534	12646.633383396535	0	1	36	0	0	97	1	1	0	0	[-115   77]	13
12649.0261500632	3.074899999999616	trials	12649.9791500632	12650.6771500632	0.39	12651.038150063201		0	0	34	0	0	91	0	1	0	0	[122 -81]	13
12653.171383396533	3.609599999999773	trials	12654.031383396534	12654.612383396534	0.375	12654.953383396532	12655.338383396533	0	1	37	0	0	100	1	1	0	0	[119  80]	13
12657.6511500632	4.019833333333736	trials	12658.7501500632	12659.5311500632	0.35	12659.8431500632	12660.2231500632	0	1	34	0	0	91	1	1	0	0	[122 -81]	13
12662.6112500632	5.244999999998981	trials	12663.685250063201	12664.5832500632	0.935	12665.4782500632	12666.2082500632	0	1	10	2	0	21	1	3	9	0	[ -9 110]	13
12670.8762500632	3.9200000000018917	trials	12671.8062500632	12672.3702500632	0.425	12672.7582500632	12673.1832500632	0	1	37	2	0	102	1	3	9	0	[119  80]	13
12694.306350063202	3.9745999999995547	trials	12695.351350063202	12696.032350063202	0.435	12696.423350063202	12696.833350063202	0	1	18	0	0	43	1	1	0	0	[114 -86]	13
12699.251216729866	4.450266666666721	trials	12700.286216729866	12701.084216729867	0.47	12701.513216729867	12702.078216729866	0	1	0	12	0	0	0	3	5	1	[-113  -78]	13
12707.031450063201	4.5745999999999185	trials	12707.8574500632	12708.5554500632	0.475	12709.7234500632	12710.103450063201	0	1	9	2	0	0	0	3	9	0	[121 -76]	13
12713.676316729867	3.774600000000646	trials	12714.443316729867	12715.325316729866	0.32	12715.603316729866	12715.978316729866	0	1	24	0	0	79	1	1	0	0	[ 95 -89]	13
12719.716316729868	4.109766666666474	trials	12720.613316729869	12721.194316729867	0.54	12721.698316729868	12722.143316729867	0	1	36	1	1	98	1	1	9	0	[-115   77]	13
12738.821116729869	3.944966666666005	trials	12739.839116729869	12740.403116729869	0.385	12740.75311672987	12741.20811672987	0	1	16	1	0	38	1	1	9	0	[-108   82]	13
12744.591283396534	4.079799999999523	trials	12745.408283396533	12746.189283396534	0.385	12746.538283396534	12747.103283396535	0	1	16	1	0	38	1	1	9	0	[-108   82]	13
12756.366416729867	4.209766666666837	trials	12757.180416729867	12757.912416729867	0.395	12758.263416729867	12758.893416729867	0	1	6	2	0	12	1	3	8	0	[-13 111]	13
12761.5510500632	3.139933333333829	trials	12762.516050063201	12763.1810500632	0.415	12763.563050063201		0	0	24	0	0	79	0	1	0	0	[ 95 -89]	13
12765.686316729869	3.889566666664905	trials	12766.585316729868	12767.200316729868	0.575	12767.738316729869	12768.138316729868	0	1	20	0	0	49	1	1	0	0	[-132   83]	13
12771.816383396534	4.384866666667222	trials	12772.638383396534	12773.303383396533	0.525	12773.798383396534	12774.498383396534	0	1	20	2	0	51	1	3	9	0	[-132   83]	13
12777.051150063202	4.714966666666442	trials	12778.191150063201	12779.055150063203	0.525	12779.538150063201	12780.153150063203	0	1	24	2	0	81	1	3	7	0	[ 95 -89]	13
12784.971283396535	3.7445999999981723	trials	12786.011283396536	12786.576283396535	0.405	12786.938283396536	12787.263283396534	0	1	10	0	0	19	1	1	0	0	[ -9 110]	13
12789.4960500632	4.57566666666753	trials	12790.5630500632	12791.3780500632	0.38	12791.713050063201	12792.2980500632	0	1	32	1	0	86	1	1	9	0	[-117  -86]	13
12797.816383396534	3.7947666666659643	trials	12798.651383396533	12799.115383396535	0.455	12799.528383396533	12799.988383396534	0	1	16	2	1	39	1	3	9	0	[-108   82]	13
12803.901383396535	4.774599999998827	trials	12805.054383396535	12805.551383396534	0.43	12806.748383396534	12807.153383396535	0	1	1	2	0	0	0	3	7	0	[125 -18]	13
12809.546016729868	4.204966666666223	trials	12810.606016729867	12811.121016729869	0.455	12811.543016729867	12812.193016729869	0	1	24	1	0	80	1	1	7	0	[ 95 -89]	13
12815.666383396534	4.194799999999304	trials	12816.442383396534	12817.290383396534	0.43	12817.688383396535	12818.253383396534	0	1	14	2	0	33	1	3	9	0	[141   6]	13
12821.926250063201	3.759633333333113	trials	12822.7452500632	12823.510250063202	0.385	12823.858250063202	12824.2532500632	0	1	32	0	0	85	1	1	0	0	[-117  -86]	13
12827.836250063201	3.869766666666692	trials	12828.6652500632	12829.079250063201	0.415	12829.463250063201	12830.148250063201	0	1	18	1	0	44	1	1	9	0	[114 -86]	13
12832.655983396533	3.875033333333704	trials	12833.500983396532	12834.064983396533	0.395	12834.427983396534	12834.932983396533	0	1	14	1	0	32	1	1	9	0	[141   6]	13
12837.470983396535	3.9048000000002503	trials	12838.269983396536	12839.217983396535	0.37	12839.542983396535	12839.912983396534	0	1	16	0	0	37	1	1	0	0	[-108   82]	13
12845.0963500632	4.464766666666037	trials	12845.957350063201	12846.8553500632	0.58	12847.3983500632	12847.9583500632	0	1	18	2	0	45	0	3	9	0	[114 -86]	13
12851.6511500632	4.144833333333736	trials	12852.4601500632	12853.3911500632	0.445	12853.8031500632	12854.2831500632	0	1	0	10	0	0	0	3	0	1	[-115 -100]	13
12856.6961500632	4.5556666666670935	trials	12857.6621500632	12858.494150063201	0.47	12858.923150063201	12859.4281500632	0	1	15	2	0	36	1	3	9	0	[-113  -78]	13
12865.016216729868	3.984633333333477	trials	12865.783216729867	12866.781216729867	0.44	12867.178216729868	12867.538216729869	0	1	15	0	0	34	1	1	0	0	[-113  -78]	13
12869.931016729868	4.554833333331771	trials	12870.685016729869	12871.216016729868	0.305	12872.538016729868	12872.998016729867	0	1	1	0	0	0	0	1	7	0	[-144  -52]	13
12875.480983396534	4.470000000001164	trials	12876.621983396533	12877.435983396534	0.43	12877.827983396533	12878.387983396533	0	1	18	1	0	44	1	1	9	0	[114 -86]	13
12881.060983396535	4.135666666665202	trials	12882.106983396536	12882.554983396536	0.425	12882.937983396536	12883.452983396535	0	1	15	1	0	35	1	1	9	0	[-113  -78]	13
12886.141083396535	4.85989999999947	trials	12887.060083396535	12887.658083396534	0.55	12889.108083396535	12889.513083396534	0	1	1	2	0	0	0	3	7	0	[-144  -52]	13
12893.360983396535	4.8448333333326445	trials	12894.279983396535	12895.044983396534	0.335	12896.437983396534	12896.827983396535	0	1	1	1	0	0	0	1	7	0	[-144  -52]	13
12899.166083396534	4.660700000000361	trials	12900.266083396535	12901.181083396534	0.475	12901.618083396534	12902.113083396534	0	1	34	2	0	93	1	3	9	0	[122 -81]	13
12924.801283396533	4.134833333333518	trials	12925.612283396533	12926.460283396533	0.435	12926.848283396534	12927.293283396533	0	1	38	2	0	105	1	3	9	0	[105 -83]	13
12931.391183396534	3.9355000000014115	trials	12932.498183396534	12932.579183396534	0.43	12932.973183396534	12933.568183396534	0	1	12	1	0	26	1	1	9	0	[-136  -23]	13
12936.3460500632	3.9200333333337767	trials	12937.284050063201	12937.7650500632	0.41	12938.133050063201	12938.6480500632	0	1	35	2	0	96	1	3	9	0	[123   9]	13
12941.300916729868	4.825666666665711	trials	12942.419916729868	12943.367916729867	0.525	12943.847916729868	12944.462916729868	0	1	26	1	0	59	1	1	8	0	[-115   70]	13
12948.051183396534	3.6396333333341317	trials	12948.806183396533	12949.521183396533	0.38	12949.863183396534	12950.258183396534	0	1	37	0	0	100	1	1	0	0	[119  80]	13
12952.585916729868	4.350733333332755	trials	12953.541916729868	12954.189916729867	0.45	12954.602916729868	12955.222916729868	0	1	19	1	0	47	1	1	9	0	[139  -7]	13
12960.5761500632	4.079633333334641	trials	12961.679150063199	12962.3601500632	0.415	12962.7381500632	12963.2081500632	0	1	27	0	0	61	1	1	0	0	[115 -80]	13
12965.536083396535	4.024966666665932	trials	12966.331083396535	12966.879083396536	0.4	12967.243083396535	12967.778083396535	0	1	21	2	0	54	1	3	9	0	[-134  -83]	13
12970.460916729868	4.539999999999054	trials	12971.516916729868	12972.514916729868	0.44	12972.912916729867	12973.437916729868	0	1	14	1	0	32	1	1	9	0	[141   6]	13
12979.021150063201	2.9346333333323855	trials	12979.905150063201	12979.9021500632	0.36	12980.218150063201	12980.523150063202	0	1	10	0	0	19	1	1	0	0	[ -9 110]	13
12982.950916729867	4.20566666666673	trials	12983.856916729868	12984.570916729868	0.25	12984.787916729867	12985.432916729867	0	1	34	1	0	92	1	1	9	0	[122 -81]	13
12988.065883396535	4.074866666665912	trials	12989.008883396535	12989.006883396536	0.395	12990.327883396536	12990.707883396535	0	1	9	0	0	0	0	1	9	0	[121 -76]	13
12995.0662500632	4.294733333334079	trials	12995.846250063201	12996.6602500632	0.505	12997.1282500632	12997.7332500632	0	1	4	2	0	9	1	3	7	0	[125 -18]	13
13000.645883396533	3.964866666667149	trials	13001.764883396534	13002.462883396533	0.395	13002.827883396534	13003.162883396533	0	1	10	0	0	19	1	1	0	0	[ -9 110]	13
13018.211250063201	4.415366666666159	trials	13019.0742500632	13019.6712500632	0.52	13020.1532500632	13020.8682500632	0	1	26	2	0	60	1	3	8	0	[-115   70]	13
13023.585883396534	3.1098666666675854	trials	13024.575883396534	13025.457883396533	0.39	13025.817883396534		0	0	17	0	0	40	0	1	0	0	[117  86]	13
13027.941116729868	4.1247666666677105	trials	13028.828116729868	13029.510116729867	0.415	13029.888116729868	13030.488116729868	0	1	33	1	0	89	1	1	9	0	[134 -46]	13
13035.721083396535	4.999633333332895	trials	13036.816083396534	13037.563083396535	0.61	13038.853083396534	13039.268083396535	0	1	1	0	0	0	0	1	7	0	[125 -18]	13
13041.850983396535	3.370633333333899	trials	13042.801983396534	13043.565983396535	0.435	13043.962983396534		0	0	7	2	0	15	0	3	8	0	[136  87]	13
13046.501083396535	4.129799999998795	trials	13047.471083396535	13048.252083396535	0.37	13048.588083396535	13049.058083396536	0	1	35	1	0	95	1	1	9	0	[123   9]	13
13051.570983396534	3.600000000000364	trials	13052.505983396533	13052.670983396534	0.43	13053.062983396534	13053.552983396534	0	1	11	2	0	24	1	3	9	0	[121 -76]	13
13056.330850063201	3.3149666666668054	trials	13057.208850063202	13057.9898500632	0.49	13058.447850063201		0	0	24	1	0	80	0	1	7	0	[ 95 -89]	13
13065.566116729868	4.2797333333328424	trials	13066.663116729867	13067.228116729868	0.425	13067.608116729867	13068.293116729868	0	1	17	1	0	41	1	1	9	0	[117  86]	13
13072.411216729866	3.509766666667929	trials	13073.250216729866	13073.397216729867	0.43	13073.783216729866	13074.318216729866	0	1	19	2	0	48	1	3	9	0	[139  -7]	13
13079.676183396534	4.02980000000025	trials	13080.553183396534	13081.335183396533	0.39	13081.693183396534	13082.128183396533	0	1	37	2	0	102	1	3	9	0	[119  80]	13
13084.775816729867	3.89486666666744	trials	13085.805816729868	13086.519816729868	0.415	13086.897816729866	13087.242816729868	0	1	28	0	0	64	1	1	0	0	[110  79]	13
13092.201183396533	4.879566666666506	trials	13093.243183396533	13094.141183396534	0.375	13095.238183396534	13095.593183396533	0	1	1	2	0	0	0	3	7	0	[-144  -52]	13
13098.911183396534	3.9997666666658915	trials	13099.729183396534	13100.344183396535	0.425	13100.723183396534	13101.273183396534	0	1	10	2	0	21	1	3	9	0	[ -9 110]	13
13103.600816729868	3.58986666666533	trials	13104.481816729867	13104.978816729868	0.395	13105.332816729868	13105.747816729869	0	1	32	0	0	85	1	1	0	0	[-117  -86]	13
13118.0060500632	4.494766666666692	trials	13118.955050063201	13119.9530500632	0.445	13120.358050063202	13120.893050063201	0	1	18	1	0	44	1	1	9	0	[114 -86]	13
13125.5760500632	3.7996000000002823	trials	13126.7090500632	13127.1730500632	0.425	13127.5580500632	13127.9230500632	0	1	35	0	0	94	1	1	0	0	[123   9]	13
13131.7910500632	3.6147333333337883	trials	13132.7450500632	13132.909050063201	0.445	13133.3180500632	13133.8680500632	0	1	25	1	0	56	1	1	8	0	[  8 102]	13
13136.405783396534	4.144866666665621	trials	13137.330783396534	13137.394783396534	0.39	13138.707783396534	13139.077783396535	0	1	5	0	0	0	0	1	8	0	[136  87]	13
13164.066016729867	3.87460000000101	trials	13165.161016729866	13165.642016729866	0.4	13166.013016729867	13166.468016729867	0	1	21	0	0	52	1	1	0	0	[-134  -83]	13
13168.905783396534	3.8800000000010186	trials	13169.662783396534	13170.210783396535	0.395	13170.572783396534	13171.152783396534	0	1	13	1	0	29	1	1	9	0	[-117   88]	13
13173.700783396534	4.09996666666666	trials	13174.531783396535	13175.179783396534	0.485	13175.632783396535	13176.227783396535	0	1	7	1	1	14	1	1	8	0	[136  87]	13
13179.905983396533	4.704633333334641	trials	13180.951983396533	13181.532983396533	0.31	13182.757983396534	13183.127983396533	0	1	1	1	0	0	0	1	7	0	[114  91]	13
13192.495983396533	3.7546333333339135	trials	13193.340983396532	13194.005983396533	0.42	13194.387983396533	13194.807983396533	0	1	19	0	0	46	1	1	0	0	[139  -7]	13
13197.245883396534	4.365033333333486	trials	13198.092883396534	13198.907883396534	0.435	13199.307883396534	13199.892883396535	0	1	39	2	1	108	1	3	9	0	[-90 -82]	13
13202.7057500632	3.685700000001816	trials	13203.7127500632	13203.7097500632	0.435	13204.1077500632	13204.6727500632	0	1	21	1	0	53	1	1	9	0	[-134  -83]	13
13207.2908500632	3.9756333333352813	trials	13208.4318500632	13208.5288500632	0.41	13208.9028500632	13209.4478500632	0	1	32	2	0	87	1	3	9	0	[-117  -86]	13
13213.696083396535	5.024633333332531	trials	13214.551083396535	13215.533083396534	0.365	13216.803083396535	13217.193083396534	0	1	9	2	0	0	0	3	9	0	[-136  -23]	13
13219.6557500632	4.924833333334391	trials	13220.7537500632	13221.201750063201	0.525	13222.702750063201	13223.1377500632	0	1	5	1	0	0	0	1	8	0	[136  87]	13
13225.5407500632	3.7098333333324263	trials	13226.356750063202	13227.0217500632	0.435	13227.4127500632	13227.812750063202	0	1	14	0	0	31	1	1	0	0	[141   6]	13
13238.490983396534	3.994733333334807	trials	13239.396983396535	13239.977983396533	0.455	13240.397983396533	13240.922983396535	0	1	17	1	0	41	1	1	9	0	[117  86]	13
13245.561083396533	4.079800000001342	trials	13246.350083396534	13246.998083396533	0.435	13247.398083396532	13247.963083396533	0	1	20	2	0	51	1	3	9	0	[-132   83]	13
13251.575950063201	5.2246999999988475	trials	13252.702950063202	13253.667950063202	1.19	13254.8229500632	13255.272950063201	0	1	0	11	0	0	0	1	4	1	[ 95 -89]	13
13257.915716729867	3.8848666666672216	trials	13259.055716729867	13259.603716729867	0.4	13259.967716729867	13260.362716729867	0	1	26	0	0	58	1	1	0	0	[-115   70]	13
13282.755816729867	4.305000000000291	trials	13283.517816729867	13284.465816729866	0.45	13284.872816729867	13285.392816729867	0	1	13	2	0	30	1	3	9	0	[-117   88]	13
13287.900683396534	4.385000000000218	trials	13289.020683396535	13289.751683396535	0.41	13290.122683396534	13290.717683396533	0	1	29	1	0	68	1	1	9	0	[-114   11]	13
13293.195683396534	4.340033333333849	trials	13294.172683396535	13295.070683396534	0.365	13295.397683396533	13295.957683396535	0	1	31	1	0	83	1	1	9	0	[-121   68]	13
13301.330916729868	3.999599999999191	trials	13302.259916729869	13303.041916729868	0.45	13303.452916729868	13303.877916729869	0	1	33	0	0	88	1	1	0	0	[134 -46]	13
13308.510916729869	3.9895999999989726	trials	13309.480916729868	13310.311916729868	0.415	13310.68291672987	13311.072916729869	0	1	4	0	1	7	1	1	0	0	[125 -18]	13
13315.915916729868	3.584600000000137	trials	13316.700916729867	13317.281916729868	0.4	13317.642916729868	13318.047916729867	0	1	18	0	1	43	1	1	0	0	[114 -86]	13
13325.910683396534	4.325000000000728	trials	13326.871683396534	13327.836683396534	0.405	13328.197683396535	13328.667683396534	0	1	37	1	0	101	1	1	9	0	[119  80]	13
13331.205783396534	4.689966666666805	trials	13332.357783396534	13333.305783396534	0.535	13333.802783396533	13334.327783396533	0	1	2	2	0	3	1	3	7	0	[114  91]	13
13342.420683396535	4.299999999999272	trials	13343.313683396535	13344.161683396534	0.385	13344.502683396535	13345.027683396534	0	1	39	1	0	107	1	1	9	0	[-90 -82]	13
13360.165650063202	3.6348333333335177	trials	13360.988650063202	13361.5366500632	0.425	13361.922650063201	13362.337650063202	0	1	8	0	0	16	1	1	0	0	[-115 -100]	13
13375.075983396535	4.460333333332528	trials	13376.195983396536	13376.743983396535	0.515	13377.227983396535	13377.777983396534	0	1	8	2	0	18	1	3	8	0	[-115 -100]	13
13382.7008500632	4.069633333334423	trials	13383.8158500632	13384.5638500632	0.4	13384.9278500632	13385.3328500632	0	1	31	0	0	82	1	1	0	0	[-121   68]	13
13387.5757500632	4.1299999999992	trials	13388.4847500632	13389.1997500632	0.42	13389.5827500632	13390.0727500632	0	1	31	2	1	84	1	3	9	0	[-121   68]	13
13394.1956500632	4.104833333334682	trials	13395.037650063201	13395.9866500632	0.61	13396.5626500632	13396.8626500632	0	1	6	0	0	10	1	1	0	0	[-13 111]	13
13402.430750063202	3.6049999999995634	trials	13403.191750063203	13403.389750063203	0.475	13403.822750063202	13404.457750063202	0	1	6	2	0	12	1	3	8	0	[-13 111]	13
13431.215716729868	4.229999999999563	trials	13432.055716729868	13432.803716729868	0.475	13433.242716729868	13433.812716729868	0	1	19	2	0	48	1	3	9	0	[139  -7]	13
13438.460816729868	4.869599999998172	trials	13439.576816729868	13440.440816729868	0.41	13441.597816729869	13441.887816729868	0	1	9	1	0	0	0	1	9	0	[ -9 110]	13
13451.205816729867	4.504800000000614	trials	13452.349816729868	13453.146816729868	0.38	13453.492816729868	13454.137816729868	0	1	18	1	0	44	1	1	9	0	[114 -86]	13
13456.610583396534	4.050600000000486	trials	13457.468583396534	13457.982583396533	0.505	13458.442583396534	13458.997583396535	0	1	8	1	0	17	1	1	8	0	[-115 -100]	13
13466.350816729868	3.9196000000010827	trials	13467.456816729868	13468.070816729867	0.425	13468.452816729869	13468.822816729868	0	1	34	0	1	91	1	1	0	0	[122 -81]	13
13471.560583396535	3.6948666666667123	trials	13472.625583396535	13472.956583396535	0.43	13473.352583396534	13473.772583396534	0	1	17	0	0	40	1	1	0	0	[117  86]	13
13476.455583396535	4.414999999999054	trials	13477.511583396536	13478.425583396534	0.435	13478.817583396534	13479.337583396535	0	1	22	1	0	74	1	1	7	0	[126  82]	13
13484.400816729867	4.619766666666692	trials	13485.415816729866	13486.413816729868	0.635	13487.007816729867	13487.482816729867	0	1	28	1	0	65	1	1	9	0	[110  79]	13
13490.480783396535	4.399766666665528	trials	13491.334783396534	13492.332783396536	0.435	13492.727783396535	13493.262783396534	0	1	21	1	0	53	1	1	9	0	[-134  -83]	13
13495.830550063201	3.8148333333338087	trials	13496.6035500632	13497.535550063201	0.335	13497.832550063202	13498.197550063202	0	1	16	0	0	37	1	1	0	0	[-108   82]	13
13501.985916729867	3.534766666667565	trials	13502.906916729868	13503.087916729868	0.38	13503.437916729867	13503.887916729867	0	1	36	2	0	99	1	3	9	0	[-115   77]	13
13506.435550063201	3.739833333333081	trials	13507.3085500632	13508.0235500632	0.395	13508.3775500632	13508.7475500632	0	1	11	0	0	22	1	1	0	0	[121 -76]	13
13511.220650063202	4.784899999998743	trials	13512.177650063202	13513.009650063203	0.415	13514.197650063203	13514.492650063203	0	1	5	2	0	0	0	3	8	0	[-13 111]	13
